num_path,num_step,cue,best_word,temporary_best_word,q-value,current_word,neighbours,similarity,adequacy,originality,likeability,likeability_to_cue,goal_value
1,0,faim,faim,faim,0.0,faim_0,satiété,0.7405838966369629,1.0,0.19361345109463546,0.7692064515913658,0.0,0.9843744876780282
1,0,faim,faim,faim,0.0,faim_0,affamer,0.7816771864891052,0.9249863288831701,0.24902898753601702,0.7313540675464344,0.0,0.9843744876780282
1,1,faim,satiété,satiété,0.4462079909783344,satiété_1,fringale,0.5464977025985718,0.9137704059275382,0.3076042949711666,0.745087321917621,0.8341090464087327,0.9843744876780282
1,1,faim,satiété,satiété,0.4462079909783344,satiété_1,appétit,0.5370883345603943,0.9547700534442728,0.38078375198341924,0.7966971203644118,0.8341090464087327,0.9843744876780282
1,2,faim,appétit,appétit,0.8992886491499303,appétit_2,rassasier,0.45812687277793884,0.9377245849393123,0.35323940987843067,0.7809989437412821,0.7979674419443709,0.9113733787949074
1,2,faim,appétit,appétit,0.8992886491499303,appétit_2,estomac,0.3696819841861725,0.8063124029671702,0.36481693842384977,0.6903670633652282,0.7979674419443709,0.9113733787949074
1,3,faim,rassasier,rassasier,0.366695040386524,rassasier_3,fringale,0.30501866340637207,0.8406065709298206,0.38632320569349854,0.7182171975853272,0.7791081260439768,0.843786024498962
1,3,faim,rassasier,rassasier,0.366695040386524,rassasier_3,manger,0.3325159251689911,0.8676138945958575,0.5449135201418648,0.7863400282605764,0.7791081260439768,0.843786024498962
1,4,faim,satiété,manger,0.8523335413269276,manger,,,,,,0.7720788969304124,0.7812109413171519
