num_path,num_step,cue,best_word,temporary_best_word,q-value,current_word,neighbours,similarity,adequacy,originality,likeability,likeability_to_cue,goal_value
1,0,lutte,lutte,lutte,0.0,lutte_0,répression,0.7244123220443726,1.0,0.20896110302680704,0.7736866308641805,0.0,0.9843744876780282
1,0,lutte,lutte,lutte,0.0,lutte_0,criminalisation,0.7229515314102173,0.9015939583666214,0.23889339379364366,0.7090179834467488,0.0,0.9843744876780282
1,1,lutte,répression,répression,0.4473280357965381,répression_1,criminaliser,0.5525439977645874,0.8374284804602468,0.2906504858159297,0.6891371192664818,0.7898901124279257,0.9843744876780282
1,1,lutte,répression,répression,0.4473280357965381,répression_1,insurrectionnel,0.5144903063774109,0.9544526816555421,0.29477001418255844,0.7745733860772124,0.7898901124279257,0.9843744876780282
1,2,lutte,insurrectionnel,insurrectionnel,0.8948777603963342,insurrectionnel_2,soulèvement,0.3720426559448242,0.7946901983061363,0.45901200574846823,0.7104304348785191,0.764490051037737,0.9113733787949074
1,2,lutte,insurrectionnel,insurrectionnel,0.8948777603963342,insurrectionnel_2,soulèvement,0.3720426559448242,0.8736901983061363,0.5090120057484682,0.7797339663154929,0.764490051037737,0.9113733787949074
1,3,lutte,soulèvement,soulèvement,1.3619679072764805,soulèvement_3,révolte,0.27834317088127136,0.9577658516191991,0.44084649107427093,0.8243167344170408,0.7530503116498577,0.843786024498962
1,3,lutte,soulèvement,soulèvement,1.3619679072764805,soulèvement_3,oppression,0.2492501586675644,0.9530057950252082,0.5913580223154329,0.86289827547513,0.7530503116498577,0.843786024498962
1,4,lutte,oppression,oppression,1.8667459700205224,oppression,,,,,,0.791818715056736,0.7812109413171519
