num_path,num_step,cue,best_word,temporary_best_word,q-value,current_word,neighbours,similarity,adequacy,originality,likeability,likeability_to_cue,goal_value
1,0,mari,mari,mari,0.0,mari_0,épouser,0.8045889735221863,0.9963685841108921,0.09796701742090168,0.709052174671752,0.0,0.9843744876780282
1,0,mari,mari,mari,0.0,mari_0,fille,0.8172264695167542,0.9970306487989524,0.03556862388034163,0.6725185158679845,0.0,0.9843744876780282
1,1,mari,épouser,épouser,0.431169421748431,épouser_1,fiancé,0.6098909378051758,0.9955815477400008,0.2356790990513136,0.7880056292843068,0.785027433294261,0.9843744876780282
1,1,mari,épouser,épouser,0.431169421748431,épouser_1,petite-fille,0.6106756925582886,0.8196943835917928,0.36017834544731775,0.7007742023074389,0.785027433294261,0.9843744876780282
1,2,mari,fiancé,fiancé,0.8820772071500007,fiancé_2,fiancée,0.5004137754440308,0.895041377629414,0.3692207443423875,0.7550384316716582,0.7972855563694965,0.9113733787949074
1,2,mari,fiancé,fiancé,0.8820772071500007,fiancé_2,épouse,0.5607086420059204,0.9383393570974966,0.24533117940917765,0.7438555619669492,0.7972855563694965,0.9113733787949074
1,3,mari,fiancée,fiancée,0.34299347036918837,fiancée_3,amie,0.31981128454208374,0.8899606935975685,0.4181695574189536,0.7658641258956396,0.7638043001660437,0.843786024498962
1,3,mari,fiancée,fiancée,0.34299347036918837,fiancée_3,marier,0.36821410059928894,0.9450748564488125,0.4909417602536587,0.8268479632343954,0.7638043001660437,0.843786024498962
1,4,mari,fiancé,marier,0.8387589550530468,marier,,,,,,0.7922619023732943,0.7812109413171519
