num_path,num_step,cue,best_word,temporary_best_word,q-value,current_word,neighbours,similarity,adequacy,originality,likeability,likeability_to_cue,goal_value
1,0,toit,toit,toit,0.0,toit_0,tuile,0.8125631213188171,0.9658996014531686,0.14167578209473586,0.7225661564870626,0.0,0.9843744876780282
1,0,toit,toit,toit,0.0,toit_0,toiture,0.8157349228858948,1.0,0.07056348544820817,0.716496545541777,0.0,0.9843744876780282
1,1,toit,tuile,tuile,0.4345479172022586,tuile_1,appentis,0.6611743569374084,1.0,0.3331081752972015,0.8195866240156974,0.682314359917969,0.9843744876780282
1,1,toit,tuile,tuile,0.4345479172022586,tuile_1,essentage,0.6196627020835876,0.9170224337869127,0.26545073183666723,0.7363797179502535,0.682314359917969,0.9843744876780282
1,2,toit,appentis,appentis,0.893350951286676,appentis_2,moellon,0.537245512008667,0.8307865528287911,0.28068025242371153,0.6844270167945267,0.7177411579828894,0.9113733787949074
1,2,toit,appentis,appentis,0.893350951286676,appentis_2,faîtage,0.5208533406257629,0.8230962160484466,0.4135281763706442,0.7189872905688746,0.7177411579828894,0.9113733787949074
1,3,toit,faîtage,faîtage,0.3452544292301678,faîtage_3,essentage,0.407866895198822,0.9298482022926853,0.4762030093355368,0.8101273214540883,0.7668139675506049,0.843786024498962
1,3,toit,faîtage,faîtage,0.3452544292301678,faîtage_3,arêtier,0.4024578034877777,0.9491321044035765,0.4561836343146911,0.8200173466310816,0.7668139675506049,0.843786024498962
1,4,toit,faîtage,arêtier,0.8393122597631977,arêtier,,,,,,0.7371144140527239,0.7812109413171519
