num_path,num_step,cue,best_word,temporary_best_word,q-value,current_word,neighbours,similarity,adequacy,originality,likeability,likeability_to_cue,goal_value
1,0,jeunesse,jeunesse,jeunesse,0.0,jeunesse_0,associative,0.7813897728919983,0.9208755769318415,0.08221670451885306,0.6571221572132291,0.0,0.9843744876780282
1,0,jeunesse,jeunesse,jeunesse,0.0,jeunesse_0,jeune,0.7482715249061584,0.9491909282611917,0.11867483497041048,0.6873964762326523,0.0,0.9843744876780282
1,1,jeunesse,jeune,jeune,0.425755497138656,jeune_1,jeuness,0.5523116588592529,0.8544029475172198,0.3388021820034499,0.7182319427992834,0.7729397367130482,0.9843744876780282
1,1,jeunesse,jeune,jeune,0.425755497138656,jeune_1,ados,0.5062032341957092,0.8186206098609653,0.40032231759593695,0.7121500182178818,0.7729397367130482,0.9843744876780282
1,2,jeunesse,jeuness,jeuness,0.8592198609189698,jeuness_2,cnj,0.34832435846328735,0.8476451870378043,0.3573771200997262,0.7167414419775718,0.7881988446931769,0.9113733787949074
1,2,jeunesse,jeuness,jeuness,0.8592198609189698,jeuness_2,pij,0.395065039396286,0.8441199337546108,0.5046616724738234,0.7572924398718572,0.7881988446931769,0.9113733787949074
1,3,jeunesse,pij,pij,1.3206996261882074,pij_3,associative,0.238035187125206,0.9212305393308466,0.5354713808956483,0.8226818105000482,0.7749141438150996,0.843786024498962
1,3,jeunesse,pij,pij,1.3206996261882074,pij_3,cyb,0.32430341839790344,0.9699219876202249,0.390524329036233,0.8157916650215773,0.7749141438150996,0.843786024498962
1,4,jeunesse,jeuness,associative,1.8154235726884789,associative,,,,,,0.7170064903031863,0.7812109413171519
