num_path,num_step,cue,best_word,temporary_best_word,q-value,current_word,neighbours,similarity,adequacy,originality,likeability,likeability_to_cue,goal_value
1,0,passage,passage,passage,0.0,passage_0,emprunter,0.7243566513061523,0.8629874997686338,0.2659966393488337,0.699130295584219,0.0,0.9843744876780282
1,0,passage,passage,passage,0.0,passage_0,traverser,0.7643849849700928,0.9286149271124345,0.2202748116248358,0.732308695779295,0.0,0.9843744876780282
1,1,passage,traverser,traverser,0.4369835520253167,traverser_1,emprunter,0.5672428607940674,0.9710891406504776,0.38408944680800094,0.8123829096942174,0.7321067538452651,0.9843744876780282
1,1,passage,traverser,traverser,0.4369835520253167,traverser_1,longer,0.6131823062896729,0.9850581008849194,0.21157955592875305,0.7748741732215869,0.7321067538452651,0.9843744876780282
1,2,passage,emprunter,emprunter,0.893985657529364,emprunter_2,sinueux,0.38673534989356995,0.8359298645330199,0.4838873884195804,0.7464055302288622,0.7481124101723969,0.9113733787949074
1,2,passage,emprunter,emprunter,0.893985657529364,emprunter_2,goudronner,0.39986175298690796,0.8807811915226436,0.33810231043590394,0.7381981792134911,0.7481124101723969,0.9113733787949074
1,3,passage,sinueux,sinueux,0.35274369538785266,sinueux_3,jalonner,0.274687796831131,0.8777430516677067,0.5999961877029417,0.8078609488493174,0.7231492676809199,0.843786024498962
1,3,passage,sinueux,sinueux,0.35274369538785266,sinueux_3,jalonner,0.274687796831131,0.7707430516677067,0.6069961877029417,0.7304011840029305,0.7231492676809199,0.843786024498962
1,4,passage,emprunter,jalonner,0.8437624264754415,jalonner,,,,,,0.7444691652486309,0.7812109413171519
