num_path,num_step,cue,best_word,temporary_best_word,q-value,current_word,neighbours,similarity,adequacy,originality,likeability,likeability_to_cue,goal_value
1,0,appel,appel,appel,0.0,appel_0,candidature,0.7032538652420044,0.8414016075600391,0.2914332489640013,0.696107386641949,0.0,0.9843744876780282
1,0,appel,appel,appel,0.0,appel_0,cour,0.7011448740959167,1.0,0.2097729386619438,0.7784163020641103,0.0,0.9843744876780282
1,1,appel,cour,cour,0.44851045359652053,cour_1,arrêt,0.539878785610199,0.910063982479779,0.24794768913240212,0.725222054530624,0.804854653243807,0.9843744876780282
1,1,appel,cour,cour,0.44851045359652053,cour_1,statuer,0.5466936230659485,0.9167915293224209,0.2764759751159801,0.7338739057017691,0.804854653243807,0.9843744876780282
1,2,appel,statuer,statuer,-0.1141146918975442,statuer_2,préjudiciel,0.40051618218421936,0.8088701050222372,0.35861813169252976,0.6870396750328411,0.7783788608210228,0.9113733787949074
1,2,appel,statuer,statuer,-0.1141146918975442,statuer_2,pourvoi,0.48687028884887695,0.9796843127785952,0.3324067840666912,0.8027770043069107,0.7783788608210228,0.9113733787949074
1,3,appel,pourvoi,pourvoi,0.3587362144804566,pourvoi_3,cassation,0.4684552848339081,0.9208078614795014,0.4460571445857934,0.7996115069439412,0.7322557206731732,0.843786024498962
1,3,appel,pourvoi,pourvoi,0.3587362144804566,pourvoi_3,défendeur,0.34447142481803894,0.8769326199365192,0.46341012373289175,0.7689645213917613,0.7322557206731732,0.843786024498962
1,4,appel,cour,cassation,-0.15230741490829863,cassation,,,,,,0.7323609551678495,0.7812109413171519
