num_path,num_step,cue,best_word,temporary_best_word,q-value,current_word,neighbours,similarity,adequacy,originality,likeability,likeability_to_cue,goal_value
1,0,école,école,école,0.0,école_0,élève,0.791438639163971,1.0,0.10163615253250806,0.7151143620430885,0.0,0.9843744876780282
1,0,école,école,école,0.0,école_0,écol,0.8098630309104919,0.8976881381985125,0.17947046398856734,0.6899418254146075,0.0,0.9843744876780282
1,1,école,élève,élève,0.4326849685912651,élève_1,lycée,0.5866946578025818,0.9194513784606082,0.3005342999559881,0.7560831967500274,0.6668933859518477,0.9843744876780282
1,1,école,élève,élève,0.4326849685912651,élève_1,classe,0.5964384078979492,1.0,0.3062807100284307,0.8099956383945864,0.6668933859518477,0.9843744876780282
1,2,école,classe,classe,0.8890902562704046,classe_2,enseignant,0.47784700989723206,0.9097716549617181,0.32058139290699383,0.7488182271318595,0.8197189017537085,0.9113733787949074
1,2,école,classe,classe,0.8890902562704046,classe_2,lycée,0.435107946395874,0.9421828837791107,0.37749151036322387,0.7949516056236259,0.8197189017537085,0.9113733787949074
1,3,école,lycée,lycée,0.3599848129775842,lycée_3,terminale,0.28351515531539917,0.8621766621119646,0.5304165477481242,0.7793686387222556,0.7101231795480878,0.843786024498962
1,3,école,lycée,lycée,0.3599848129775842,lycée_3,pédagogique,0.29209017753601074,0.9034243624525531,0.5631393601078813,0.816703344112953,0.7101231795480878,0.843786024498962
1,4,école,pédagogique,pédagogique,0.853214142881082,pédagogique,,,,,,0.8433067632289111,0.7812109413171519
