num_path,num_step,cue,best_word,temporary_best_word,q-value,current_word,neighbours,similarity,adequacy,originality,likeability,likeability_to_cue,goal_value
1,0,genre,genre,genre,0.0,genre_0,franchement,0.7651463747024536,0.877883212902514,0.10178160731686198,0.6557584473239046,0.0,0.9843744876780282
1,0,genre,genre,genre,0.0,genre_0,sous-genre,0.7584779262542725,0.9825707449663699,0.21409554589315066,0.7691693895828551,0.0,0.9843744876780282
1,1,genre,sous-genre,sous-genre,0.44619872547620676,sous-genre_1,roman,0.498556524515152,0.9008556488423273,0.38247486836146954,0.7676487098419233,0.7180514049845537,0.9843744876780282
1,1,genre,sous-genre,sous-genre,0.44619872547620676,sous-genre_1,horrifique,0.4852345287799835,0.8025195898915877,0.25852280743626965,0.6557957184671825,0.7180514049845537,0.9843744876780282
1,2,genre,roman,roman,-0.10798271898281941,roman_2,science-fiction,0.40390998125076294,0.9653263255176198,0.4661126991679824,0.8351863666679462,0.8115756732379341,0.9113733787949074
1,2,genre,roman,roman,-0.10798271898281941,roman_2,fantastique,0.4111159145832062,0.9862689297291228,0.44882296187026316,0.8454186377746631,0.8115756732379341,0.9113733787949074
1,3,genre,roman,fantastique,0.3755285957621195,fantastique,,,,,,0.7881141160786097,0.843786024498962
