num_path,num_step,cue,best_word,temporary_best_word,q-value,current_word,neighbours,similarity,adequacy,originality,likeability,likeability_to_cue,goal_value
1,0,flamme,flamme,flamme,0.0,flamme_0,étincelle,0.8116170763969421,0.9574732747329001,0.07030495438543932,0.6934600860406452,0.0,0.9843744876780282
1,0,flamme,flamme,flamme,0.0,flamme_0,enflammer,0.8182192444801331,1.0,0.06690588661330027,0.7284808405018393,0.0,0.9843744876780282
1,1,flamme,enflammer,enflammer,0.43602658820595275,enflammer_1,étincelle,0.6240772604942322,0.9896999541611138,0.32764154576279386,0.8114856758670647,0.795596801964802,0.9843744876780282
1,1,flamme,enflammer,enflammer,0.43602658820595275,enflammer_1,embrasement,0.575828492641449,0.8401060622505623,0.20853525213008312,0.6603318520231307,0.795596801964802,0.9843744876780282
1,2,flamme,étincelle,étincelle,0.8928043852532119,étincelle_2,brûler,0.48935985565185547,0.8119345400461822,0.31771100290251963,0.6800295168026705,0.6535710486994899,0.9113733787949074
1,2,flamme,étincelle,étincelle,0.8928043852532119,étincelle_2,embrasement,0.41792193055152893,0.967128659875088,0.41786337140717533,0.8188493700923152,0.6535710486994899,0.9113733787949074
1,3,flamme,embrasement,embrasement,1.3696733830775638,embrasement_3,crépiter,0.30134645104408264,0.9057272316740844,0.4643767092694077,0.7941068538856576,0.713683450006838,0.843786024498962
1,3,flamme,embrasement,embrasement,1.3696733830775638,embrasement_3,crépiter,0.30134645104408264,0.9297272316740843,0.49537670926940774,0.8192559064856291,0.713683450006838,0.843786024498962
1,4,flamme,enflammer,crépiter,1.8635408535742306,crépiter,,,,,,0.6578014128909838,0.7812109413171519
