num_path,num_step,cue,best_word,temporary_best_word,q-value,current_word,neighbours,similarity,adequacy,originality,likeability,likeability_to_cue,goal_value
1,0,herbe,herbe,herbe,0.0,herbe_0,graminée,0.7433316111564636,0.9656224384634673,0.19084986515479518,0.7453270982124611,0.0,0.9843744876780282
1,0,herbe,herbe,herbe,0.0,herbe_0,sarcler,0.7570017576217651,0.8680701052860106,0.2310488188255468,0.6894001072252037,0.0,0.9843744876780282
1,1,herbe,graminée,graminée,0.4402381526336082,graminée_1,fétuque,0.6294647455215454,0.8205504435664295,0.2712165897669152,0.6727674323564891,0.7592417492846721,0.9843744876780282
1,1,herbe,graminée,graminée,0.4402381526336082,graminée_1,phacélie,0.5861179828643799,0.933378211162581,0.37990509961130803,0.782599701880686,0.7592417492846721,0.9843744876780282
1,2,herbe,phacélie,phacélie,0.8897944561842727,phacélie_2,fétuque,0.5075346231460571,0.8417539756082091,0.29542810814056497,0.6911996434684021,0.8003971056128374,0.9113733787949074
1,2,herbe,phacélie,phacélie,0.8897944561842727,phacélie_2,vesce,0.48435935378074646,0.8834313439760212,0.37912050673572406,0.7514856033158666,0.8003971056128374,0.9113733787949074
1,3,herbe,vesce,vesce,0.34982251231451245,vesce_3,lotier,0.3502633571624756,0.9659976302155495,0.47985612675934963,0.8370741147695308,0.7696315205475778,0.843786024498962
1,3,herbe,vesce,vesce,0.34982251231451245,vesce_3,pâturin,0.40804076194763184,0.8608708920773926,0.4510754377667126,0.7573934467642198,0.7696315205475778,0.843786024498962
1,4,herbe,lotier,lotier,0.8481445348821546,lotier,,,,,,0.8405350539174166,0.7812109413171519
