num_path,num_step,cue,best_word,temporary_best_word,q-value,current_word,neighbours,similarity,adequacy,originality,likeability,likeability_to_cue,goal_value
1,0,mer,mer,mer,0.0,mer_0,littoral,0.7414237260818481,0.9250281512360872,0.1440745976786039,0.698834521679473,0.0,0.9843744876780282
1,0,mer,mer,mer,0.0,mer_0,golfe,0.7392196655273438,1.0,0.2544884397869353,0.792173710351199,0.0,0.9843744876780282
1,1,mer,golfe,golfe,0.4519498056682927,golfe_1,persique,0.5492071509361267,1.0,0.3268309353313902,0.8152885172600399,0.664843392179185,0.9843744876780282
1,1,mer,golfe,golfe,0.4519498056682927,golfe_1,atlantique,0.5034105777740479,0.8683411053837803,0.31020074817671606,0.7166061244680467,0.664843392179185,0.9843744876780282
1,2,mer,persique,persique,0.9096783130637957,persique_2,pétromonarchie,0.34550151228904724,0.864124736833016,0.45259784754608956,0.7598693279684108,0.8185033611343145,0.9113733787949074
1,2,mer,persique,persique,0.9096783130637957,persique_2,omanais,0.3574439287185669,0.8132679235579279,0.4822544353605702,0.7278402126543724,0.8185033611343145,0.9113733787949074
1,3,mer,pétromonarchie,pétromonarchie,0.37180230035717143,pétromonarchie_3,arabo-,0.25042101740837097,0.8883866712171815,0.625311326438741,0.8234407854091774,0.8088169929481547,0.843786024498962
1,3,mer,pétromonarchie,pétromonarchie,0.37180230035717143,pétromonarchie_3,omanais,0.2482834756374359,0.7926894717026722,0.4842234877128028,0.7147638968197628,0.8088169929481547,0.843786024498962
1,4,mer,arabo-,arabo-,0.8667159905847253,arabo-,,,,,,0.8309682258427119,0.7812109413171519
