num_path,num_step,cue,best_word,temporary_best_word,q-value,current_word,neighbours,similarity,adequacy,originality,likeability,likeability_to_cue,goal_value
1,0,horizon,horizon,horizon,0.0,horizon_0,avenir,0.72565096616745,0.8863528287749147,0.17117029907080974,0.5440407872846763,0.0,1.0829030646369442
1,0,horizon,horizon,horizon,0.0,horizon_0,avenir,0.72565096616745,1.0,0.12817029907080973,0.5634866533884234,0.0,1.0829030646369442
1,1,horizon,avenir,avenir,0.37014589718786983,avenir_1,enjeu,0.509885311126709,0.9419896902963936,0.2938513618402716,0.6315349872022411,0.5886407006021208,1.0829030646369442
1,1,horizon,avenir,avenir,0.37014589718786983,avenir_1,futur,0.5589732527732849,0.8591434450437131,0.24445996561103783,0.5660126930199895,0.5886407006021208,1.0829030646369442
1,2,horizon,enjeu,enjeu,0.7573038778291941,enjeu_2,sociétal,0.35254696011543274,0.8494075166243193,0.5370693930762261,0.6995240524680612,0.7563841452842962,1.0165279525542863
1,2,horizon,enjeu,enjeu,0.7573038778291941,enjeu_2,sociétal,0.35254696011543274,0.8764075166243194,0.3540693930762261,0.6235362163314315,0.7563841452842962,1.0165279525542863
1,3,horizon,sociétal,sociétal,1.1780529028076376,sociétal_3,politique,0.267924964427948,0.9087933507671618,0.5258649985765912,0.7222585302796427,0.7469260828373172,0.9542212152392835
1,3,horizon,sociétal,sociétal,1.1780529028076376,sociétal_3,ambition,0.28328394889831543,0.8631144914623319,0.5006139226230389,0.6885901081056508,0.7469260828373172,0.9542212152392835
1,4,horizon,politique,politique,1.6200622315677276,politique_4,mondialisation,0.18295833468437195,0.777054743025981,0.5125657661589323,0.6495133381501276,0.7176284461817558,0.8957334870376906
1,4,horizon,politique,politique,1.6200622315677276,politique_4,débat,0.19102346897125244,0.751706058511478,0.5376742361200639,0.6488877428920938,0.7176284461817558,0.8957334870376906
1,5,horizon,mondialisation,mondialisation,1.0585071943458368,mondialisation_5,débat,0.21180438995361328,0.9204565440681253,0.6597645037468283,0.7939442518247768,0.6827489626065816,0.8408306868334549
1,5,horizon,mondialisation,mondialisation,1.0585071943458368,mondialisation_5,économique,0.27491146326065063,0.8858062541550948,0.5748030130464972,0.7371457113933446,0.6827489626065816,0.8408306868334549
1,6,horizon,enjeu,débat,1.5467855855936672,débat,,,,,,0.6930524899357937,0.7892930812031487
