num_path,num_step,cue,best_word,temporary_best_word,q-value,current_word,neighbours,similarity,adequacy,originality,likeability,similarity_to_cue,adequacy_to_cue,originality_to_cue,likeability_to_cue,goal_value
1,0,preuve,preuve,preuve,0.0,preuve_0,prouver,0.8702208399772644,0.9829145877470796,0.10949492404148374,0.9951776440004828,1.0,1.0,0.0,0.0,1.0211766103834476
1,0,preuve,preuve,preuve,0.0,preuve_0,prouver,0.8702208399772644,1.0,0.09849492404148374,1.0126906552576538,1.0,1.0,0.0,0.0,1.0211766103834476
1,0,preuve,preuve,preuve,0.0,preuve_0,présomption,0.733182966709137,0.8495332882454381,0.13035549163943266,0.8589951466578946,1.0,1.0,0.0,0.0,1.0211766103834476
1,0,preuve,preuve,preuve,0.0,preuve_0,irréfutable,0.8114277124404907,0.9393881809450954,0.18643084507954527,0.9485868493260432,1.0,1.0,0.0,0.0,1.0211766103834476
1,0,preuve,preuve,preuve,0.0,preuve_0,démontrer,0.8149803280830383,0.945998056241677,0.18306642054986827,0.9551287821938217,1.0,1.0,0.0,0.0,1.0211766103834476
1,1,preuve,prouver,prouver,0.49787851121855153,prouver_1,persuader,0.5589165687561035,0.8731370676264054,0.2254968521286303,0.8807540388447338,0.740443229675293,0.8667252009124853,0.16570369083295033,0.8757534479810739,1.0211766103834476
1,1,preuve,prouver,prouver,0.49787851121855153,prouver_1,douter,0.5884969234466553,0.9426813905508753,0.2623759621191345,0.9511835098099864,0.740443229675293,0.8667252009124853,0.16570369083295033,0.8757534479810739,1.0211766103834476
1,1,preuve,prouver,prouver,0.49787851121855153,prouver_1,incontestable,0.580808699131012,0.870714091326095,0.27832279729496445,0.8773687690504713,0.740443229675293,0.8667252009124853,0.16570369083295033,0.8757534479810739,1.0211766103834476
1,1,preuve,prouver,prouver,0.49787851121855153,prouver_1,irréfutable,0.6640504598617554,0.8357030660959951,0.3172865695594369,0.8416503938657568,0.740443229675293,0.8667252009124853,0.16570369083295033,0.8757534479810739,1.0211766103834476
1,1,preuve,prouver,prouver,0.49787851121855153,prouver_1,irréfutable,0.6640504598617554,0.9467030660959951,0.2732865695594369,0.9547085475879629,0.740443229675293,0.8667252009124853,0.16570369083295033,0.8757534479810739,1.0211766103834476
1,2,preuve,irréfutable,irréfutable,-0.018738504480319662,irréfutable,,,,,,0.6228569149971008,0.9695109479229481,0.30741784759125895,0.9772877518301386,0.9361192064837709
