num_path,num_step,cue,best_word,temporary_best_word,q-value,current_word,neighbours,similarity,adequacy,originality,likeability,similarity_to_cue,adequacy_to_cue,originality_to_cue,likeability_to_cue,goal_value
1,0,table,table,table,0.0,table_0,rond,0.6174782514572144,0.9746934256388398,0.20784179828560873,0.7028804694201021,1.0,1.0,0.0,0.0,1.0781376093040251
1,0,table,table,table,0.0,table_0,plat,0.38257262110710144,0.8293141880809173,0.5010203922602009,0.7223813627103549,1.0,1.0,0.0,0.0,1.0781376093040251
1,1,table,plat,plat,0.4110609383515824,plat_1,cuisine,0.5349381566047668,0.9375449934127201,0.3002005889250824,0.7265613499961568,0.38257262110710144,0.9543141880809174,0.42102039226020094,0.7753831165256027,1.0781376093040251
1,1,table,plat,plat,0.4110609383515824,plat_1,rond,0.5139679908752441,0.9584000693534857,0.3941190197406658,0.774209229441645,0.38257262110710144,0.9543141880809174,0.42102039226020094,0.7753831165256027,1.0781376093040251
1,2,table,rond,rond,0.8350788433859874,rond_2,cuisine,0.42382368445396423,0.9138519224984307,0.33359073990068544,0.7138440378647813,0.6174782514572144,0.8436934256388398,0.23084179828560872,0.6278130021081461,0.9782843959043211
1,2,table,rond,rond,0.8350788433859874,rond_2,verre,0.3840620219707489,0.8095361298344671,0.41989773567487554,0.6821444108405893,0.6174782514572144,0.8436934256388398,0.23084179828560872,0.6278130021081461,0.9782843959043211
1,3,table,cuisine,cuisine,0.2689687538761024,cuisine_3,restaurant,0.47600603103637695,0.9275840268064524,0.35684676347759625,0.7342741337847987,0.34569957852363586,0.8671615417188879,0.4574417795691066,0.7313206640346718,0.8876792266691123
1,3,table,cuisine,cuisine,0.2689687538761024,cuisine_3,repas,0.459751695394516,0.9938969304082074,0.43210518675262405,0.8093083954974163,0.34569957852363586,0.8671615417188879,0.4574417795691066,0.7313206640346718,0.8876792266691123
1,4,table,plat,repas,0.7493760460831784,repas,,,,,,0.32958418130874634,0.7990194504499873,0.4702656352986852,0.6925015599425195,0.8054655811324412
