num_path,num_step,cue,best_word,temporary_best_word,q-value,current_word,neighbours,similarity,adequacy,originality,likeability,likeability_to_cue,goal_value
1,0,gauche,gauche,gauche,0.0,gauche_0,gaucheâ ¦,0.7679088115692139,0.9458659093143718,0.12899073995428337,0.6184083077556618,0.0,0.9936804597614536
1,0,gauche,gauche,gauche,0.0,gauche_0,ps,0.771690845489502,1.0,0.07453510392580073,0.6358842440528255,0.0,0.9936804597614536
1,0,gauche,gauche,gauche,0.0,gauche_0,parti,0.790158748626709,0.9973307639116701,0.1954763324243763,0.6792158933726932,0.0,0.9936804597614536
1,1,gauche,parti,parti,0.4213838584028099,parti_1,communiste,0.6170268058776855,0.9286259374948217,0.3191293673114402,0.7052174507790369,0.7170711882790536,0.9936804597614536
1,1,gauche,parti,parti,0.4213838584028099,parti_1,extrême-gauche,0.6096341609954834,0.8295447330936738,0.327842971561459,0.6451777843505245,0.7170711882790536,0.9936804597614536
1,1,gauche,parti,parti,0.4213838584028099,parti_1,sociaux-libéral,0.5997053980827332,0.9201599653530735,0.3391885539188641,0.7065716669383739,0.7170711882790536,0.9936804597614536
1,2,gauche,sociaux-libéral,sociaux-libéral,0.84960666019704,sociaux-libéral_2,extrême-gauche,0.4616793692111969,0.8461004096508713,0.3177616798310586,0.660321400008034,0.6804218290672914,0.8811815747034761
1,2,gauche,sociaux-libéral,sociaux-libéral,0.84960666019704,sociaux-libéral_2,anticapitaliste,0.450707346200943,0.8599270110996412,0.46143986754419075,0.7235623203380386,0.6804218290672914,0.8811815747034761
1,2,gauche,sociaux-libéral,sociaux-libéral,0.84960666019704,sociaux-libéral_2,droite,0.44547900557518005,0.8923534216297434,0.376125838831594,0.7074275162130365,0.6804218290672914,0.8811815747034761
1,3,gauche,anticapitaliste,anticapitaliste,1.3102018466056806,anticapitaliste_3,social-démocratie,0.36661145091056824,0.8158131653746057,0.4321720551076003,0.6839815005105753,0.6836863728859932,0.7814191775324864
1,3,gauche,anticapitaliste,anticapitaliste,1.3102018466056806,anticapitaliste_3,sociale-libéral,0.36922237277030945,0.9452382428705726,0.4691689263286891,0.7814741412138921,0.6836863728859932,0.7814191775324864
1,3,gauche,anticapitaliste,anticapitaliste,1.3102018466056806,anticapitaliste_3,progressiste,0.3536754548549652,0.7846080220677417,0.523188254191605,0.6964091257888796,0.6836863728859932,0.7814191775324864
1,4,gauche,parti,sociale-libéral,1.8102155875260322,sociale-libéral,,,,,,0.6096679715494131,0.692951315080577
