num_path,num_step,cue,best_word,temporary_best_word,q-value,current_word,neighbours,similarity,adequacy,originality,likeability,likeability_to_cue,goal_value
1,0,lutte,lutte,lutte,0.0,lutte_0,éradiquer,0.7543566226959229,0.9971830837486398,0.19775551027463453,0.7011162392651057,0.0,0.9936804597614536
1,0,lutte,lutte,lutte,0.0,lutte_0,répression,0.7244123220443726,0.9810031573994252,0.20096110302680703,0.6765440144999835,0.0,0.9936804597614536
1,0,lutte,lutte,lutte,0.0,lutte_0,discrimination,0.7198278903961182,1.0,0.24788573471624692,0.7227918370114446,0.0,0.9936804597614536
1,1,lutte,discrimination,discrimination,0.4322778443124977,discrimination_1,sexisme,0.5113272666931152,0.9141344707100428,0.39888544504119344,0.7319595090559134,0.6841031553937276,0.9936804597614536
1,1,lutte,discrimination,discrimination,0.4322778443124977,discrimination_1,discriminer,0.49930641055107117,0.8899306406547121,0.3759682933114391,0.7108236105723739,0.6841031553937276,0.9936804597614536
1,1,lutte,discrimination,discrimination,0.4322778443124977,discrimination_1,sexisme,0.5113272666931152,0.8321344707100429,0.34588544504119345,0.6535663944424998,0.6841031553937276,0.9936804597614536
1,2,lutte,sexisme,sexisme,0.8668476066361127,sexisme_2,égalité,0.3757871687412262,0.8052789668655428,0.3431590971322441,0.6360887577530353,0.7399888235269503,0.8811815747034761
1,2,lutte,sexisme,sexisme,0.8668476066361127,sexisme_2,antiracisme,0.34950292110443115,0.7878598951453043,0.46145220301234163,0.6766205522011124,0.7399888235269503,0.8811815747034761
1,2,lutte,sexisme,sexisme,0.8668476066361127,sexisme_2,halde,0.4112290143966675,0.9612834523328007,0.3227402577146904,0.7268150865093521,0.7399888235269503,0.8811815747034761
1,3,lutte,halde,halde,0.32825598458758176,halde_3,discriminer,0.24808016419410706,0.8696227276792285,0.587405660395504,0.7732637626842953,0.7992008299397696,0.7814191775324864
1,3,lutte,halde,halde,0.32825598458758176,halde_3,fasild,0.2333487570285797,0.792583268384915,0.5407451467327358,0.7077142442559026,0.7992008299397696,0.7814191775324864
1,3,lutte,halde,halde,0.32825598458758176,halde_3,racial,0.31114616990089417,0.8690318764627629,0.4492605861557246,0.7204477383955752,0.7992008299397696,0.7814191775324864
1,4,lutte,halde,discriminer,0.826217130875534,discriminer,,,,,,0.7144812782481444,0.692951315080577
