num_path,num_step,cue,best_word,temporary_best_word,q-value,current_word,neighbours,similarity,adequacy,originality,likeability,similarity_to_cue,adequacy_to_cue,originality_to_cue,likeability_to_cue,goal_value
1,0,rapport,rapport,rapport,0.0,rapport_0,examiner,0.7516462802886963,0.9592874856629116,0.16050236605339674,0.493841910171828,1.0,1.0,0.0,0.0,0.958857990671743
1,0,rapport,rapport,rapport,0.0,rapport_0,conclusion,0.7818332314491272,0.9940465294057724,0.06392705875041191,0.472741749617411,1.0,1.0,0.0,0.0,0.958857990671743
1,1,rapport,examiner,examiner,0.38374597987502124,examiner_1,conclusion,0.590033769607544,0.8728791620520416,0.24138881497764078,0.507067785079338,0.5032939910888672,0.808329441998142,0.40027925073881504,0.5772419747973376,0.958857990671743
1,1,rapport,examiner,examiner,0.38374597987502124,examiner_1,rapporteur,0.5567536950111389,0.9128947326502047,0.3299051000297144,0.5753798973979641,0.5032939910888672,0.808329441998142,0.40027925073881504,0.5772419747973376,0.958857990671743
1,2,rapport,rapporteur,rapporteur,0.7878764565565766,rapporteur_2,sénat,0.3749053180217743,0.805141451905779,0.3988298634902767,0.5722450650865586,0.4987970292568207,0.8468797008366434,0.324312367906731,0.5460425628500176,0.8551604818125869
1,2,rapport,rapporteur,rapporteur,0.7878764565565766,rapporteur_2,auditionner,0.3660891652107239,0.7967273516685188,0.40657349342314886,0.5759449780140053,0.4987970292568207,0.8468797008366434,0.324312367906731,0.5460425628500176,0.8551604818125869
1,3,rapport,auditionner,auditionner,1.2180725806069312,auditionner_3,audition,0.3018263578414917,0.8848432370039507,0.5559768227270012,0.6984848425612513,0.3643980324268341,0.8564476817790795,0.4898750187908171,0.6512174604202696,0.7626775359525475
1,3,rapport,auditionner,auditionner,1.2180725806069312,auditionner_3,formuler,0.2548101246356964,0.9367926004894418,0.6164028562720821,0.7546446492116801,0.3643980324268341,0.8564476817790795,0.4898750187908171,0.6512174604202696,0.7626775359525475
1,4,rapport,auditionner,formuler,1.7160643589217144,formuler,,,,,,0.4116581082344055,0.8303384759493406,0.4534265722661656,0.6188148942926907,0.6801963329897266
