num_path,num_step,cue,best_word,temporary_best_word,q-value,current_word,neighbours,similarity,adequacy,originality,likeability,similarity_to_cue,adequacy_to_cue,originality_to_cue,likeability_to_cue,goal_value
1,0,preuve,preuve,preuve,0.0,preuve_0,indiscutable,0.7774534225463867,0.9743755133536728,0.1667848022439341,0.5048138096757763,1.0,1.0,0.0,0.0,0.958857990671743
1,0,preuve,preuve,preuve,0.0,preuve_0,démontrer,0.8149803280830383,0.934998056241677,0.04106642054986828,0.43549989189896093,1.0,1.0,0.0,0.0,0.958857990671743
1,1,preuve,indiscutable,indiscutable,0.3864889547510083,indiscutable_1,probant,0.5675730109214783,0.9811275561995888,0.19287547261781698,0.52825792600341,0.5549081563949585,0.8246894671318863,0.20410794938791357,0.4677471347937903,0.958857990671743
1,1,preuve,indiscutable,indiscutable,0.3864889547510083,indiscutable_1,affirmer,0.555400013923645,0.9887440393030065,0.30378726519112376,0.6009051643309112,0.5549081563949585,0.8246894671318863,0.20410794938791357,0.4677471347937903,0.958857990671743
1,2,preuve,affirmer,affirmer,0.7970007481658004,affirmer_2,incontestable,0.4939587116241455,0.9993956065745343,0.40458710418996197,0.6599763821055432,0.4760468900203705,0.8495881972433414,0.3768186586717971,0.5834924489490005,0.8551604818125869
1,2,preuve,affirmer,affirmer,0.7970007481658004,affirmer_2,démontrer,0.49693918228149414,0.8776938838174384,0.3875684084490642,0.5980606648355922,0.4760468900203705,0.8495881972433414,0.3768186586717971,0.5834924489490005,0.8551604818125869
1,3,preuve,incontestable,incontestable,1.2482047232390394,incontestable_3,prouver,0.39764654636383057,0.9804779207154218,0.3327437777059611,0.6159742120065609,0.5197425484657288,0.8279834888681395,0.28826737433162747,0.5225857206925089,0.7626775359525475
1,3,preuve,incontestable,incontestable,1.2482047232390394,incontestable_3,reconnaître,0.3200936019420624,0.8430218722483748,0.5569398500154162,0.6811467540975431,0.5197425484657288,0.8279834888681395,0.28826737433162747,0.5225857206925089,0.7626775359525475
1,4,preuve,affirmer,reconnaître,1.7278220277752883,reconnaître,,,,,,0.447234183549881,0.8135471236642884,0.34988644007136716,0.552194094758704,0.6801963329897266
