num_path,num_step,cue,best_word,temporary_best_word,q-value,current_word,neighbours,similarity,adequacy,originality,likeability,similarity_to_cue,adequacy_to_cue,originality_to_cue,likeability_to_cue,goal_value
1,0,passage,passage,passage,0.0,passage_0,demi-tour,0.7239840030670166,0.9178828197294622,0.1432344982444282,0.46017249770600105,1.0,1.0,0.0,0.0,0.958857990671743
1,0,passage,passage,passage,0.0,passage_0,demi-tour,0.7239840030670166,0.8658828197294621,0.29123449824442815,0.5421183589391276,1.0,1.0,0.0,0.0,0.958857990671743
1,1,passage,demi-tour,demi-tour,0.3958150920668462,demi-tour_1,virage,0.5381296277046204,0.8978794853284325,0.23309825069411677,0.5081567842069694,0.4479694068431854,0.9056279131030502,0.43936787419577417,0.6412828663956823,0.958857990671743
1,1,passage,demi-tour,demi-tour,0.3958150920668462,demi-tour_1,route,0.5339847207069397,0.8034455733129587,0.3088294283155876,0.5203346227284945,0.4479694068431854,0.9056279131030502,0.43936787419577417,0.6412828663956823,0.958857990671743
1,2,passage,route,route,-0.2138157499189659,route_2,traverser,0.4604507386684418,0.8079708409756537,0.3166177177880991,0.5326508556876042,0.40489572286605835,0.9564573306023509,0.4723866936494759,0.6841458281670872,0.8551604818125869
1,2,passage,route,route,-0.2138157499189659,route_2,longer,0.412415474653244,0.8344353092342014,0.48487324947541566,0.6351594313078333,0.40489572286605835,0.9564573306023509,0.4723866936494759,0.6841458281670872,0.8551604818125869
1,3,passage,longer,longer,0.2311839874548457,longer_3,retraverser,0.30310383439064026,0.9231504351460293,0.5499135819163328,0.7119533061039242,0.35957634449005127,0.9006348507650443,0.41260016142755995,0.6217707972997147,0.7626775359525475
1,3,passage,longer,longer,0.2311839874548457,longer_3,chemin,0.3074760138988495,0.8261844074353037,0.4782880594054211,0.6293525377927188,0.35957634449005127,0.9006348507650443,0.41260016142755995,0.6217707972997147,0.7626775359525475
1,4,passage,route,retraverser,0.7185029299926898,retraverser,,,,,,0.3624248802661896,0.8111178411459555,0.5073968704130416,0.6401992441441466,0.6801963329897266
