num_path,num_step,cue,best_word,temporary_best_word,q-value,current_word,neighbours,similarity,adequacy,originality,likeability,similarity_to_cue,adequacy_to_cue,originality_to_cue,likeability_to_cue,goal_value
1,0,toit,toit,toit,0.0,toit_0,toiture,0.7951353192329407,1.0,0.16420601384409061,0.5301667218544118,1.0,1.0,0.0,0.0,0.958857990671743
1,0,toit,toit,toit,0.0,toit_0,tuile,0.7544881105422974,0.893226873234409,0.16367071574405512,0.47597050517919154,1.0,1.0,0.0,0.0,0.958857990671743
1,1,toit,toiture,toiture,0.3928271827956672,toiture_1,tuile,0.5881982445716858,0.9366431300585135,0.1835678734999334,0.501260239005391,0.5902720093727112,0.8959099567271982,0.30723583767999707,0.556611108359667,0.958857990671743
1,1,toit,toiture,toiture,0.3928271827956672,toiture_1,bardeau,0.5856842994689941,0.9943233222499321,0.266184009192705,0.585626997022801,0.5902720093727112,0.8959099567271982,0.30723583767999707,0.556611108359667,0.958857990671743
1,2,toit,bardeau,bardeau,0.7995194343834316,bardeau_2,appentis,0.4408006966114044,0.9568311088243768,0.47443940284971053,0.6829853149331676,0.503719687461853,0.8933720305052341,0.40499264424901565,0.6185284252879673,0.8551604818125869
1,2,toit,bardeau,bardeau,0.7995194343834316,bardeau_2,tuile,0.4392401874065399,0.8536548463429827,0.46154796737288,0.6336840305904716,0.503719687461853,0.8933720305052341,0.40499264424901565,0.6185284252879673,0.8551604818125869
1,3,toit,appentis,appentis,1.2564756426635768,appentis_3,faîtage,0.31649142503738403,0.9222334735473379,0.5428769994361352,0.7061876407612923,0.5261662006378174,0.8566381183206432,0.39900002447640226,0.5967468854137769,0.7626775359525475
1,3,toit,appentis,appentis,1.2564756426635768,appentis_3,charpente,0.32319751381874084,0.9756877234103981,0.49641980294043353,0.7010531538525113,0.5261662006378174,0.8566381183206432,0.39900002447640226,0.5967468854137769,0.7626775359525475
1,4,toit,bardeau,faîtage,1.742353168865763,faîtage,,,,,,0.4280974566936493,0.9713636643844435,0.28751257786731765,0.5773606650127072,0.6801963329897266
