num_path,num_step,cue,best_word,temporary_best_word,q-value,current_word,neighbours,similarity,adequacy,originality,likeability,similarity_to_cue,adequacy_to_cue,originality_to_cue,likeability_to_cue,goal_value
1,0,science,science,science,0.0,science_0,biologie,0.7925102114677429,0.9792844101641696,0.0739322511219181,0.4704536099521955,1.0,1.0,0.0,0.0,0.958857990671743
1,0,science,science,science,0.0,science_0,biologie,0.7925102114677429,0.8702844101641696,0.0679322511219181,0.3984320427457889,1.0,1.0,0.0,0.0,0.958857990671743
1,1,science,biologie,biologie,0.3778989048201131,biologie_1,scientifique,0.6547424793243408,0.834920661953532,0.3021824626741401,0.5364558238478172,0.5850219130516052,1.0,0.3236100900709799,0.6064543497672993,0.958857990671743
1,1,science,biologie,biologie,0.3778989048201131,biologie_1,scientifique,0.6547424793243408,0.8869206619535319,0.2201824626741401,0.5042185929112166,0.5850219130516052,1.0,0.3236100900709799,0.6064543497672993,0.958857990671743
1,2,science,scientifique,scientifique,0.7722983631141317,scientifique_2,discipline,0.42785394191741943,0.9273347652641384,0.4496876146831238,0.6546286819233023,0.7307822704315186,0.915828109890719,0.14289129702528697,0.46093892550475024,0.8551604818125869
1,2,science,scientifique,scientifique,0.7722983631141317,scientifique_2,discipline,0.42785394191741943,0.8703347652641383,0.4576876146831238,0.6394054635281653,0.7307822704315186,0.915828109890719,0.14289129702528697,0.46093892550475024,0.8551604818125869
1,3,science,discipline,discipline,1.2221654131418105,discipline_3,chercheur,0.34344956278800964,0.8537408631405073,0.5062169271068655,0.6585050904735769,0.5324921607971191,0.9762903800283322,0.24181457494500253,0.5494775859188546,0.7626775359525475
1,3,science,discipline,discipline,1.2221654131418105,discipline_3,chercheur,0.34344956278800964,0.9627408631405073,0.5022169271068655,0.699838337086803,0.5324921607971191,0.9762903800283322,0.24181457494500253,0.5494775859188546,0.7626775359525475
1,4,science,chercheur,chercheur,1.7064556134253743,chercheur,,,,,,0.5499793291091919,0.9371477469498026,0.3723260136696453,0.6143391583866858,0.6801963329897266
