num_path,num_step,cue,best_word,temporary_best_word,q-value,current_word,neighbours,similarity,adequacy,originality,likeability,similarity_to_cue,adequacy_to_cue,originality_to_cue,likeability_to_cue,goal_value
1,0,vache,vache,vache,0.0,vache_0,meugler,0.7390501499176025,1.0,0.13859713502766463,0.5076886982166173,1.0,1.0,0.0,0.0,0.958857990671743
1,0,vache,vache,vache,0.0,vache_0,bouse,0.7581225633621216,1.0,0.17832508488392318,0.5399423402643361,1.0,1.0,0.0,0.0,0.958857990671743
1,1,vache,bouse,bouse,0.39527108739814826,bouse_1,lait,0.510536253452301,0.8210550289339634,0.38741519725026075,0.5725014467165048,0.5162466764450073,0.8586298137044422,0.30359733783185494,0.5469057016640045,0.958857990671743
1,1,vache,bouse,bouse,0.39527108739814826,bouse_1,fou,0.5016025900840759,0.8721602639475164,0.26541889170903116,0.5161227406734666,0.5162466764450073,0.8586298137044422,0.30359733783185494,0.5469057016640045,0.958857990671743
1,2,vache,lait,lait,0.7986819514093386,lait_2,traire,0.3593974709510803,0.9306042494101323,0.41573876560383205,0.6369823668988015,0.5394965410232544,0.8700235905253002,0.32719902215459756,0.5553758047673991,0.8551604818125869
1,2,vache,lait,lait,0.7986819514093386,lait_2,traire,0.3593974709510803,0.8676042494101323,0.3407387656038321,0.5684465720016353,0.5394965410232544,0.8700235905253002,0.32719902215459756,0.5553758047673991,0.8551604818125869
1,3,vache,traire,traire,1.2441374226808923,traire_3,laitier,0.21328267455101013,0.8910441223567928,0.6533709613138521,0.7564452225214184,0.5141751766204834,0.9264209356197396,0.37698056554019116,0.6085988465241586,0.7626775359525475
1,3,vache,traire,traire,1.2441374226808923,traire_3,troupeau,0.2089059054851532,0.9402912912088958,0.5865054981543844,0.7416655973078659,0.5141751766204834,0.9264209356197396,0.37698056554019116,0.6085988465241586,0.7626775359525475
1,4,vache,traire,laitier,1.7425793443231101,laitier,,,,,,0.4204268455505371,0.8354380666970903,0.3690467750881317,0.5699522614990931,0.6801963329897266
