num_path,num_step,cue,best_word,temporary_best_word,q-value,current_word,neighbours,similarity,adequacy,originality,likeability,similarity_to_cue,adequacy_to_cue,originality_to_cue,likeability_to_cue,goal_value
1,0,machine,machine,machine,0.0,machine_0,ordinateur,0.7600048184394836,0.9400928544811127,0.12010888535746726,0.4610114696817319,1.0,1.0,0.0,0.0,0.958857990671743
1,0,machine,machine,machine,0.0,machine_0,machine-outil,0.7728114128112793,0.9426462778539694,0.2028066728537242,0.5232738014949226,1.0,1.0,0.0,0.0,0.958857990671743
1,1,machine,machine-outil,machine-outil,0.3911039527057949,machine-outil_1,usinage,0.5694864392280579,0.9753512510119058,0.245635991876418,0.5612289654985313,0.5456242561340332,0.846676389863251,0.2831765351923703,0.5236907309453758,0.958857990671743
1,1,machine,machine-outil,machine-outil,0.3911039527057949,machine-outil_1,outilleur,0.5309531092643738,0.8151308981485041,0.2518313469806363,0.4884208299065788,0.5456242561340332,0.846676389863251,0.2831765351923703,0.5236907309453758,0.958857990671743
1,2,machine,usinage,usinage,0.791696696412492,usinage_2,outillage,0.3988410532474518,0.9536418978369485,0.5088581586382399,0.7005094098229449,0.4291476309299469,0.8644879434731458,0.29575820518126605,0.5371801715333684,0.8551604818125869
1,2,machine,usinage,usinage,0.791696696412492,usinage_2,outilleur,0.41260603070259094,0.859459615751539,0.4577341004592736,0.6319697219219943,0.4291476309299469,0.8644879434731458,0.29575820518126605,0.5371801715333684,0.8551604818125869
1,3,machine,outillage,outillage,1.2530339284150815,outillage_3,tôlerie,0.27641910314559937,0.8012301640707571,0.5345024373378595,0.6512484371002051,0.37913089990615845,0.9587941087492886,0.5236218862532698,0.7146718241873063,0.7626775359525475
1,3,machine,outillage,outillage,1.2530339284150815,outillage_3,assemblage,0.2807510197162628,0.8814279134430592,0.5847802524172901,0.7131428585209897,0.37913089990615845,0.9587941087492886,0.5236218862532698,0.7146718241873063,0.7626775359525475
1,4,machine,outillage,assemblage,1.7406502590571922,assemblage,,,,,,0.39365488290786743,0.8549222637423541,0.4077116185813712,0.596689987802769,0.6801963329897266
