num_path,num_step,cue,best_word,temporary_best_word,q-value,current_word,neighbours,similarity,adequacy,originality,likeability,similarity_to_cue,adequacy_to_cue,originality_to_cue,likeability_to_cue,goal_value
1,0,jeunesse,jeunesse,jeunesse,0.0,jeunesse_0,jeune,0.7805180549621582,0.85954069202357,0.14178587163741707,0.43689094107611015,1.0,1.0,0.0,0.0,0.958857990671743
1,0,jeunesse,jeunesse,jeunesse,0.0,jeunesse_0,éducation,0.7697813510894775,0.942540399345067,0.09377547226513555,0.44093248799707135,1.0,1.0,0.0,0.0,0.958857990671743
1,1,jeunesse,éducation,éducation,0.3705186243313321,éducation_1,scolaire,0.5598989725112915,0.8572477901382535,0.34385770991222014,0.5686757365002837,0.5395641326904297,0.9720307299311373,0.24115457530697376,0.5618638122794752,0.958857990671743
1,1,jeunesse,éducation,éducation,0.3705186243313321,éducation_1,éducatif,0.6164843440055847,0.8925450700999001,0.3364749535211074,0.5773431245728213,0.5395641326904297,0.9720307299311373,0.24115457530697376,0.5618638122794752,0.958857990671743
1,2,jeunesse,éducatif,éducatif,0.7751399078066017,éducatif_2,citoyenneté,0.42539969086647034,0.8740417697700621,0.4774540932444141,0.6502395462382505,0.4137023985385895,0.8405990213845302,0.3999340410198372,0.5927238329946023,0.8551604818125869
1,2,jeunesse,éducatif,éducatif,0.7751399078066017,éducatif_2,enseignement,0.41371801495552063,0.969601001629626,0.48492265175162996,0.6926935068552452,0.4137023985385895,0.8405990213845302,0.3999340410198372,0.5927238329946023,0.8551604818125869
1,3,jeunesse,enseignement,enseignement,1.2345231640672663,enseignement_3,scolaire,0.3772401809692383,0.9835040334821726,0.4980553647273602,0.7108674847696187,0.2314758598804474,0.8469131973388244,0.6184610933079427,0.7176229277400984,0.7626775359525475
1,3,jeunesse,enseignement,enseignement,1.2345231640672663,enseignement_3,scolaire,0.3772401809692383,0.9665040334821726,0.46805536472736015,0.6813812370769258,0.2314758598804474,0.8469131973388244,0.6184610933079427,0.7176229277400984,0.7626775359525475
1,4,jeunesse,enseignement,scolaire,1.721570651271534,scolaire,,,,,,0.3618106245994568,0.8630143749605756,0.42787135738850224,0.6132628435620017,0.6801963329897266
