num_path,num_step,cue,best_word,temporary_best_word,q-value,current_word,neighbours,similarity,adequacy,originality,likeability,similarity_to_cue,adequacy_to_cue,originality_to_cue,likeability_to_cue,goal_value
1,0,question,question,question,0.0,question_0,interrogation,0.8380904793739319,0.8911836365117798,0.15454247424409204,0.46549508820857777,1.0,1.0,0.0,0.0,0.958857990671743
1,0,question,question,question,0.0,question_0,interrogation,0.8380904793739319,0.9061836365117798,0.19854247424409205,0.49959544151840896,1.0,1.0,0.0,0.0,0.958857990671743
1,1,question,interrogation,interrogation,0.38518436271166645,interrogation_1,poser,0.6779862642288208,0.943564762208753,0.22245982596496605,0.5192343607771049,0.6761825084686279,0.8421807553353237,0.2996024989860588,0.5386046187048846,0.958857990671743
1,1,question,interrogation,interrogation,0.38518436271166645,interrogation_1,questionnement,0.6651964783668518,0.9109294776211487,0.17156075047505098,0.49653398464388443,0.6761825084686279,0.8421807553353237,0.2996024989860588,0.5386046187048846,0.958857990671743
1,2,question,poser,poser,0.775278455238007,poser_2,interroger,0.48634088039398193,0.9496310299556844,0.35376782282271246,0.6074803519287133,0.7728536128997803,1.0,0.18577923266337046,0.542085568523129,0.8551604818125869
1,2,question,poser,poser,0.775278455238007,poser_2,problème,0.4327954053878784,0.9279153085013611,0.39014397909635484,0.6207664694340607,0.7728536128997803,1.0,0.18577923266337046,0.542085568523129,0.8551604818125869
1,3,question,problème,problème,1.2166799521433753,problème_3,problématique,0.30468833446502686,0.9255282513260369,0.5345972784598123,0.705446894422456,0.6009713411331177,0.8183324431551555,0.3303784355669324,0.5401418253219346,0.7626775359525475
1,3,question,problème,problème,1.2166799521433753,problème_3,interroger,0.31642085313796997,0.9352178575345245,0.4939346781638816,0.6830105569907856,0.6009713411331177,0.8183324431551555,0.3303784355669324,0.5401418253219346,0.7626775359525475
1,4,question,poser,problématique,1.7023722917608524,problématique,,,,,,0.5369739532470703,0.8497580506462359,0.2718590768122697,0.5217069005133241,0.6801963329897266
