num_path,num_step,cue,best_word,temporary_best_word,q-value,current_word,neighbours,similarity,adequacy,originality,likeability,similarity_to_cue,adequacy_to_cue,originality_to_cue,likeability_to_cue,goal_value
1,0,mer,mer,mer,0.0,mer_0,tyrrhénienne,0.7561808824539185,0.8907934531308282,0.09557866344172368,0.4186796339670875,1.0,1.0,0.0,0.0,0.958857990671743
1,0,mer,mer,mer,0.0,mer_0,rivage,0.7891090512275696,0.9689087893402073,0.20016494953954583,0.5225926239961245,1.0,1.0,0.0,0.0,0.958857990671743
1,1,mer,rivage,rivage,0.3909336583310954,rivage_1,île,0.5603073835372925,0.891293942487906,0.3475920928503657,0.5852760133873608,0.5782196521759033,0.8643962520879044,0.21099202708193082,0.4818360657191202,0.958857990671743
1,1,mer,rivage,rivage,0.3909336583310954,rivage_1,crique,0.545922577381134,0.9577084721556647,0.22398105837208632,0.5406693027458632,0.5782196521759033,0.8643962520879044,0.21099202708193082,0.4818360657191202,0.958857990671743
1,2,mer,île,île,0.7975381640099999,île_2,crique,0.4303382933139801,0.9286281680324384,0.3529038658988989,0.5966469798584009,0.5080134868621826,0.9598019661988328,0.4241066930640266,0.6570549546196995,0.8551604818125869
1,2,mer,île,île,0.7975381640099999,île_2,côte,0.41599908471107483,0.8398886404210509,0.3142610179498923,0.5456012551462265,0.5080134868621826,0.9598019661988328,0.4241066930640266,0.6570549546196995,0.8551604818125869
1,3,mer,crique,crique,1.2329097885214533,crique_3,tyrrhénienne,0.2906985878944397,0.8790671980657443,0.5603146654168067,0.6981179762202525,0.47572270035743713,0.9745550995578813,0.41704167844398965,0.6567727714850654,0.7626775359525475
1,3,mer,crique,crique,1.2329097885214533,crique_3,plage,0.34710630774497986,0.8774216909599715,0.4863344208110345,0.6549796971713568,0.47572270035743713,0.9745550995578813,0.41704167844398965,0.6567727714850654,0.7626775359525475
1,4,mer,île,tyrrhénienne,1.7167698985883795,tyrrhénienne,,,,,,0.5123633146286011,0.9582385991650043,0.32619203063695235,0.5910790440557072,0.6801963329897266
