num_path,num_step,cue,best_word,temporary_best_word,q-value,current_word,neighbours,similarity,adequacy,originality,likeability,similarity_to_cue,adequacy_to_cue,originality_to_cue,likeability_to_cue,goal_value
1,0,herbe,herbe,herbe,0.0,herbe_0,cueillir,0.7458734512329102,0.9444241128926991,0.1712168723524945,0.484275021096098,1.0,1.0,0.0,0.0,0.958857990671743
1,0,herbe,herbe,herbe,0.0,herbe_0,gazon,0.7550125122070312,1.0,0.14733249163651255,0.5068496928116825,1.0,1.0,0.0,0.0,0.958857990671743
1,1,herbe,gazon,gazon,0.38699792553498485,gazon_1,pelouse,0.6041414737701416,0.8367695003230358,0.33635113645073306,0.5461293672418952,0.5100263357162476,0.9600038430774729,0.42775685128273655,0.653618326610974,0.958857990671743
1,1,herbe,gazon,gazon,0.38699792553498485,gazon_1,tondre,0.5344478487968445,0.9094938381046165,0.3275239267900909,0.5754804616059283,0.5100263357162476,0.9600038430774729,0.42775685128273655,0.653618326610974,0.958857990671743
1,2,herbe,tondre,tondre,0.7911535432685312,tondre_2,tonte,0.40750008821487427,0.8748002677887234,0.40247222430534224,0.6041787154697752,0.4099571108818054,0.9351196598454089,0.45267090197612403,0.6650545449398059,0.8551604818125869
1,2,herbe,tondre,tondre,0.7911535432685312,tondre_2,pelouse,0.45386525988578796,0.9552686933828982,0.2702221500574782,0.5593704751671605,0.4099571108818054,0.9351196598454089,0.45267090197612403,0.6650545449398059,0.8551604818125869
1,3,herbe,tonte,tonte,1.2284081016828283,tonte_3,bêcher,0.22379012405872345,0.880091922393845,0.5725509276572469,0.706332182339325,0.35216033458709717,0.9633385124545352,0.5303715495727986,0.7164620035090579,0.7626775359525475
1,3,herbe,tonte,tonte,1.2284081016828283,tonte_3,désherber,0.23419633507728577,0.8978842921887826,0.5439700964439795,0.6974277733384446,0.35216033458709717,0.9633385124545352,0.5303715495727986,0.7164620035090579,0.7626775359525475
1,4,herbe,tonte,bêcher,1.7143217632795227,bêcher,,,,,,0.39698490500450134,0.9543866415018498,0.40823482032061126,0.6409311184021305,0.6801963329897266
