num_path,num_step,cue,best_word,temporary_best_word,q-value,current_word,neighbours,similarity,adequacy,originality,likeability,similarity_to_cue,adequacy_to_cue,originality_to_cue,likeability_to_cue,goal_value
1,0,position,position,position,0.0,position_0,positionnement,0.7205712199211121,0.9689345099982483,0.20541176398173078,0.5388392364079541,1.0,1.0,0.0,0.0,0.958857990671743
1,0,position,position,position,0.0,position_0,opposition,0.7189425826072693,1.0,0.13345012047024757,0.49660855531126535,1.0,1.0,0.0,0.0,0.958857990671743
1,1,position,positionnement,positionnement,0.39499531143405275,positionnement_1,conforter,0.48888257145881653,0.8408866082460031,0.4080358506112569,0.5946412553439018,0.44114384055137634,0.8208697274163844,0.41119585977022866,0.5893214188536045,0.958857990671743
1,1,position,positionnement,positionnement,0.39499531143405275,positionnement_1,repositionner,0.4845520555973053,0.8464507817815798,0.4469888654592823,0.6193328097150956,0.44114384055137634,0.8208697274163844,0.41119585977022866,0.5893214188536045,0.958857990671743
1,2,position,repositionner,repositionner,0.8101140161948909,repositionner_2,concurrentiel,0.3201368451118469,0.7780312339932789,0.5099046725535441,0.6278488134718925,0.3408527970314026,0.9552482553184438,0.4432717468839421,0.6628943015201307,0.8551604818125869
1,2,position,repositionner,repositionner,0.8101140161948909,repositionner_2,conforter,0.3371029198169708,0.9135232334831545,0.5492506681809766,0.7058653354546125,0.3408527970314026,0.9552482553184438,0.4432717468839421,0.6628943015201307,0.8551604818125869
1,3,position,conforter,conforter,1.2727902296053972,conforter_3,stratégie,0.2581954598426819,0.8278537359862416,0.5964045110155405,0.6973022502797854,0.39335814118385315,0.8868804744560804,0.5059327677398003,0.6697392637682342,0.7626775359525475
1,3,position,conforter,conforter,1.2727902296053972,conforter_3,appuyer,0.2271644026041031,0.892344823244464,0.5284286844671354,0.6885789022476869,0.39335814118385315,0.8868804744560804,0.5059327677398003,0.6697392637682342,0.7626775359525475
1,4,position,conforter,stratégie,0.7564464081872067,stratégie,,,,,,0.32037994265556335,0.8090838172997565,0.3877069536933493,0.5713484845397042,0.6801963329897266
