num_path,num_step,cue,best_word,temporary_best_word,q-value,current_word,neighbours,similarity,adequacy,originality,likeability,similarity_to_cue,adequacy_to_cue,originality_to_cue,likeability_to_cue,goal_value
1,0,page,page,page,0.0,page_0,sommaire,0.7684084177017212,0.9820452042802361,0.21066660334543025,0.5507015499630336,1.0,1.0,0.0,0.0,0.958857990671743
1,0,page,page,page,0.0,page_0,sommaire,0.7684084177017212,0.894045204280236,0.18366660334543025,0.48064996657270614,1.0,1.0,0.0,0.0,0.958857990671743
1,1,page,sommaire,sommaire,0.3979608898228226,sommaire_1,revue,0.53987056016922,0.9040631128535667,0.32395309692922647,0.5698559398409647,0.536818265914917,0.8877417189252574,0.3009616115446073,0.5456081455162318,0.958857990671743
1,1,page,sommaire,sommaire,0.3979608898228226,sommaire_1,imprimer,0.5527077913284302,0.8064464928635631,0.36254355461552323,0.5543247251050815,0.536818265914917,0.8877417189252574,0.3009616115446073,0.5456081455162318,0.958857990671743
1,2,page,revue,revue,0.800710377115128,revue_2,bibliographie,0.4537900686264038,0.7962605971801189,0.4172748804842828,0.5786750970630482,0.39492201805114746,0.969099954402308,0.44876808647258914,0.6737210051213689,0.8551604818125869
1,2,page,revue,revue,0.800710377115128,revue_2,édition,0.3896622955799103,0.966354273945703,0.411693200909521,0.6467114145861648,0.39492201805114746,0.969099954402308,0.44876808647258914,0.6737210051213689,0.8551604818125869
1,3,page,édition,édition,1.2485981103085226,édition_3,avant-propos,0.27112969756126404,0.8117266543824517,0.4250771560531109,0.5953775969085583,0.434181809425354,0.8420760289586425,0.3281528505171382,0.5515851846327648,0.7626775359525475
1,3,page,édition,édition,1.2485981103085226,édition_3,intituler,0.2692961096763611,0.8601947514337069,0.5796707220268755,0.7028548372957453,0.434181809425354,0.8420760289586425,0.3281528505171382,0.5515851846327648,0.7626775359525475
1,4,page,revue,intituler,1.733642435644322,intituler,,,,,,0.3145830035209656,0.8058088563207846,0.5214386066155549,0.6447414666022098,0.6801963329897266
