num_path,num_step,cue,best_word,temporary_best_word,q-value,current_word,neighbours,similarity,adequacy,originality,likeability,similarity_to_cue,adequacy_to_cue,originality_to_cue,likeability_to_cue,goal_value
1,0,mur,mur,mur,0.0,mur_0,renfoncement,0.7815981507301331,0.870955856551705,0.15108061059802957,0.4504574808423369,1.0,1.0,0.0,0.0,0.958857990671743
1,0,mur,mur,mur,0.0,mur_0,parapet,0.7473419308662415,0.9428924637937288,0.10927275822848698,0.4703061241997851,1.0,1.0,0.0,0.0,0.958857990671743
1,1,mur,parapet,parapet,0.3778620333820105,parapet_1,renfoncement,0.5772098898887634,0.9632733207854175,0.2906435278506847,0.5806208462940405,0.4946852922439575,0.8744683490805574,0.30709456432489435,0.5477144729659401,0.958857990671743
1,1,mur,parapet,parapet,0.3778620333820105,parapet_1,renfoncement,0.5772098898887634,0.8762733207854174,0.3286435278506847,0.5696025826832847,0.4946852922439575,0.8744683490805574,0.30709456432489435,0.5477144729659401,0.958857990671743
1,2,mur,renfoncement,renfoncement,0.7833027472875849,renfoncement_2,redan,0.40626487135887146,0.8816381880690898,0.3373795716959362,0.5665955259351637,0.5631977915763855,0.8526226705648419,0.28671377614797133,0.5249458814201308,0.8551604818125869
1,2,mur,renfoncement,renfoncement,0.7833027472875849,renfoncement_2,escalier,0.39962759613990784,0.8417493030865827,0.33527563435614555,0.5504348877123362,0.5631977915763855,0.8526226705648419,0.28671377614797133,0.5249458814201308,0.8551604818125869
1,3,mur,redan,redan,0.2111615083182291,redan_3,enjamber,0.27597397565841675,0.9191053873491651,0.5718861522497578,0.7213858245199336,0.4493802785873413,0.9607823809505787,0.27237375388091656,0.5709229535083165,0.7626775359525475
1,3,mur,redan,redan,0.2111615083182291,redan_3,enjamber,0.27597397565841675,0.8541053873491651,0.4598861522497579,0.6314785528219425,0.4493802785873413,0.9607823809505787,0.27237375388091656,0.5709229535083165,0.7626775359525475
1,4,mur,enjamber,enjamber,0.7008385804600756,enjamber,,,,,,0.4148259162902832,0.9807411044320355,0.4421151156367532,0.6767195704141428,0.6801963329897266
