num_path,num_step,cue,best_word,temporary_best_word,q-value,current_word,neighbours,similarity,adequacy,originality,likeability,similarity_to_cue,adequacy_to_cue,originality_to_cue,likeability_to_cue,goal_value
1,0,gauche,gauche,gauche,0.0,gauche_0,bipartisme,0.7671585083007812,0.9615975502186088,0.11247738262445944,0.4476798376301757,1.0,1.0,0.0,0.0,0.958857990671743
1,0,gauche,gauche,gauche,0.0,gauche_0,centriste,0.7868128418922424,1.0,0.14966989075423554,0.490051448173257,1.0,1.0,0.0,0.0,0.958857990671743
1,1,gauche,centriste,centriste,0.3827983643753785,centriste_1,droite,0.7216655015945435,0.9242365496264852,0.14671385196171044,0.4745097573935661,0.5736272931098938,0.9828416876600504,0.23595725574471865,0.5419385558703407,0.958857990671743
1,1,gauche,centriste,centriste,0.3827983643753785,centriste_1,droite,0.7216655015945435,0.9702365496264852,0.19371385196171043,0.5071023437402707,0.5736272931098938,0.9828416876600504,0.23595725574471865,0.5419385558703407,0.958857990671743
1,2,gauche,droite,droite,0.7698594526425104,droite_2,présidentiel,0.41006848216056824,0.853134043636747,0.3525893625915549,0.5676773594093223,0.9111952185630798,1.0,0.10045085064115286,0.45475251933077565,0.8551604818125869
1,2,gauche,droite,droite,0.7698594526425104,droite_2,présidentiel,0.41006848216056824,0.9341340436367471,0.4145893625915549,0.6342498658643136,0.9111952185630798,1.0,0.10045085064115286,0.45475251933077565,0.8551604818125869
1,3,gauche,présidentiel,présidentiel,1.214631798655442,présidentiel_3,électorat,0.3588583469390869,0.9085118209689901,0.5111566964253575,0.6822288016344817,0.5158324241638184,0.9795880047903478,0.3608737957806626,0.6218269753630244,0.7626775359525475
1,3,gauche,présidentiel,présidentiel,1.214631798655442,présidentiel_3,bipartisme,0.297094464302063,0.8686849415158462,0.4809307777479742,0.6479631711464213,0.5158324241638184,0.9795880047903478,0.3608737957806626,0.6218269753630244,0.7626775359525475
1,4,gauche,présidentiel,électorat,1.6945196150759256,électorat,,,,,,0.554774820804596,0.8696746899050427,0.31619489627853203,0.5465928155873025,0.6801963329897266
