num_path,num_step,cue,best_word,temporary_best_word,q-value,current_word,neighbours,similarity,adequacy,originality,likeability,similarity_to_cue,adequacy_to_cue,originality_to_cue,likeability_to_cue,goal_value
1,0,doigt,doigt,doigt,0.0,doigt_0,lèvre,0.7794419527053833,0.9701294057016806,0.22548812881050634,0.5351014200006572,1.0,1.0,0.0,0.0,0.958857990671743
1,0,doigt,doigt,doigt,0.0,doigt_0,main,0.8229702115058899,0.9407237544886856,0.0767280743893573,0.4493434402068009,1.0,1.0,0.0,0.0,0.958857990671743
1,1,doigt,lèvre,lèvre,0.3940608573322285,lèvre_1,main,0.6171192526817322,0.9466397436800355,0.30307047660540337,0.573828252788824,0.5588853359222412,0.8381335542586617,0.28051717700480705,0.5183776354892102,0.958857990671743
1,1,doigt,lèvre,lèvre,0.3940608573322285,lèvre_1,bras,0.5849668979644775,0.8542327791477581,0.21164548341502482,0.48050137753170696,0.5588853359222412,0.8381335542586617,0.28051717700480705,0.5183776354892102,0.958857990671743
1,2,doigt,main,main,0.7978034228614987,main_2,bras,0.4860953390598297,0.9936063079201508,0.26393532519434354,0.5814182402580887,0.645941972732544,0.8623243093695618,0.33375971988333797,0.5550795087359133,0.8551604818125869
1,2,doigt,main,main,0.7978034228614987,main_2,sourire,0.4176501929759979,0.8160948739553546,0.39706071964635953,0.5777602126485376,0.645941972732544,0.8623243093695618,0.33375971988333797,0.5550795087359133,0.8551604818125869
1,3,doigt,bras,bras,1.2293678624728743,bras_3,nuque,0.31274572014808655,0.9313954739834402,0.5169456377438265,0.6956437228024777,0.5659093856811523,0.9039345147406427,0.24995401970688574,0.5319998131098898,0.7626775359525475
1,3,doigt,bras,bras,1.2293678624728743,bras_3,serrer,0.3121626675128937,0.9072633400019119,0.40142463477667195,0.615760867351742,0.5659093856811523,0.9039345147406427,0.24995401970688574,0.5319998131098898,0.7626775359525475
1,4,doigt,nuque,nuque,1.7126094091853568,nuque,,,,,,0.45867276191711426,0.9267825748299673,0.33285816309189786,0.5930105521015376,0.6801963329897266
