num_path,num_step,cue,best_word,temporary_best_word,q-value,current_word,neighbours,similarity,adequacy,originality,likeability,similarity_to_cue,adequacy_to_cue,originality_to_cue,likeability_to_cue,goal_value
1,0,lutte,lutte,lutte,0.0,lutte_0,mobilisation,0.7702620625495911,0.985714648725901,0.21546331902952326,0.5318587952435612,1.0,1.0,0.0,0.0,0.958857990671743
1,0,lutte,lutte,lutte,0.0,lutte_0,exclusion,0.7450246810913086,0.8761551519834454,0.17076232890170995,0.4721789078499284,1.0,1.0,0.0,0.0,0.958857990671743
1,1,lutte,mobilisation,mobilisation,0.3932502011429545,mobilisation_1,solidarité,0.5636531710624695,1.0,0.2784180884693924,0.5805255640743082,0.5405255556106567,1.0,0.3455225521486257,0.6334869935797125,0.958857990671743
1,1,lutte,mobilisation,mobilisation,0.3932502011429545,mobilisation_1,revendication,0.5501678586006165,0.9961683016649145,0.38720276736837145,0.6504123581491464,0.5405255556106567,1.0,0.3455225521486257,0.6334869935797125,0.958857990671743
1,2,lutte,revendication,revendication,0.8161387930123054,revendication_2,action,0.3795388638973236,0.8408562891132085,0.3283129870623117,0.5474090373692616,0.4332359731197357,0.8529664817169302,0.4278288751300969,0.6135804804835379,0.8551604818125869
1,2,lutte,revendication,revendication,0.8161387930123054,revendication_2,solidarité,0.3871960937976837,0.8499971314643563,0.43154151613161046,0.6155439160998488,0.4332359731197357,0.8529664817169302,0.4278288751300969,0.6135804804835379,0.8551604818125869
1,3,lutte,solidarité,solidarité,0.25623465158412095,solidarité_3,social,0.29547080397605896,0.7732799948739606,0.481293207624229,0.6080012587027048,0.4814290404319763,0.8301352183281367,0.41012482022451063,0.5911780976172598,0.7626775359525475
1,3,lutte,solidarité,solidarité,0.25623465158412095,solidarité_3,mobiliser,0.3310518264770508,0.9323183389913594,0.5300870733189866,0.7045835879406054,0.4814290404319763,0.8301352183281367,0.41012482022451063,0.5911780976172598,0.7626775359525475
1,4,lutte,mobilisation,mobiliser,0.7417111645811354,mobiliser,,,,,,0.45655709505081177,0.8655573224820083,0.27833677693125514,0.5365432576336799,0.6801963329897266
