num_path,num_step,cue,best_word,temporary_best_word,q-value,current_word,neighbours,similarity,adequacy,originality,likeability,similarity_to_cue,adequacy_to_cue,originality_to_cue,likeability_to_cue,goal_value
1,0,fil,fil,fil,0.0,fil_0,fermé,0.666968047618866,0.8242825529437985,0.1594387550128829,0.4471489913736096,1.0,1.0,0.0,0.0,0.958857990671743
1,0,fil,fil,fil,0.0,fil_0,catégoriser,0.6874797940254211,0.8416555786094644,0.20844347432191002,0.47839222194118425,1.0,1.0,0.0,0.0,0.958857990671743
1,1,fil,catégoriser,catégoriser,0.3798835578173603,catégoriser_1,fermé,0.43150532245635986,0.9807649191961153,0.2850674596588758,0.5797812254628308,0.3749609887599945,0.9851501538088333,0.4727874982812925,0.6971442939778633,0.958857990671743
1,1,fil,catégoriser,catégoriser,0.3798835578173603,catégoriser_1,classer,0.4780006408691406,0.9377872876035319,0.36447588389861485,0.6158197321570553,0.3749609887599945,0.9851501538088333,0.4727874982812925,0.6971442939778633,0.958857990671743
1,2,fil,classer,classer,0.7941239931886883,classer_2,catégorie,0.2897690534591675,0.8418269999360664,0.5361009455566965,0.6696436815375804,0.27635329961776733,0.8032117383411836,0.44655914758121923,0.6001403573356029,0.8551604818125869
1,2,fil,classer,classer,0.7941239931886883,classer_2,billet,0.2600996792316437,0.8504418288251663,0.4447241487856631,0.6170714532343767,0.27635329961776733,0.8032117383411836,0.44655914758121923,0.6001403573356029,0.8551604818125869
1,3,fil,catégorie,catégorie,1.2477447931199368,catégorie_3,fermé,0.16397862136363983,0.8268695055583994,0.7055121708788651,0.7587069016606759,0.12051987648010254,0.7544754706745495,0.7379739231515419,0.745234565503603,0.7626775359525475
1,3,fil,catégorie,catégorie,1.2477447931199368,catégorie_3,commentaire,0.19467617571353912,0.8263119068766517,0.5851307869353811,0.6902998277774177,0.12051987648010254,0.7544754706745495,0.7379739231515419,0.745234565503603,0.7626775359525475
1,4,fil,catégorie,fermé,1.746752134546969,fermé,,,,,,0.3339374363422394,0.8258983796798456,0.35977615921212636,0.5641275152439396,0.6801963329897266
