num_path,num_step,cue,best_word,temporary_best_word,q-value,current_word,neighbours,similarity,adequacy,originality,likeability,similarity_to_cue,adequacy_to_cue,originality_to_cue,likeability_to_cue,goal_value
1,0,rayon,rayon,rayon,0.0,rayon_0,courbure,0.7064785957336426,0.867211323650058,0.11538385713853636,0.4236171917479765,1.0,1.0,0.0,0.0,0.958857990671743
1,0,rayon,rayon,rayon,0.0,rayon_0,giration,0.7222117781639099,1.0,0.19636537347571126,0.5402551586938411,1.0,1.0,0.0,0.0,0.958857990671743
1,1,rayon,giration,giration,0.3953492920055245,giration_1,rotation,0.4937174618244171,0.8723714486141478,0.2887507048267895,0.5362300764566252,0.44442495703697205,0.8902365177841144,0.43987112448328897,0.631640311428146,0.958857990671743
1,1,rayon,giration,giration,0.3953492920055245,giration_1,rotation,0.4937174618244171,0.8353714486141479,0.3467507048267895,0.5594036548996384,0.44442495703697205,0.8902365177841144,0.43987112448328897,0.631640311428146,0.958857990671743
1,2,rayon,rotation,rotation,0.7954857080624983,rotation_2,déflexion,0.36276039481163025,0.9141741978105153,0.413137844839651,0.6301626808379789,0.3391268849372864,0.951916582308797,0.5226411033652152,0.7116439861434194,0.8551604818125869
1,2,rayon,rotation,rotation,0.7954857080624983,rotation_2,inclinaison,0.3583165109157562,0.8454186299720176,0.4655770000347851,0.6313116005216572,0.3391268849372864,0.951916582308797,0.5226411033652152,0.7116439861434194,0.8551604818125869
1,3,rayon,inclinaison,inclinaison,1.2395234877397658,inclinaison_3,vitesse,0.2706855237483978,0.8835983147914266,0.5634628193842237,0.7025046932632477,0.2788851261138916,0.8599156709111276,0.413380837444983,0.6081947305980532,0.7626775359525475
1,3,rayon,inclinaison,inclinaison,1.2395234877397658,inclinaison_3,vitesse,0.2706855237483978,0.9155983147914266,0.5814628193842237,0.7269783531248319,0.2788851261138916,0.8599156709111276,0.413380837444983,0.6081947305980532,0.7626775359525475
1,4,rayon,rotation,vitesse,1.730598692032837,vitesse,,,,,,0.3061378002166748,0.8978707764591971,0.40339554113098136,0.6157192960609195,0.6801963329897266
