num_path,num_step,cue,best_word,temporary_best_word,q-value,current_word,neighbours,similarity,adequacy,originality,likeability,similarity_to_cue,adequacy_to_cue,originality_to_cue,likeability_to_cue,goal_value
1,0,faim,faim,faim,0.0,faim_0,affamer,0.7917216420173645,1.0,0.14345029368931006,0.5211460951008036,1.0,1.0,0.0,0.0,0.958857990671743
1,0,faim,faim,faim,0.0,faim_0,famine,0.760428249835968,0.8892384156183809,0.25683515359105114,0.5274068517025343,1.0,1.0,0.0,0.0,0.958857990671743
1,1,faim,famine,famine,0.39213721525769785,famine_1,disette,0.5863670110702515,0.8944097819585296,0.28074496565642226,0.5357369797092661,0.5208578705787659,0.9410966761369405,0.3105251629343266,0.5799907177076965,0.958857990671743
1,1,faim,famine,famine,0.39213721525769785,famine_1,sous-alimentation,0.6147738099098206,0.8572916832479518,0.25556497589743754,0.5183997448872911,0.5208578705787659,0.9410966761369405,0.3105251629343266,0.5799907177076965,0.958857990671743
1,2,faim,disette,disette,0.7863569625170787,disette_2,inanition,0.3924713432788849,0.8967551855688126,0.45459409160709613,0.6485412912656164,0.41652804613113403,0.9549548888873884,0.38387625885120813,0.6239086046440508,0.8551604818125869
1,2,faim,disette,disette,0.7863569625170787,disette_2,misère,0.41044893860816956,0.982183119718346,0.33331088714794926,0.6185548505181743,0.41652804613113403,0.9549548888873884,0.38387625885120813,0.6239086046440508,0.8551604818125869
1,3,faim,inanition,inanition,1.234702164880336,inanition_3,nourriture,0.2602137625217438,0.8994768625804292,0.5616236175820448,0.7078382838135104,0.5583012104034424,0.822067922195553,0.29089735694663266,0.5167556055692129,0.7626775359525475
1,3,faim,inanition,inanition,1.234702164880336,inanition_3,nourriture,0.2602137625217438,0.9574768625804292,0.4346236175820448,0.6566828672746542,0.5583012104034424,0.822067922195553,0.29089735694663266,0.5167556055692129,0.7626775359525475
1,4,faim,disette,nourriture,1.7209923518455768,nourriture,,,,,,0.4952278137207031,0.8105226509553095,0.3607269735193135,0.5578070495990924,0.6801963329897266
