num_path,num_step,cue,best_word,temporary_best_word,q-value,current_word,neighbours,similarity,adequacy,originality,likeability,similarity_to_cue,adequacy_to_cue,originality_to_cue,likeability_to_cue,goal_value
1,0,pierre,pierre,pierre,0.0,pierre_0,jacques,0.7517344951629639,1.0,0.17144554007056678,0.5294650174826997,1.0,1.0,0.0,0.0,0.958857990671743
1,0,pierre,pierre,pierre,0.0,pierre_0,jacques,0.7517344951629639,0.9733164248159057,0.22344554007056677,0.5400372843090206,1.0,1.0,0.0,0.0,0.958857990671743
1,1,pierre,jacques,jacques,0.39529482340931943,jacques_1,alain,0.5783555507659912,0.9824128404433432,0.1869043657474396,0.5362534749321667,0.5034703612327576,0.8793470862772433,0.3331604961221736,0.5652061868446738,0.958857990671743
1,1,pierre,jacques,jacques,0.39529482340931943,jacques_1,joseph,0.5220730304718018,0.9292202083183508,0.32471713190376505,0.5812705107691157,0.5034703612327576,0.8793470862772433,0.3331604961221736,0.5652061868446738,0.958857990671743
1,2,pierre,joseph,joseph,0.8008979534336627,joseph_2,marc,0.3788985013961792,0.9587586227030156,0.38379791623051945,0.626818612338876,0.4636271595954895,0.8003049711574717,0.4344064734870165,0.5901568179190713,0.8551604818125869
1,2,pierre,joseph,joseph,0.8008979534336627,joseph_2,marc,0.3788985013961792,0.9717586227030156,0.32479791623051946,0.6061329844526756,0.4636271595954895,0.8003049711574717,0.4344064734870165,0.5901568179190713,0.8551604818125869
1,3,pierre,marc,marc,1.2438124860652349,marc_3,martin,0.26699650287628174,0.8155197623981112,0.45567497126377915,0.6112253212404312,0.445576012134552,0.7973641585205227,0.29705728554502725,0.5102626937262692,0.7626775359525475
1,3,pierre,marc,marc,1.2438124860652349,marc_3,martin,0.26699650287628174,0.8495197623981112,0.5736749712637792,0.6929241750409054,0.445576012134552,0.7973641585205227,0.29705728554502725,0.5102626937262692,0.7626775359525475
1,4,pierre,joseph,martin,1.7263741458373243,martin,,,,,,0.42901933193206787,0.9344727907258621,0.3238503241170903,0.5881582985878303,0.6801963329897266
