num_path,num_step,cue,best_word,temporary_best_word,q-value,current_word,neighbours,similarity,adequacy,originality,likeability,similarity_to_cue,adequacy_to_cue,originality_to_cue,likeability_to_cue,goal_value
1,0,masse,masse,masse,0.0,masse_0,faible,0.7152457237243652,0.8374915600094474,0.17580557203270544,0.46451001670067216,1.0,1.0,0.0,0.0,0.958857990671743
1,0,masse,masse,masse,0.0,masse_0,faible,0.7152457237243652,0.8824915600094473,0.25380557203270543,0.529661828539275,1.0,1.0,0.0,0.0,0.958857990671743
1,1,masse,faible,faible,0.392700959466883,faible_1,densité,0.5488390922546387,0.9160237017655024,0.24207168006950047,0.5208168390137744,0.4304927587509155,0.9686463070946154,0.44879310564817837,0.6762285169737557,0.958857990671743
1,1,masse,faible,faible,0.392700959466883,faible_1,élever,0.557959258556366,0.8350295672069562,0.2981199688245041,0.5315587824921759,0.4304927587509155,0.9686463070946154,0.44879310564817837,0.6762285169737557,0.958857990671743
1,2,masse,élever,élever,0.7858761574219912,élever_2,diminuer,0.4334428608417511,0.8259904800912248,0.32968095128877994,0.5383237682686576,0.3017882704734802,0.9038340423618794,0.5320085501464864,0.6944266911229322,0.8551604818125869
1,2,masse,élever,élever,0.7858761574219912,élever_2,diminution,0.3923061788082123,0.9157317836376572,0.40871733335316396,0.630223205595524,0.3017882704734802,0.9038340423618794,0.5320085501464864,0.6944266911229322,0.8551604818125869
1,3,masse,diminution,diminution,1.2296418383677254,diminution_3,augmentation,0.35630935430526733,0.7980707982302748,0.5251363267590918,0.644168076666446,0.32232144474983215,0.8755010406627062,0.5121300686312588,0.6693077851021741,0.7626775359525475
1,3,masse,diminution,diminution,1.2296418383677254,diminution_3,proportion,0.3052423894405365,0.934659528407304,0.5101376482356582,0.6967323892687224,0.32232144474983215,0.8755010406627062,0.5121300686312588,0.6693077851021741,0.7626775359525475
1,4,masse,élever,proportion,1.7131555516967691,proportion,,,,,,0.3867340683937073,0.9789296771976109,0.46088835066730777,0.6800724180445716,0.6801963329897266
