num_path,num_step,cue,best_word,temporary_best_word,q-value,current_word,neighbours,similarity,adequacy,originality,likeability,similarity_to_cue,adequacy_to_cue,originality_to_cue,likeability_to_cue,goal_value
1,0,horizon,horizon,horizon,0.0,horizon_0,avenir,0.72565096616745,0.9353528287749148,0.17417029907080975,0.48644831181864817,1.0,1.0,0.0,0.0,0.958857990671743
1,0,horizon,horizon,horizon,0.0,horizon_0,profiler,0.7521180510520935,0.9164424155204126,0.09319843911674526,0.42011085928071856,1.0,1.0,0.0,0.0,0.958857990671743
1,1,horizon,avenir,avenir,0.38189758028672627,avenir_1,profiler,0.48579564690589905,0.9605761255840926,0.3131398122112641,0.5815154096836617,0.4513033926486969,0.8209917666659713,0.4500207884368857,0.6090269757125061,0.958857990671743
1,1,horizon,avenir,avenir,0.38189758028672627,avenir_1,perspective,0.5890387892723083,0.9007509483087505,0.21002784816432823,0.511908214417143,0.4513033926486969,0.8209917666659713,0.4500207884368857,0.6090269757125061,0.958857990671743
1,2,horizon,profiler,profiler,0.787561935039706,profiler_2,entrevoir,0.31217554211616516,0.8532662626604857,0.49841405396273214,0.6526034176911244,0.5042375326156616,0.8204238445720003,0.40764411660908145,0.5866704969559675,0.8551604818125869
1,2,horizon,profiler,profiler,0.787561935039706,profiler_2,perspective,0.3767353892326355,0.9214260556300018,0.3994386047070709,0.6290201848195995,0.5042375326156616,0.8204238445720003,0.40764411660908145,0.5866704969559675,0.8551604818125869
1,3,horizon,entrevoir,entrevoir,1.2369226690093402,entrevoir_3,esquisser,0.19807051122188568,0.8057778673769641,0.6058549188675241,0.6926691973019822,0.38254648447036743,0.9323102766775248,0.41604010996403273,0.6354920195427262,0.7626775359525475
1,3,horizon,entrevoir,entrevoir,1.2369226690093402,entrevoir_3,esquisser,0.19807051122188568,0.8967778673769642,0.651854918867524,0.758895324679589,0.38254648447036743,0.9323102766775248,0.41604010996403273,0.6354920195427262,0.7626775359525475
1,4,horizon,esquisser,esquisser,1.7359771161911006,esquisser,,,,,,0.35939908027648926,0.7996045248748891,0.5127375184504607,0.6389054626652103,0.6801963329897266
