num_path,num_step,cue,best_word,temporary_best_word,q-value,current_word,neighbours,similarity,adequacy,originality,likeability,similarity_to_cue,adequacy_to_cue,originality_to_cue,likeability_to_cue,goal_value
1,0,visage,visage,visage,0.0,visage_0,sourire,0.7932590842247009,0.9215905592841874,0.17044006957602217,0.48954276113730616,1.0,1.0,0.0,0.0,0.958857990671743
1,0,visage,visage,visage,0.0,visage_0,sourire,0.7932590842247009,0.8755905592841875,0.19244006957602217,0.490215118965077,1.0,1.0,0.0,0.0,0.958857990671743
1,1,visage,sourire,sourire,0.3828392820733335,sourire_1,grimace,0.5867451429367065,0.9364577937696078,0.32450184202519333,0.5858675483416331,0.5865198373794556,0.8964291757521342,0.30264670032799745,0.5520297147208039,0.958857990671743
1,1,visage,sourire,sourire,0.3828392820733335,sourire_1,souriant,0.6016407012939453,0.8464241097601675,0.28295021815364607,0.5206976245053714,0.5865198373794556,0.8964291757521342,0.30264670032799745,0.5520297147208039,0.958857990671743
1,2,visage,grimace,grimace,0.789591671490806,grimace_2,grimacer,0.4281952381134033,0.8643752599518733,0.4094423051722951,0.6063896480902611,0.47217148542404175,0.9381912871846656,0.27048862946037233,0.5563503784801164,0.8551604818125869
1,2,visage,grimace,grimace,0.789591671490806,grimace_2,dévisager,0.45400047302246094,0.8132832477055049,0.43712733632902034,0.5976153318788927,0.47217148542404175,0.9381912871846656,0.27048862946037233,0.5563503784801164,0.8551604818125869
1,3,visage,grimacer,grimacer,1.2273989630602244,grimacer_3,rictus,0.3565613925457001,0.8861147030160963,0.36094031699145707,0.588589020010266,0.44206634163856506,0.9689733022690132,0.3025415182096048,0.587215878326705,0.7626775359525475
1,3,visage,grimacer,grimacer,1.2273989630602244,grimacer_3,soupirer,0.32959747314453125,0.9040221691810894,0.5162549518060252,0.6859641625805468,0.44206634163856506,0.9689733022690132,0.3025415182096048,0.587215878326705,0.7626775359525475
1,4,visage,grimacer,soupirer,1.7082206197172243,soupirer,,,,,,0.4173850417137146,0.8290618647291625,0.34425333777732414,0.5538491171599329,0.6801963329897266
