num_path,num_step,cue,best_word,temporary_best_word,q-value,current_word,neighbours,similarity,adequacy,originality,likeability,similarity_to_cue,adequacy_to_cue,originality_to_cue,likeability_to_cue,goal_value
1,0,acte,acte,acte,0.0,acte_0,notarié,0.7593561410903931,0.9738705123073206,0.10952813249502574,0.48257740881185635,1.0,1.0,0.0,0.0,0.958857990671743
1,0,acte,acte,acte,0.0,acte_0,notarié,0.7593561410903931,1.0,0.22452813249502573,0.5578539367934608,1.0,1.0,0.0,0.0,0.958857990671743
1,1,acte,notarié,notarié,0.39974898653042945,notarié_1,registre,0.49257737398147583,0.8752572466552928,0.37752425088294606,0.5870573992646895,0.518713653087616,0.897879229552567,0.4109525576005778,0.6253096794311559,0.958857990671743
1,1,acte,notarié,notarié,0.39974898653042945,notarié_1,tabellion,0.49609315395355225,0.9006092438370347,0.43514096675882685,0.6399253010139788,0.518713653087616,0.897879229552567,0.4109525576005778,0.6253096794311559,0.958857990671743
1,2,acte,tabellion,tabellion,0.8200158141159883,tabellion_2,hypothèque,0.33287978172302246,0.819686943918318,0.5266222034486894,0.6536953955778553,0.32759779691696167,0.9186107062536646,0.5168642309205354,0.6900541715373925,0.8551604818125869
1,2,acte,tabellion,tabellion,0.8200158141159883,tabellion_2,notaire,0.3989168107509613,0.8866522623494232,0.35380202999932076,0.5835114896050049,0.32759779691696167,0.9186107062536646,0.5168642309205354,0.6900541715373925,0.8551604818125869
1,3,acte,hypothèque,hypothèque,1.2696495425573056,hypothèque_3,notaire,0.28637975454330444,0.7839400600785934,0.5249761994070714,0.6385476535481952,0.33808499574661255,0.9557146920243464,0.4864691648342613,0.6857412062444701,0.7626775359525475
1,3,acte,hypothèque,hypothèque,1.2696495425573056,hypothèque_3,registre,0.216837540268898,0.7924386622777334,0.6470320265308843,0.7104292597426606,0.33808499574661255,0.9557146920243464,0.4864691648342613,0.6857412062444701,0.7626775359525475
1,4,acte,tabellion,registre,1.7565874735048337,registre,,,,,,0.3934289813041687,0.8958904568037596,0.48087996701226016,0.6605932468667456,0.6801963329897266
