num_path,num_step,cue,best_word,temporary_best_word,q-value,current_word,neighbours,similarity,adequacy,originality,likeability,similarity_to_cue,adequacy_to_cue,originality_to_cue,likeability_to_cue,goal_value
1,0,rose,rose,rose,0.0,rose_0,violet,0.8109875321388245,0.9491906893335165,0.1967234203762283,0.5236478930874097,1.0,1.0,0.0,0.0,0.958857990671743
1,0,rose,rose,rose,0.0,rose_0,mauve,0.7915735244750977,0.8819031423151689,0.10554757191149204,0.44703328202781073,1.0,1.0,0.0,0.0,0.958857990671743
1,1,rose,violet,violet,0.39119747560391666,violet_1,couleur,0.6074894070625305,0.9422392563069959,0.23721217855681268,0.5431576174743378,0.6219766139984131,0.8893754261619351,0.26197795715749483,0.5271270347923049,0.958857990671743
1,1,rose,violet,violet,0.39119747560391666,violet_1,bleu,0.6648706793785095,0.8508649531550943,0.25976709114200414,0.5103600189911036,0.6219766139984131,0.8893754261619351,0.26197795715749483,0.5271270347923049,0.958857990671743
1,2,rose,couleur,couleur,0.7872723823045653,couleur_2,rouge,0.4959775507450104,0.8165976769741532,0.24321923081343186,0.4882822348279553,0.4935294985771179,0.8423526247741142,0.24187819075911024,0.5039313549718752,0.8551604818125869
1,2,rose,couleur,couleur,0.7872723823045653,couleur_2,mauve,0.4932745695114136,0.9193270919102543,0.33805112553397965,0.5885441414647196,0.4935294985771179,0.8423526247741142,0.24187819075911024,0.5039313549718752,0.8551604818125869
1,3,rose,mauve,mauve,1.2206182972175985,mauve_3,bleu,0.4402827322483063,0.8687727201953844,0.36780717417826103,0.58457600776461,0.5831485986709595,0.9070046961754843,0.2328156864671767,0.5258636892009841,0.7626775359525475
1,3,rose,mauve,mauve,1.2206182972175985,mauve_3,orangé,0.34268125891685486,0.9145959128945854,0.4998242022205778,0.6821338754650398,0.5831485986709595,0.9070046961754843,0.2328156864671767,0.5258636892009841,0.7626775359525475
1,4,rose,orangé,orangé,1.7004823820957216,orangé,,,,,,0.45959898829460144,0.913880765767957,0.2972117154468086,0.5541373153896033,0.6801963329897266
