num_path,num_step,cue,best_word,temporary_best_word,q-value,current_word,neighbours,similarity,adequacy,originality,likeability,likeability_to_cue,goal_value
1,0,lutte,lutte,lutte,0.0,lutte_0,éradiquer,0.5087146162986755,0.8018722558228699,0.3546362892189514,0.7286847007976943,0.0,0.9765627235666566
1,0,lutte,lutte,lutte,0.0,lutte_0,criminalisation,0.4459044635295868,0.9034004848739294,0.42282521950029656,0.8243954314006968,0.0,0.9765627235666566
1,0,lutte,lutte,lutte,0.0,lutte_0,lutter,0.7576327919960022,1.0,0.07564138537199203,0.8155910179748027,0.0,0.9765627235666566
1,1,lutte,criminalisation,criminalisation,0.46195817695851005,criminalisation_1,liberticide,0.4761333763599396,0.8345970238710696,0.39175917229008667,0.7633408401580623,0.851172919694026,0.9765627235666566
1,1,lutte,criminalisation,criminalisation,0.46195817695851005,criminalisation_1,lutter,0.6620268821716309,1.0,0.3115682097515317,0.8862227564274571,0.851172919694026,0.9765627235666566
1,1,lutte,criminalisation,criminalisation,0.46195817695851005,criminalisation_1,dénoncer,0.46563950181007385,0.8845152691685453,0.40100878099235765,0.8083947975427781,0.851172919694026,0.9765627235666566
1,2,lutte,lutter,lutter,0.9393731851737102,lutter,,,,,,0.8611243520147526,0.882999463820676
