num_path,num_step,cue,best_word,temporary_best_word,q-value,current_word,neighbours,similarity,adequacy,originality,likeability,likeability_to_cue,goal_value
1,0,avis,avis,avis,0.0,avis_0,examiner,0.3883758783340454,0.9621685913953724,0.3686566834414567,0.8635043157903578,0.0,0.9765627235666566
1,0,avis,avis,avis,0.0,avis_0,soumettre,0.3736358880996704,0.8839422671089896,0.5087966317688861,0.8257407267252049,0.0,0.9765627235666566
1,0,avis,avis,avis,0.0,avis_0,concernant,0.3773833215236664,0.8555261041337574,0.48994673210608786,0.7973605810511811,0.0,0.9765627235666566
1,1,avis,examiner,examiner,0.4717353980559253,examiner_1,rapporteur,0.4861651360988617,0.9506133359609169,0.37988770801846306,0.85852161297857,0.7522846377444415,0.9765627235666566
1,1,avis,examiner,examiner,0.4717353980559253,examiner_1,rapporteur,0.4861651360988617,0.9306133359609169,0.30188770801846304,0.8206751518214338,0.7522846377444415,0.9765627235666566
1,1,avis,examiner,examiner,0.4717353980559253,examiner_1,soumettre,0.5020421743392944,0.8762042276541363,0.4151225706815648,0.8011321379526025,0.7522846377444415,0.9765627235666566
1,2,avis,rapporteur,rapporteur,-0.05777487959109634,rapporteur_2,rapport,0.5696432590484619,0.9543696650105354,0.37553445473097385,0.8583781524700952,0.7674621671880338,0.882999463820676
1,2,avis,rapporteur,rapporteur,-0.05777487959109634,rapporteur_2,saisine,0.5196637511253357,0.8359754990090911,0.3293198321439125,0.7527834712016165,0.7674621671880338,0.882999463820676
1,2,avis,rapporteur,rapporteur,-0.05777487959109634,rapporteur_2,défavorable,0.605104923248291,0.8569038108912994,0.28973538862746484,0.7587074200861521,0.7674621671880338,0.882999463820676
1,3,avis,rapport,rapport,-0.5639302074287416,rapport,,,,,,0.8666711526262467,0.7984003836025823
