num_path,num_step,cue,best_word,temporary_best_word,q-value,current_word,neighbours,similarity,adequacy,originality,likeability,likeability_to_cue,goal_value
1,0,passion,passion,passion,0.0,passion_0,passionnément,0.46990567445755005,0.8639578608690811,0.30905371458889824,0.7732760825271114,0.0,0.9765627235666566
1,0,passion,passion,passion,0.0,passion_0,joie,0.48915067315101624,0.8649135348534159,0.2538533611220354,0.7576004230245121,0.0,0.9765627235666566
1,0,passion,passion,passion,0.0,passion_0,passionnément,0.46990567445755005,0.9259578608690812,0.31705371458889825,0.8269239902235206,0.0,0.9765627235666566
1,1,passion,passionnément,passionnément,0.462590316664216,passionnément_1,amant,0.48603755235671997,0.8056004888616054,0.3999747506344563,0.7419127817164898,0.7585319588398767,0.9765627235666566
1,1,passion,passionnément,passionnément,0.462590316664216,passionnément_1,aimer,0.5440553426742554,0.9985081412690807,0.34620510908205776,0.8887937511724434,0.7585319588398767,0.9765627235666566
1,1,passion,passionnément,passionnément,0.462590316664216,passionnément_1,bonheur,0.5273205041885376,0.8107565211742231,0.38623506601194557,0.740626579848401,0.7585319588398767,0.9765627235666566
1,2,passion,aimer,aimer,0.9406480735656627,aimer,,,,,,0.7843976653007847,0.882999463820676
