num_path,num_step,cue,best_word,temporary_best_word,q-value,current_word,neighbours,similarity,adequacy,originality,likeability,likeability_to_cue,goal_value
1,0,rôle,rôle,rôle,0.0,rôle_0,primordial,0.5153488516807556,0.9875392243605469,0.2831966139306063,0.8646766941036224,0.0,0.9765627235666566
1,0,rôle,rôle,rôle,0.0,rôle_0,contexte,0.452422559261322,0.9791130196376763,0.38823452416894155,0.8812950453237837,0.0,0.9765627235666566
1,0,rôle,rôle,rôle,0.0,rôle_0,prépondérant,0.4415569007396698,0.9549161484651323,0.4649027999671922,0.8760263194352244,0.0,0.9765627235666566
1,1,rôle,contexte,contexte,0.47618308043928176,contexte_1,contribuer,0.5918501019477844,0.8311148757790003,0.35422284749877436,0.7528778320933504,0.749055627664931,0.9765627235666566
1,1,rôle,contexte,contexte,0.47618308043928176,contexte_1,perspective,0.5790542960166931,0.9814982971414734,0.25245371747682077,0.8590782297179085,0.749055627664931,0.9765627235666566
1,1,rôle,contexte,contexte,0.47618308043928176,contexte_1,approche,0.5671454668045044,0.9460778181898263,0.2951525752061517,0.8331184295108183,0.749055627664931,0.9765627235666566
1,2,rôle,perspective,perspective,-0.05318804302290531,perspective_2,importance,0.6142095327377319,0.9302086272178552,0.3399246556007061,0.8333672758749503,0.7707093993910108,0.882999463820676
1,2,rôle,perspective,perspective,-0.05318804302290531,perspective_2,réflexion,0.5845922827720642,0.9151856243381777,0.2118865076795991,0.7956543009377514,0.7707093993910108,0.882999463820676
1,2,rôle,perspective,perspective,-0.05318804302290531,perspective_2,enjeu,0.6555742025375366,0.8840759172357817,0.2306555393351154,0.7666250572995965,0.7707093993910108,0.882999463820676
1,3,rôle,importance,importance,-0.5655960900093366,importance,,,,,,0.7863231225234698,0.7984003836025823
