num_path,num_step,cue,best_word,temporary_best_word,q-value,current_word,neighbours,similarity,adequacy,originality,likeability,likeability_to_cue,goal_value
1,0,position,position,position,0.0,position_0,écarter,0.38458988070487976,0.8696143425741657,0.38650030672326896,0.7910635232721038,0.0,0.9765627235666566
1,0,position,position,position,0.0,position_0,important,0.3923877775669098,0.8647433478973928,0.44365644352129074,0.7970232749058449,0.0,0.9765627235666566
1,0,position,position,position,0.0,position_0,placer,0.40071749687194824,0.8608973946891932,0.4444692580507784,0.7937245636817867,0.0,0.9765627235666566
1,1,position,important,important,0.45511513783479707,important_1,significatif,0.45997169613838196,0.8259202064682083,0.3229517393614475,0.7456812985530171,0.799178708628,0.9765627235666566
1,1,position,important,important,0.45511513783479707,important_1,être,0.4586370885372162,0.9707787879617387,0.4498830715535415,0.8857914209932417,0.799178708628,0.9765627235666566
1,1,position,important,important,0.45511513783479707,important_1,relativement,0.4439273178577423,0.8571811709680092,0.3512232472074161,0.7720232202570165,0.799178708628,0.9765627235666566
1,2,position,être,être,0.9324223121914433,être,,,,,,0.8098291865609116,0.882999463820676
