num_path,num_step,cue,best_word,temporary_best_word,q-value,current_word,neighbours,similarity,adequacy,originality,likeability,likeability_to_cue,goal_value
1,0,sens,sens,sens,0.0,sens_0,agir,0.513756275177002,0.852378751321942,0.35526052144710935,0.7737471471789651,0.0,0.9765627235666566
1,0,sens,sens,sens,0.0,sens_0,esprit,0.5810251832008362,0.870740842522164,0.31218330300008434,0.7772295322908229,0.0,0.9765627235666566
1,0,sens,sens,sens,0.0,sens_0,signification,0.5566217303276062,0.8268800095360597,0.2099910719054809,0.7198738181660517,0.0,0.9765627235666566
1,1,sens,esprit,esprit,0.4501667021810416,esprit_1,pensée,0.5927395224571228,1.0,0.31565216844720206,0.8881171808543556,0.7912748362088614,0.9765627235666566
1,1,sens,esprit,esprit,0.4501667021810416,esprit_1,imagination,0.5382601618766785,0.840893224293497,0.3560123473525207,0.7642349871423596,0.7912748362088614,0.9765627235666566
1,1,sens,esprit,esprit,0.4501667021810416,esprit_1,conscient,0.5298976898193359,0.9160218386261393,0.27752916498432917,0.8039703380768181,0.7912748362088614,0.9765627235666566
1,2,sens,esprit,pensée,0.9280553165029664,pensée,,,,,,0.7692137042472496,0.882999463820676
