num_path,num_step,cue,best_word,temporary_best_word,q-value,current_word,neighbours,similarity,adequacy,originality,likeability,similarity_to_cue,adequacy_to_cue,originality_to_cue,likeability_to_cue,goal_value
1,0,lèvre,lèvre,lèvre,0.0,lèvre_0,visage,0.7829403281211853,1.0,0.1572036594177596,0.7973719013065517,1.0,1.0,0.0,0.0,0.9926251262096222
1,0,lèvre,lèvre,lèvre,0.0,lèvre_0,baiser,0.7875321507453918,0.9572791892506036,0.0831986601015679,0.7411908217241914,1.0,1.0,0.0,0.0,0.9926251262096222
1,1,lèvre,visage,visage,0.4511866937742324,visage_1,fluet,0.571923017501831,0.9786387642075599,0.32905916727399914,0.827248907700053,0.56588214635849,0.9409313650003606,0.29897168619167325,0.7950859875219718,0.9926251262096222
1,1,lèvre,visage,visage,0.4511866937742324,visage_1,sourire,0.652935266494751,0.8545859661093889,0.25232747760886753,0.7057403624602044,0.56588214635849,0.9409313650003606,0.29897168619167325,0.7950859875219718,0.9926251262096222
1,2,lèvre,fluet,fluet,0.90984263914684,fluet_2,bouche,0.41085752844810486,0.8952357208760299,0.42201194334311626,0.7889316302462476,0.49184882640838623,0.8151842327481178,0.42701892337070313,0.7278037259290867,0.9399901888405222
1,2,lèvre,fluet,fluet,0.90984263914684,fluet_2,rictus,0.4235786199569702,0.8608222801171213,0.3677676474770386,0.7451083896219579,0.49184882640838623,0.8151842327481178,0.42701892337070313,0.7278037259290867,0.9399901888405222
1,3,lèvre,bouche,bouche,0.37207799949827136,bouche_3,sourire,0.3537246286869049,0.9586167284540454,0.5121498860389706,0.8567582559070991,0.5911551713943481,0.8340244361394638,0.1856688593767862,0.6801638477896655,0.8901462715239048
1,3,lèvre,bouche,bouche,0.37207799949827136,bouche_3,sourire,0.3537246286869049,0.9386167284540455,0.4201498860389705,0.8167182977119671,0.5911551713943481,0.8340244361394638,0.1856688593767862,0.6801638477896655,0.8901462715239048
1,4,lèvre,visage,sourire,0.86373099559407,sourire,,,,,,0.6462092399597168,0.8703715667907805,0.16659028065842035,0.7044998115160742,0.8429453776377025
