num_path,num_step,cue,best_word,temporary_best_word,q-value,current_word,neighbours,similarity,adequacy,originality,likeability,similarity_to_cue,adequacy_to_cue,originality_to_cue,likeability_to_cue,goal_value
1,0,soeur,soeur,soeur,0.0,soeur_0,tante,0.8234795331954956,0.9949662464276685,0.2193867783970849,0.8097318012547542,1.0,1.0,0.0,0.0,0.9926251262096222
1,0,soeur,soeur,soeur,0.0,soeur_0,fille,0.8386411070823669,1.0,0.052169394096591104,0.740707518602026,1.0,1.0,0.0,0.0,0.9926251262096222
1,1,soeur,tante,tante,0.45427666876128303,tante_1,frère,0.6766868829727173,1.0,0.24928298959721715,0.8182377027404361,0.6469606757164001,0.8435048368595219,0.3121139167399009,0.7184431216440217,0.9926251262096222
1,1,soeur,tante,tante,0.45427666876128303,tante_1,frère,0.6766868829727173,0.9292877156169175,0.17528298959721716,0.7514801203566697,0.6469606757164001,0.8435048368595219,0.3121139167399009,0.7184431216440217,0.9926251262096222
1,2,soeur,frère,frère,0.9106798128939865,frère_2,nièce,0.5178041458129883,0.870787187013614,0.2465586266314675,0.7171260891611329,0.798970103263855,0.9579644680152665,0.06367952025459762,0.7227549851355193,0.9399901888405222
1,2,soeur,frère,frère,0.9106798128939865,frère_2,père,0.5750816464424133,0.9570160697852115,0.20901757491742595,0.7682324311954347,0.798970103263855,0.9579644680152665,0.06367952025459762,0.7227549851355193,0.9399901888405222
1,3,soeur,père,père,0.3677403734827146,père_3,mari,0.41216883063316345,0.8364038143670163,0.3480533965241595,0.7242694702964851,0.6658046245574951,0.9790502589016293,0.23317558995240384,0.7940745542411011,0.8901462715239048
1,3,soeur,père,père,0.3677403734827146,père_3,oncle,0.4170283377170563,0.9900173919185067,0.494512546998652,0.8757255774985441,0.6658046245574951,0.9790502589016293,0.23317558995240384,0.7940745542411011,0.8901462715239048
1,4,soeur,père,oncle,0.8641351999763744,oncle,,,,,,0.5182154774665833,0.8668288005002799,0.33528448163421454,0.7422211225466515,0.8429453776377025
