num_path,num_step,cue,best_word,temporary_best_word,q-value,current_word,neighbours,similarity,adequacy,originality,likeability,similarity_to_cue,adequacy_to_cue,originality_to_cue,likeability_to_cue,goal_value
1,0,pierre,pierre,pierre,0.0,pierre_0,alain,0.7302134037017822,1.0,0.21725505601199788,0.8078730388645953,1.0,1.0,0.0,0.0,0.9926251262096222
1,0,pierre,pierre,pierre,0.0,pierre_0,claude,0.7453699111938477,0.9612643959778481,0.2585404895829457,0.7905290998472652,1.0,1.0,0.0,0.0,0.9926251262096222
1,1,pierre,alain,alain,0.4538119781637433,alain_1,jean,0.6115135550498962,0.9578153972999143,0.2816438178334014,0.7973046584212726,0.46042826771736145,0.9479684672765418,0.3096333829127409,0.7964518888655833,0.9926251262096222
1,1,pierre,alain,alain,0.4538119781637433,alain_1,jacques,0.5954009890556335,0.8265820321082921,0.3259455307311752,0.7104240659190266,0.46042826771736145,0.9479684672765418,0.3096333829127409,0.7964518888655833,0.9926251262096222
1,2,pierre,jean,jean,-0.09501813878334409,jean_2,robert,0.39825254678726196,0.973561240666472,0.40729433948252364,0.8380879699697681,0.607899010181427,0.9162973187793779,0.18995062649322164,0.7331788591960207,0.9399901888405222
1,2,pierre,jean,jean,-0.09501813878334409,jean_2,marc,0.4409964680671692,0.8348531477432979,0.3383004461928893,0.7186986358598427,0.607899010181427,0.9162973187793779,0.18995062649322164,0.7331788591960207,0.9399901888405222
1,3,pierre,robert,robert,0.3795063064989674,robert_3,claude,0.3492944538593292,0.8628220269175848,0.501615708416154,0.7795475211415058,0.39690810441970825,0.9093760251969478,0.5082918414357076,0.817741070434176,0.8901462715239048
1,3,pierre,robert,robert,0.3795063064989674,robert_3,marc,0.3105187714099884,0.9408883127603147,0.5367770984538713,0.8508579789878169,0.39690810441970825,0.9093760251969478,0.5082918414357076,0.817741070434176,0.8901462715239048
1,4,pierre,marc,marc,0.8696842333649455,marc,,,,,,0.445576012134552,0.9853641585205226,0.46305728554502723,0.8662141201643244,0.8429453776377025
