num_path,num_step,cue,best_word,temporary_best_word,q-value,current_word,neighbours,similarity,adequacy,originality,likeability,similarity_to_cue,adequacy_to_cue,originality_to_cue,likeability_to_cue,goal_value
1,0,position,position,position,0.0,position_0,positionnement,0.7205712199211121,0.8679345099982483,0.16541176398173077,0.6999374678531728,1.0,1.0,0.0,0.0,0.9926251262096222
1,0,position,position,position,0.0,position_0,posture,0.7351291179656982,0.9011120458459592,0.2721096317147399,0.755544300838662,1.0,1.0,0.0,0.0,0.9926251262096222
1,1,position,posture,posture,0.44072979365725995,posture_1,attitude,0.5628529191017151,0.8925832516619632,0.33093775206966425,0.7638279404961084,0.4702596664428711,0.9109944007024926,0.31480899948683205,0.7728813227615317,0.9926251262096222
1,1,position,posture,posture,0.44072979365725995,posture_1,dominant,0.4770740866661072,0.8526929489032701,0.2551124157773179,0.711108672442014,0.4702596664428711,0.9109944007024926,0.31480899948683205,0.7728813227615317,0.9926251262096222
1,2,position,attitude,attitude,0.8835304972288816,attitude_2,crispation,0.3255711793899536,0.8461886351554374,0.5034993417697834,0.767988191791805,0.40766608715057373,0.980821971684225,0.43835037780173086,0.8585002135775412,0.9399901888405222
1,2,position,attitude,attitude,0.8835304972288816,attitude_2,distanciation,0.3358694911003113,0.8632811696488149,0.38423354093738105,0.753534751311018,0.40766608715057373,0.980821971684225,0.43835037780173086,0.8585002135775412,0.9399901888405222
1,3,position,crispation,crispation,1.3405299979667022,crispation_3,raidissement,0.22657561302185059,0.923127818910411,0.6259724110554176,0.8575756588740794,0.31214815378189087,0.7922600449768024,0.44143656289635613,0.7128942244480678,0.8901462715239048
1,3,position,crispation,crispation,1.3405299979667022,crispation_3,distancier,0.22085432708263397,0.8929834230185659,0.6032797432670517,0.8274693245654582,0.31214815378189087,0.7922600449768024,0.44143656289635613,0.7128942244480678,0.8901462715239048
1,4,position,attitude,raidissement,1.8323873448042458,raidissement,,,,,,0.3315267562866211,0.9504144970606645,0.4957061557050234,0.8451382992441828,0.8429453776377025
