num_path,num_step,cue,best_word,temporary_best_word,q-value,current_word,neighbours,similarity,adequacy,originality,likeability,similarity_to_cue,adequacy_to_cue,originality_to_cue,likeability_to_cue,goal_value
1,0,page,page,page,0.0,page_0,numéro,0.728740930557251,0.9682360260677646,0.1961963364468884,0.7807543258818229,1.0,1.0,0.0,0.0,0.9926251262096222
1,0,page,page,page,0.0,page_0,bibliographie,0.7252783179283142,0.8392473680044412,0.14540824210903652,0.6671462668317895,1.0,1.0,0.0,0.0,0.9926251262096222
1,1,page,numéro,numéro,0.44703229991805016,numéro_1,rubrique,0.509003758430481,0.9159012517394641,0.32844236501905394,0.7760785566643589,0.45748335123062134,0.8036561080720249,0.4136890822129075,0.7157851002395245,0.9926251262096222
1,1,page,numéro,numéro,0.44703229991805016,numéro_1,publication,0.5022621154785156,0.9952262254385972,0.3619743455558009,0.8476888709348702,0.45748335123062134,0.8036561080720249,0.4136890822129075,0.7157851002395245,0.9926251262096222
1,2,page,publication,publication,0.9107982360993622,publication_2,article,0.4102908968925476,0.790162744854976,0.47442655240689907,0.7190968157968733,0.3912011682987213,0.8765746704497351,0.4745424438349776,0.7857898206265452,0.9399901888405222
1,2,page,publication,publication,0.9107982360993622,publication_2,parution,0.39143887162208557,0.8716085481256188,0.4793648659023428,0.7819279408964167,0.3912011682987213,0.8765746704497351,0.4745424438349776,0.7857898206265452,0.9399901888405222
1,3,page,parution,parution,0.3712826741133358,parution_3,article,0.2694475054740906,0.9542388805403493,0.5065389928242936,0.8526394196855328,0.36931878328323364,0.9092538155456191,0.48309507587725437,0.8141033603967869,0.8901462715239048
1,3,page,parution,parution,0.3712826741133358,parution_3,publier,0.32834509015083313,0.7967650506548766,0.5412623571504385,0.7401677911424979,0.36931878328323364,0.9092538155456191,0.48309507587725437,0.8141033603967869,0.8901462715239048
1,4,page,parution,article,0.8619059611537429,article,,,,,,0.3700117766857147,0.9033654940972252,0.41856448677530467,0.7917796207448847,0.8429453776377025
