num_path,num_step,cue,best_word,temporary_best_word,q-value,current_word,neighbours,similarity,adequacy,originality,likeability,similarity_to_cue,adequacy_to_cue,originality_to_cue,likeability_to_cue,goal_value
1,0,faim,faim,faim,0.0,faim_0,inanition,0.7791498899459839,0.9350181816643173,0.22867865927162506,0.7618429024378321,1.0,1.0,0.0,0.0,0.9926251262096222
1,0,faim,faim,faim,0.0,faim_0,soif,0.7655630111694336,0.8930304885852691,0.1565116509075074,0.713587636878349,1.0,1.0,0.0,0.0,0.9926251262096222
1,1,faim,inanition,inanition,0.4423044440570525,inanition_1,sous-alimentation,0.527167022228241,0.9457407628730835,0.38133674649918337,0.8129382078256374,0.5583012104034424,0.8490679221955529,0.20189735694663266,0.6951691723924319,0.9926251262096222
1,1,faim,inanition,inanition,0.4423044440570525,inanition_1,famine,0.5516728758811951,0.9643328528213979,0.35421934479178563,0.8254754831584221,0.5583012104034424,0.8490679221955529,0.20189735694663266,0.6951691723924319,0.9926251262096222
1,2,faim,famine,famine,0.9005170332942525,famine_2,sous-alimenté,0.4040837585926056,0.8733494691444902,0.37298465542257586,0.7591551476162667,0.5208578705787659,0.8910966761369404,0.4225251629343266,0.7813108803436184,0.9399901888405222
1,2,faim,famine,famine,0.9005170332942525,famine_2,malnutrition,0.4023331105709076,0.8121153586519452,0.48927566918947013,0.7394136236311579,0.5208578705787659,0.8910966761369404,0.4225251629343266,0.7813108803436184,0.9399901888405222
1,3,faim,sous-alimenté,sous-alimenté,0.35530827298818857,sous-alimenté_3,malnutrition,0.33568719029426575,0.8412452404346648,0.5003789374908696,0.7632929057731449,0.47475266456604004,0.8994559544279872,0.40370935508314204,0.7818813370312198,0.8901462715239048
1,3,faim,sous-alimenté,sous-alimenté,0.35530827298818857,sous-alimenté_3,mourir,0.26681724190711975,0.9584667734522545,0.5508314741883356,0.8654061999297894,0.47475266456604004,0.8994559544279872,0.40370935508314204,0.7818813370312198,0.8901462715239048
1,4,faim,mourir,mourir,0.8491232550896597,mourir,,,,,,0.4945431053638458,0.9464541155438649,0.35219092955105474,0.8077663844864832,0.8429453776377025
