num_path,num_step,cue,best_word,temporary_best_word,q-value,current_word,neighbours,similarity,adequacy,originality,likeability,similarity_to_cue,adequacy_to_cue,originality_to_cue,likeability_to_cue,goal_value
1,0,lune,lune,lune,0.0,lune_0,astre,0.7997105717658997,0.8842773728698464,0.15619100589288815,0.7013504766569532,1.0,1.0,0.0,0.0,0.9926251262096222
1,0,lune,lune,lune,0.0,lune_0,couchant,0.7620081901550293,0.9117845166167786,0.20181333723856873,0.7429222461846089,1.0,1.0,0.0,0.0,0.9926251262096222
1,1,lune,couchant,couchant,0.43757427999374665,couchant_1,ciel,0.6279566884040833,0.9923096974828478,0.22317495191972894,0.8059772906037498,0.5240177512168884,0.9814184007578439,0.36842530367358134,0.8339793783924685,0.9926251262096222
1,1,lune,couchant,couchant,0.43757427999374665,couchant_1,soleil,0.6757727265357971,0.9380940924847996,0.2648620808404523,0.7788393156069718,0.5240177512168884,0.9814184007578439,0.36842530367358134,0.8339793783924685,0.9926251262096222
1,2,lune,ciel,ciel,0.8909123210922786,ciel_2,nuage,0.4633004367351532,0.8182707287555333,0.33063363423888836,0.7016109556410208,0.572554886341095,0.9207138217573624,0.3736505324680645,0.7898928611405879,0.9399901888405222
1,2,lune,ciel,ciel,0.8909123210922786,ciel_2,luire,0.4415115416049957,0.9439110543761754,0.35193497593478573,0.8083811641612969,0.572554886341095,0.9207138217573624,0.3736505324680645,0.7898928611405879,0.9399901888405222
1,3,lune,luire,luire,1.3580100649224722,luire_3,soleil,0.41932201385498047,0.8513020478271595,0.48484743899263316,0.7696545208810828,0.45071861147880554,0.9859282361440587,0.3274319448170429,0.8362755925167795,0.8901462715239048
1,3,lune,luire,luire,1.3580100649224722,luire_3,scintiller,0.3259793519973755,0.9572740556325287,0.5571696837042552,0.8682926431358352,0.45071861147880554,0.9859282361440587,0.3274319448170429,0.8362755925167795,0.8901462715239048
1,4,lune,luire,scintiller,1.8525466578254548,scintiller,,,,,,0.4502323865890503,0.8648753204326313,0.4377739754828272,0.767828560817797,0.8429453776377025
