num_path,num_step,cue,best_word,temporary_best_word,q-value,current_word,neighbours,similarity,adequacy,originality,likeability,similarity_to_cue,adequacy_to_cue,originality_to_cue,likeability_to_cue,goal_value
1,0,acte,acte,acte,0.0,acte_0,jugement,0.7224493026733398,0.8874540656716221,0.23621383734200593,0.7275400434253103,1.0,1.0,0.0,0.0,0.9926251262096222
1,0,acte,acte,acte,0.0,acte_0,notarié,0.7593561410903931,0.9388705123073205,0.2565281324950257,0.7789890934303997,1.0,1.0,0.0,0.0,0.9926251262096222
1,1,acte,notarié,notarié,0.44659099180519435,notarié_1,hypothèque,0.5038862824440002,0.9823886986787203,0.431880505800475,0.8532382367409008,0.518713653087616,0.9538792295525671,0.38295255760057784,0.8252337634431189,0.9926251262096222
1,1,acte,notarié,notarié,0.44659099180519435,notarié_1,registre,0.49257737398147583,0.9522572466552929,0.258524250882946,0.7880750077909006,0.518713653087616,0.9538792295525671,0.38295255760057784,0.8252337634431189,0.9926251262096222
1,2,acte,hypothèque,hypothèque,0.911744269438014,hypothèque_2,donation,0.3314647078514099,0.9434019497949253,0.3987559087877908,0.8201696859764115,0.33808499574661255,0.8307146920243464,0.4294691648342613,0.7399094116932479,0.9399901888405222
1,2,acte,hypothèque,hypothèque,0.911744269438014,hypothèque_2,notaire,0.3883633017539978,0.8851667695412414,0.4776661096791014,0.793833672291618,0.33808499574661255,0.8307146920243464,0.4294691648342613,0.7399094116932479,0.9399901888405222
1,3,acte,donation,donation,0.38178914372198636,donation_3,notaire,0.27597782015800476,0.9281064663943757,0.5748828371675636,0.8495556452661275,0.3103243410587311,0.8628437135559777,0.4599372505798474,0.769797279331791,0.8901462715239048
1,3,acte,donation,donation,0.38178914372198636,donation_3,seing,0.2713668644428253,0.8477950482056203,0.49287132676921186,0.7663788659442223,0.3103243410587311,0.8628437135559777,0.4599372505798474,0.769797279331791,0.8901462715239048
1,4,acte,notarié,notaire,0.871641487157542,notaire,,,,,,0.34973734617233276,0.8579024223824506,0.5322683877153348,0.78501517655645,0.8429453776377025
