num_path,num_step,cue,best_word,temporary_best_word,q-value,current_word,neighbours,similarity,adequacy,originality,likeability,similarity_to_cue,adequacy_to_cue,originality_to_cue,likeability_to_cue,goal_value
1,0,mer,mer,mer,0.0,mer_0,plage,0.7853283286094666,0.8944079000745806,0.1366418306263638,0.7031000659306426,1.0,1.0,0.0,0.0,0.9926251262096222
1,0,mer,mer,mer,0.0,mer_0,tyrrhénienne,0.7561808824539185,1.0,0.13257866344172367,0.7736146905558816,1.0,1.0,0.0,0.0,0.9926251262096222
1,1,mer,tyrrhénienne,tyrrhénienne,0.44524739108656486,tyrrhénienne_1,île,0.5393049716949463,0.926003362964831,0.37932500355783955,0.7976995554350399,0.5123633146286011,0.8352385991650042,0.23919203063695235,0.6932139499017655,0.9926251262096222
1,1,mer,tyrrhénienne,tyrrhénienne,0.44524739108656486,tyrrhénienne_1,océan,0.5451372265815735,0.9576240760936817,0.2444957337651718,0.7937457527577625,0.5123633146286011,0.8352385991650042,0.23919203063695235,0.6932139499017655,0.9926251262096222
1,2,mer,île,île,0.8965159983929193,île_2,océan,0.4143378734588623,0.9576794809322742,0.4034707297351604,0.831529976945105,0.5080134868621826,0.8658019661988328,0.40810669306402664,0.7608137319293055,0.9399901888405222
1,2,mer,île,île,0.8965159983929193,île_2,côte,0.4045977294445038,0.8294177977529997,0.387606087261517,0.7300503020444485,0.5080134868621826,0.8658019661988328,0.40810669306402664,0.7608137319293055,0.9399901888405222
1,3,mer,océan,océan,1.369400945419065,océan_3,côte,0.28507718443870544,0.7845945080958107,0.5320846923110975,0.7283925467063065,0.5891755819320679,0.8447685377014607,0.301939978503979,0.7200562326736336,0.8901462715239048
1,3,mer,océan,océan,1.369400945419065,océan_3,ionienne,0.3185839354991913,0.9446935209844296,0.5031691542217402,0.8459185508897707,0.5891755819320679,0.8447685377014607,0.301939978503979,0.7200562326736336,0.8901462715239048
1,4,mer,ionienne,ionienne,1.8583440152605315,ionienne,,,,,,0.5069035291671753,0.9676907477327121,0.2608518679842328,0.8018126750036038,0.8429453776377025
