num_path,num_step,cue,best_word,temporary_best_word,q-value,current_word,neighbours,similarity,adequacy,originality,likeability,similarity_to_cue,adequacy_to_cue,originality_to_cue,likeability_to_cue,goal_value
1,0,chambre,chambre,chambre,0.0,chambre_0,meubler,0.7500510215759277,1.0,0.26952965453502997,0.8317171097998871,1.0,1.0,0.0,0.0,0.9926251262096222
1,0,chambre,chambre,chambre,0.0,chambre_0,cuisinette,0.7471961975097656,0.9528458129183703,0.159366476210316,0.7685456275547148,1.0,1.0,0.0,0.0,0.9926251262096222
1,1,chambre,meubler,meubler,0.45977299589756626,meubler_1,kitchenette,0.5729819536209106,0.8847646696387154,0.2343744084125397,0.7300788629512456,0.5001033544540405,0.8510103354467288,0.3444302384135065,0.7363872039459513,0.9926251262096222
1,1,chambre,meubler,meubler,0.45977299589756626,meubler_1,meublé,0.5638450980186462,0.8686968040031094,0.21329348538881437,0.7148331527812346,0.5001033544540405,0.8510103354467288,0.3444302384135065,0.7363872039459513,0.9926251262096222
1,2,chambre,kitchenette,kitchenette,-0.10586356991702783,kitchenette_2,louer,0.4137429893016815,0.927604168195274,0.34090443800122333,0.7862085744135917,0.4610785245895386,0.9840370987630552,0.3091801969207176,0.8182636728295908,0.9399901888405222
1,2,chambre,kitchenette,kitchenette,-0.10586356991702783,kitchenette_2,canapé-lit,0.4414983093738556,0.8669095681581004,0.4339443626155456,0.7681614285529952,0.4610785245895386,0.9840370987630552,0.3091801969207176,0.8182636728295908,0.9399901888405222
1,3,chambre,louer,louer,0.3556910264762395,louer_3,spacieux,0.2667416036128998,0.8874443988417535,0.43089752139903653,0.7837270707618722,0.3658662438392639,0.9216906447383362,0.5317449097296064,0.8334386136244083,0.8901462715239048
1,3,chambre,louer,louer,0.3556910264762395,louer_3,location,0.30020570755004883,0.9494501621854281,0.49132825746493486,0.8432021512414122,0.3658662438392639,0.9216906447383362,0.5317449097296064,0.8334386136244083,0.8901462715239048
1,4,chambre,louer,location,0.8439549964056163,location,,,,,,0.3445643186569214,0.8979499937685151,0.4433368302057153,0.7951722846275471,0.8429453776377025
