num_path,num_step,cue,best_word,temporary_best_word,q-value,current_word,neighbours,similarity,adequacy,originality,likeability,similarity_to_cue,adequacy_to_cue,originality_to_cue,likeability_to_cue,goal_value
1,0,lutte,lutte,lutte,0.0,lutte_0,mobilisation,0.7702620625495911,0.8877146487259009,0.10746331902952327,0.6963176467550299,1.0,1.0,0.0,0.0,0.9926251262096222
1,0,lutte,lutte,lutte,0.0,lutte_0,mobilisation,0.7702620625495911,0.960714648725901,0.07246331902952327,0.7255340825332388,1.0,1.0,0.0,0.0,0.9926251262096222
1,1,lutte,mobilisation,mobilisation,0.43322723908090416,mobilisation_1,revendication,0.5501678586006165,0.9031683016649146,0.3432027673683714,0.7687297675665137,0.5405255556106567,0.9741324227096313,0.2695225521486257,0.7998139918915237,0.9926251262096222
1,1,lutte,mobilisation,mobilisation,0.43322723908090416,mobilisation_1,solidarité,0.5636531710624695,0.8586748033702892,0.3884180884693924,0.7472984463876536,0.5405255556106567,0.9741324227096313,0.2695225521486257,0.7998139918915237,0.9926251262096222
1,2,lutte,revendication,revendication,0.877253399420127,revendication_2,syndical,0.3908095061779022,0.9215187538445633,0.3268351396373723,0.7788191990922225,0.4332359731197357,0.9239664817169303,0.4648288751300969,0.8164426439342107,0.9399901888405222
1,2,lutte,revendication,revendication,0.877253399420127,revendication_2,solidarité,0.3871960937976837,0.8789971314643563,0.42854151613161046,0.7756169541280391,0.4332359731197357,0.9239664817169303,0.4648288751300969,0.8164426439342107,0.9399901888405222
1,3,lutte,syndical,syndical,1.3369606519830521,syndical_3,politique,0.2731229066848755,0.8172985784568826,0.4773493886103244,0.7395087317053715,0.32971471548080444,0.8450461407098399,0.5191607244306699,0.7719096188679678,0.8901462715239048
1,3,lutte,syndical,syndical,1.3369606519830521,syndical_3,mobiliser,0.30248597264289856,0.9520021461178327,0.5224276041944395,0.8541576688928043,0.32971471548080444,0.8450461407098399,0.5191607244306699,0.7719096188679678,0.8901462715239048
1,4,lutte,revendication,mobiliser,1.827963501325277,mobiliser,,,,,,0.45655709505081177,0.8995573224820084,0.2843367769312551,0.7488179408831115,0.8429453776377025
