num_path,num_step,cue,best_word,temporary_best_word,q-value,current_word,neighbours,similarity,adequacy,originality,likeability,similarity_to_cue,adequacy_to_cue,originality_to_cue,likeability_to_cue,goal_value
1,0,science,science,science,0.0,science_0,philosophie,0.7925301194190979,0.8952925335035831,0.11291916976658303,0.7029597047234216,1.0,1.0,0.0,0.0,0.9926251262096222
1,0,science,science,science,0.0,science_0,philosophie,0.7925301194190979,0.9662925335035831,0.14491916976658303,0.7644296398267152,1.0,1.0,0.0,0.0,0.9926251262096222
1,1,science,philosophie,philosophie,0.44295112840427325,philosophie_1,philosophe,0.576040506362915,0.8651316645583924,0.3443983587228057,0.7416731818411116,0.5850618481636047,0.8942447446578894,0.2235843987255151,0.7379424540613948,0.9926251262096222
1,1,science,philosophie,philosophie,0.44295112840427325,philosophie_1,épistémologie,0.6703346371650696,0.9609639479451325,0.2423065569728563,0.7933048656148454,0.5850618481636047,0.8942447446578894,0.2235843987255151,0.7379424540613948,0.9926251262096222
1,2,science,épistémologie,épistémologie,0.893121063255579,épistémologie_2,mathématique,0.4590426981449127,0.8018218227375842,0.4145999068447073,0.7113138814456648,0.6276733875274658,0.8282647058796024,0.3173550172534552,0.7082083292847566,0.9399901888405222
1,2,science,épistémologie,épistémologie,0.893121063255579,épistémologie_2,épistémologique,0.4942490756511688,0.8444246793238285,0.3283902373187143,0.7202211377864076,0.6276733875274658,0.8282647058796024,0.3173550172534552,0.7082083292847566,0.9399901888405222
1,3,science,épistémologique,épistémologique,0.3381788004920504,épistémologique_3,philosophique,0.3991330862045288,0.8416818283877615,0.36964181715022026,0.7334185639614692,0.48324453830718994,0.8023188090062238,0.404882475026988,0.7102906894118582,0.8901462715239048
1,3,science,épistémologique,épistémologique,0.3381788004920504,épistémologique_3,sociologie,0.35276320576667786,0.972446042495976,0.4399004537018071,0.8498704051086118,0.48324453830718994,0.8023188090062238,0.404882475026988,0.7102906894118582,0.8901462715239048
1,4,science,sociologie,sociologie,0.8281098338882271,sociologie,,,,,,0.5693872570991516,0.9403396112634494,0.2847002136727027,0.7860011644217763,0.8429453776377025
