num_path,num_step,cue,best_word,temporary_best_word,q-value,current_word,neighbours,similarity,adequacy,originality,likeability,similarity_to_cue,adequacy_to_cue,originality_to_cue,likeability_to_cue,goal_value
1,0,sens,sens,sens,0.0,sens_0,signification,0.8199015259742737,0.9822754623025358,0.04378183750373729,0.7493733056997728,1.0,1.0,0.0,0.0,0.9926251262096222
1,0,sens,sens,sens,0.0,sens_0,signification,0.8199015259742737,0.9722754623025358,0.2007818375037373,0.7784248016959561,1.0,1.0,0.0,0.0,0.9926251262096222
1,1,sens,signification,signification,0.4464499188715835,signification_1,signifiant,0.6452683806419373,0.9532055394168831,0.14518677643998776,0.7514606525757439,0.6398046016693115,0.955259492094741,0.20265196223193932,0.7821054594674075,0.9926251262096222
1,1,sens,signification,signification,0.4464499188715835,signification_1,pensée,0.6112543940544128,0.8637779062867647,0.30780914119515695,0.7350122033870248,0.6398046016693115,0.955259492094741,0.20265196223193932,0.7821054594674075,0.9926251262096222
1,2,sens,signifiant,signifiant,-0.1138411995368861,signifiant_2,métaphorique,0.44862833619117737,0.9347001468848701,0.41790342117084683,0.812119910507252,0.5176148414611816,0.837768042841526,0.36768481988387475,0.7272407069345396,0.9399901888405222
1,2,sens,signifiant,signifiant,-0.1138411995368861,signifiant_2,signifier,0.5174018144607544,0.9297465050527277,0.33282684618951736,0.7923715962643407,0.5176148414611816,0.837768042841526,0.36768481988387475,0.7272407069345396,0.9399901888405222
1,3,sens,métaphorique,métaphorique,0.3541912308797963,métaphorique_3,abstraire,0.3447706401348114,0.9659885473101432,0.5051740717430988,0.8612563109696814,0.4766570031642914,0.8666504369236747,0.3263991064864023,0.7438257544617776,0.8901462715239048
1,3,sens,métaphorique,métaphorique,0.3541912308797963,métaphorique_3,métonymie,0.33784493803977966,0.8496679961710173,0.4066601068667131,0.749554337039655,0.4766570031642914,0.8666504369236747,0.3263991064864023,0.7438257544617776,0.8901462715239048
1,4,sens,signification,abstraire,0.8469687407412405,abstraire,,,,,,0.5104371309280396,0.8580450774391762,0.3344816015714204,0.7362334721793148,0.8429453776377025
