num_path,num_step,cue,best_word,temporary_best_word,q-value,current_word,neighbours,similarity,adequacy,originality,likeability,similarity_to_cue,adequacy_to_cue,originality_to_cue,likeability_to_cue,goal_value
1,0,horizon,horizon,horizon,0.0,horizon_0,perspective,0.7696006298065186,0.8644750072212847,0.15389280634502078,0.6153766232448526,1.0,1.0,0.0,0.0,1.014644898242958
1,0,horizon,horizon,horizon,0.0,horizon_0,profiler,0.7521180510520935,1.0,0.21919843911674525,0.7467381402457045,1.0,1.0,0.0,0.0,1.014644898242958
1,1,horizon,profiler,profiler,0.43302331050068665,profiler_1,perspective,0.4922184944152832,0.9692212840202521,0.2967678898191735,0.7547850023027164,0.5042375326156616,0.9264238445720003,0.3016441166090814,0.7203956236977533,1.014644898242958
1,1,horizon,profiler,profiler,0.43302331050068665,profiler_1,entrevoir,0.48431122303009033,0.8464264883832044,0.3001533896853104,0.6661934249046173,0.5042375326156616,0.9264238445720003,0.3016441166090814,0.7203956236977533,1.014644898242958
1,2,horizon,perspective,perspective,0.8680583365156262,perspective_2,avenir,0.3587351441383362,0.9184906574263065,0.4382522413268302,0.7711450710011375,0.5392026901245117,0.8969925674405829,0.35039227254914934,0.7226644881611604,0.9414700795315589
1,2,horizon,perspective,perspective,0.8680583365156262,perspective_2,entrevoir,0.3295370042324066,0.9720097990330505,0.45830355595388705,0.8127877400327678,0.5392026901245117,0.8969925674405829,0.35039227254914934,0.7226644881611604,0.9414700795315589
1,3,horizon,entrevoir,entrevoir,1.3358877516409284,entrevoir_3,esquisser,0.23850223422050476,0.9013924233790417,0.6320470122959966,0.8196499133437037,0.38254648447036743,0.9363102766775248,0.48604010996403274,0.7978295266143428,0.873572529845726
1,3,horizon,entrevoir,entrevoir,1.3358877516409284,entrevoir_3,avenir,0.2312321662902832,0.7508255128718886,0.6196847014287872,0.7121237114798753,0.38254648447036743,0.9363102766775248,0.48604010996403274,0.7978295266143428,0.873572529845726
1,4,horizon,entrevoir,esquisser,1.822407097515423,esquisser,,,,,,0.35939908027648926,0.879604524874889,0.38473751845046067,0.7196029936550266,0.8105716596758623
