num_path,num_step,cue,best_word,temporary_best_word,q-value,current_word,neighbours,similarity,adequacy,originality,likeability,similarity_to_cue,adequacy_to_cue,originality_to_cue,likeability_to_cue,goal_value
1,0,jardin,jardin,jardin,0.0,jardin_0,potager,0.8495482206344604,1.0,0.11974634805852923,0.675910718849042,1.0,1.0,0.0,0.0,1.014644898242958
1,0,jardin,jardin,jardin,0.0,jardin_0,terrasse,0.8146055936813354,0.8768268998143147,0.17331608563975284,0.630607009455688,1.0,1.0,0.0,0.0,1.014644898242958
1,1,jardin,potager,potager,0.41531645515152105,potager_1,jardinier,0.6624802350997925,0.8783953635876748,0.15728107297478772,0.6205070360168748,0.6990982294082642,0.9183805525925871,0.15507258403289786,0.6653056523802061,1.014644898242958
1,1,jardin,potager,potager,0.41531645515152105,potager_1,jardiner,0.6056420803070068,0.8179789983527076,0.23839216210816552,0.6316929313887903,0.6990982294082642,0.9183805525925871,0.15507258403289786,0.6653056523802061,1.014644898242958
1,2,jardin,jardiner,jardiner,-0.18042153656202087,jardiner_2,jardinier,0.5289582014083862,0.8359249605737344,0.38615071655950145,0.6983090148536784,0.5291961431503296,0.914949478983581,0.27099326345534613,0.709254080893457,0.9414700795315589
1,2,jardin,jardiner,jardiner,-0.18042153656202087,jardiner_2,jardinage,0.45379576086997986,0.8212612101570018,0.40827088847865806,0.6942886905217179,0.5291961431503296,0.914949478983581,0.27099326345534613,0.709254080893457,0.9414700795315589
1,3,jardin,jardinier,jardinier,0.258788197268509,jardinier_3,jardinage,0.360826313495636,0.8718477925786854,0.5126324166321153,0.7634891049214377,0.6107914447784424,0.9167110684556875,0.2911044925094737,0.706842119944657,0.873572529845726
1,3,jardin,jardinier,jardinier,0.258788197268509,jardinier_3,jardinière,0.3082832992076874,0.9433724056245907,0.5626208981655575,0.8264664391817449,0.6107914447784424,0.9167110684556875,0.2911044925094737,0.706842119944657,0.873572529845726
1,4,jardin,jardinière,jardinière,0.7470116746025137,jardinière,,,,,,0.49510371685028076,0.9655102308272541,0.24081104321397026,0.7304853945812341,0.8105716596758623
