num_path,num_step,cue,best_word,temporary_best_word,q-value,current_word,neighbours,similarity,adequacy,originality,likeability,similarity_to_cue,adequacy_to_cue,originality_to_cue,likeability_to_cue,goal_value
1,0,mer,mer,mer,0.0,mer_0,océan,0.7945870757102966,0.9431363735136911,0.2315667493799936,0.6986496745135664,1.0,1.0,0.0,0.0,1.014644898242958
1,0,mer,mer,mer,0.0,mer_0,rivage,0.7891090512275696,0.9339087893402073,0.11016494953954584,0.6488132170037825,1.0,1.0,0.0,0.0,1.014644898242958
1,1,mer,océan,océan,0.42100119406765213,océan_1,rivage,0.5934478044509888,0.8133240191084148,0.34719783892504524,0.6699305296075936,0.5891755819320679,0.8147685377014607,0.316939978503979,0.656318103177161,1.014644898242958
1,1,mer,océan,océan,0.42100119406765213,océan_1,île,0.5730910301208496,0.9237776719489281,0.30130389228244026,0.7271284428458074,0.5891755819320679,0.8147685377014607,0.316939978503979,0.656318103177161,1.014644898242958
1,2,mer,île,île,0.8491220802183645,île_2,rivage,0.44099536538124084,0.8228530236543732,0.38330122879584866,0.6845604402088253,0.5080134868621826,0.9298019661988328,0.24410669306402663,0.6945013892935173,0.9414700795315589
1,2,mer,île,île,0.8491220802183645,île_2,archipel,0.4346504807472229,0.8201301532493416,0.4028181049228422,0.6900456121525717,0.5080134868621826,0.9298019661988328,0.24410669306402663,0.6945013892935173,0.9414700795315589
1,3,mer,archipel,archipel,0.28626596337361776,archipel_3,rivage,0.30074742436408997,0.9295819698228005,0.5568762077009621,0.8143719652126243,0.3740382194519043,0.8900055544619382,0.43049007252769805,0.7499166822558706,0.873572529845726
1,3,mer,archipel,archipel,0.28626596337361776,archipel_3,lagon,0.29476770758628845,0.9031034374020102,0.42888409307352654,0.7542867485523639,0.3740382194519043,0.8900055544619382,0.43049007252769805,0.7499166822558706,0.873572529845726
1,4,mer,archipel,rivage,0.7714658222153423,rivage,,,,,,0.5782196521759033,0.8973962520879044,0.21099202708193082,0.6712780338114342,0.8105716596758623
