num_path,num_step,cue,best_word,temporary_best_word,q-value,current_word,neighbours,similarity,adequacy,originality,likeability,similarity_to_cue,adequacy_to_cue,originality_to_cue,likeability_to_cue,goal_value
1,0,lit,lit,lit,0.0,lit_0,drap,0.7987625002861023,0.9958769517651559,0.11781644447762099,0.6718786039063079,1.0,1.0,0.0,0.0,1.014644898242958
1,0,lit,lit,lit,0.0,lit_0,baldaquin,0.78677898645401,0.8639802959079826,0.20269206538536483,0.641799446238516,1.0,1.0,0.0,0.0,1.014644898242958
1,1,lit,drap,drap,0.41430842641583754,drap_1,linge,0.5846688747406006,0.9951952584135407,0.2928372262461042,0.7598745557308942,0.597526490688324,0.8918657871427523,0.26358366535107625,0.6919894150642641,1.014644898242958
1,1,lit,drap,drap,0.41430842641583754,drap_1,oreiller,0.5765584111213684,1.0,0.2990640083625955,0.7632361630235264,0.597526490688324,0.8918657871427523,0.26358366535107625,0.6919894150642641,1.014644898242958
1,2,lit,oreiller,oreiller,0.8514562426109796,oreiller_2,matelas,0.4446256756782532,0.9092588133695195,0.364729145448329,0.7392519408938107,0.4960915446281433,0.8886090828160275,0.3291420562346796,0.7071772987557463,0.9414700795315589
1,2,lit,oreiller,oreiller,0.8514562426109796,oreiller_2,couette,0.4337944984436035,0.9530312220066799,0.29642960059201795,0.7464262184576136,0.4960915446281433,0.8886090828160275,0.3291420562346796,0.7071772987557463,0.9414700795315589
1,3,lit,couette,couette,0.30269527734249324,couette_3,matelas,0.32748645544052124,0.9475876507530506,0.39595395450468424,0.7713223517795607,0.4963679611682892,0.9946367386214824,0.293954948094318,0.7692372932982244,0.873572529845726
1,3,lit,couette,couette,0.30269527734249324,couette_3,dormir,0.3260325491428375,0.9172851730989425,0.45612673190774505,0.7740173545165878,0.4963679611682892,0.9946367386214824,0.293954948094318,0.7692372932982244,0.873572529845726
1,4,lit,dormir,dormir,0.7778064835102088,dormir_4,coucher,0.25914478302001953,0.9451477078322147,0.6185662347105165,0.8451718389404839,0.5700823664665222,0.8954212913014193,0.1942501810513315,0.6572560270329582,0.8105716596758623
1,4,lit,dormir,dormir,0.7778064835102088,dormir_4,endormir,0.2480289340019226,0.8336058977702239,0.5144515722529076,0.7365401570817568,0.5700823664665222,0.8954212913014193,0.1942501810513315,0.6572560270329582,0.8105716596758623
1,5,lit,couette,coucher,1.2864565283263643,coucher,,,,,,0.5521292686462402,0.8503829179481096,0.24092127920806677,0.6464167040777322,0.7521143271134151
