num_path,num_step,cue,best_word,temporary_best_word,q-value,current_word,neighbours,similarity,adequacy,originality,likeability,similarity_to_cue,adequacy_to_cue,originality_to_cue,likeability_to_cue,goal_value
1,0,colline,colline,colline,0.0,colline_0,surplomber,0.8403511643409729,1.0,0.04400973802716919,0.6389059367893246,1.0,1.0,0.0,0.0,1.014644898242958
1,0,colline,colline,colline,0.0,colline_0,promontoire,0.8286761045455933,0.8994750699027642,0.15989751675312222,0.6358819692370689,1.0,1.0,0.0,0.0,1.014644898242958
1,1,colline,surplomber,surplomber,0.4060652596365917,surplomber_1,promontoire,0.6712715029716492,0.9221560293656538,0.268713184481475,0.7036747383042343,0.6807039380073547,0.9071512226511084,0.16973797479355496,0.6552785423512705,1.014644898242958
1,1,colline,surplomber,surplomber,0.4060652596365917,surplomber_1,percher,0.6398848295211792,0.8532731632064756,0.1976010646830973,0.6302487213145266,0.6807039380073547,0.9071512226511084,0.16973797479355496,0.6552785423512705,1.014644898242958
1,2,colline,promontoire,promontoire,0.8283227196519107,promontoire_2,à-pic,0.5067346096038818,0.8306738274979799,0.25496532453501236,0.641141520927575,0.6573538184165955,0.8784107208233132,0.18352817070234645,0.6353593223397078,0.9414700795315589
1,2,colline,promontoire,promontoire,0.8283227196519107,promontoire_2,falaise,0.49637970328330994,0.9466379133888184,0.43794700064564196,0.7882157119814627,0.6573538184165955,0.8784107208233132,0.18352817070234645,0.6353593223397078,0.9414700795315589
1,3,colline,falaise,falaise,1.2900091277643866,falaise_3,à-pic,0.4190901517868042,0.9882734129587695,0.43001558268667395,0.8133680786110955,0.5637562870979309,0.8206866214842871,0.3223511419223193,0.6637028899114236,0.873572529845726
1,3,colline,falaise,falaise,1.2900091277643866,falaise_3,rocheux,0.38975244760513306,0.9033672370922416,0.4826257317639131,0.7718075030721868,0.5637562870979309,0.8206866214842871,0.3223511419223193,0.6637028899114236,0.873572529845726
1,4,colline,à-pic,à-pic,1.774958014955729,à-pic,,,,,,0.5624083280563354,0.8995325143088438,0.3072265444549994,0.7102006084169232,0.8105716596758623
