num_path,num_step,cue,best_word,temporary_best_word,q-value,current_word,neighbours,similarity,adequacy,originality,likeability,similarity_to_cue,adequacy_to_cue,originality_to_cue,likeability_to_cue,goal_value
1,0,oncle,oncle,oncle,0.0,oncle_0,tante,0.8387585878372192,1.0,0.0200897742807222,0.6245210260808478,1.0,1.0,0.0,0.0,1.014644898242958
1,0,oncle,oncle,oncle,0.0,oncle_0,grand-père,0.8327969908714294,1.0,0.05912121858237834,0.6724476673410307,1.0,1.0,0.0,0.0,1.014644898242958
1,1,oncle,grand-père,grand-père,0.4144506922745182,grand-père_1,père,0.7025693655014038,0.8692316987169084,0.27186811434364283,0.6707574238902755,0.6655955910682678,0.9240086939498156,0.22430797812298608,0.6846737969707104,1.014644898242958
1,1,oncle,grand-père,grand-père,0.4144506922745182,grand-père_1,grand-mère,0.6948499083518982,0.9113623105997306,0.1817690503234292,0.6653531885404508,0.6655955910682678,0.9240086939498156,0.22430797812298608,0.6846737969707104,1.014644898242958
1,2,oncle,père,père,-0.17152117631365243,père_2,fils,0.5867447257041931,0.9004577407440028,0.35650211027005047,0.7322836785964699,0.636805534362793,0.9797530559467804,0.2265549934838115,0.7297563980161665,0.9414700795315589
1,2,oncle,père,père,-0.17152117631365243,père_2,mère,0.5697552561759949,0.8443828234136359,0.353461943607233,0.6895398748898849,0.636805534362793,0.9797530559467804,0.2265549934838115,0.7297563980161665,0.9414700795315589
1,3,oncle,fils,fils,0.2761822234525753,fils_3,mère,0.4798929989337921,0.8489795449860292,0.40017736313738855,0.7070780166138474,0.5859026312828064,0.9093509407618708,0.2530435903854372,0.6900971695542869,0.873572529845726
1,3,oncle,fils,fils,0.2761822234525753,fils_3,petit-fils,0.4684123396873474,0.9958034129151204,0.4280868745543867,0.8194982664122229,0.5859026312828064,0.9093509407618708,0.2530435903854372,0.6900971695542869,0.873572529845726
1,4,oncle,père,petit-fils,0.7626636575941996,petit-fils,,,,,,0.5865616798400879,0.8794344881333218,0.2996197971499114,0.6865205154473621,0.8105716596758623
