num_path,num_step,cue,best_word,temporary_best_word,q-value,current_word,neighbours,similarity,adequacy,originality,likeability,similarity_to_cue,adequacy_to_cue,originality_to_cue,likeability_to_cue,goal_value
1,0,machine,machine,machine,0.0,machine_0,machine-outil,0.7728114128112793,0.9396462778539694,0.15880667285372418,0.658823725886771,1.0,1.0,0.0,0.0,1.014644898242958
1,0,machine,machine,machine,0.0,machine_0,ordinateur,0.7600048184394836,1.0,0.26010888535746723,0.7520220195027427,1.0,1.0,0.0,0.0,1.014644898242958
1,1,machine,ordinateur,ordinateur,0.4343442803149462,ordinateur_1,mini-ordinateur,0.5673689246177673,0.8901038029200409,0.34700773952643554,0.7180184030788943,0.5200111865997314,0.9520107347776885,0.2690885542267489,0.7319159579718264,1.014644898242958
1,1,machine,ordinateur,ordinateur,0.4343442803149462,ordinateur_1,logiciel,0.5579825043678284,1.0,0.27510483451123935,0.7701018571669025,0.5200111865997314,0.9520107347776885,0.2690885542267489,0.7319159579718264,1.014644898242958
1,2,machine,logiciel,logiciel,0.8732085200459323,logiciel_2,informatique,0.43527305126190186,0.9362018908139772,0.48237367416820787,0.7933440223503948,0.37401917576789856,0.966002562174173,0.42650457979297535,0.7943741008872192,0.9414700795315589
1,2,machine,logiciel,logiciel,0.8732085200459323,logiciel_2,mini-ordinateur,0.4077906906604767,0.8098382512057404,0.41325893042819095,0.6845975453307168,0.37401917576789856,0.966002562174173,0.42650457979297535,0.7943741008872192,0.9414700795315589
1,3,machine,informatique,informatique,1.3361770057506412,informatique_3,outil,0.28946954011917114,0.9147493252930289,0.587354507686838,0.8151914177169721,0.30193111300468445,0.9508685151927904,0.434889568098928,0.7855953834718779,0.873572529845726
1,3,machine,informatique,informatique,1.3361770057506412,informatique_3,bureautique,0.2888132333755493,0.8325786455007493,0.39991047916949574,0.7007030678751888,0.30193111300468445,0.9508685151927904,0.434889568098928,0.7855953834718779,0.873572529845726
1,4,machine,logiciel,outil,1.8215817277184527,outil,,,,,,0.2823212742805481,0.8828547337230898,0.5694363941454099,0.7880816219704525,0.8105716596758623
