num_path,num_step,cue,best_word,temporary_best_word,q-value,current_word,neighbours,similarity,adequacy,originality,likeability,similarity_to_cue,adequacy_to_cue,originality_to_cue,likeability_to_cue,goal_value
1,0,cause,cause,cause,0.0,cause_0,raison,0.7895205020904541,1.0,0.14889508007359586,0.6992143159020883,1.0,1.0,0.0,0.0,1.014644898242958
1,0,cause,cause,cause,0.0,cause_0,conséquence,0.7792401313781738,0.8890525293110201,0.1416197923239232,0.6429066665457784,1.0,1.0,0.0,0.0,1.014644898242958
1,1,cause,raison,raison,0.4211423544147826,raison_1,fait,0.5970491170883179,0.9528017838650772,0.3518894486821888,0.758928068059457,0.5790425539016724,0.9574968587893021,0.295461289365223,0.7467391375042187,1.014644898242958
1,1,cause,raison,raison,0.4211423544147826,raison_1,tort,0.5964832901954651,1.0,0.21025195274569813,0.7326648852874388,0.5790425539016724,0.9574968587893021,0.295461289365223,0.7467391375042187,1.014644898242958
1,2,cause,fait,fait,0.8572131468689074,fait_2,tort,0.46777939796447754,0.9697377993499834,0.4495251733588873,0.8058157643234196,0.4628162384033203,0.8022199300842917,0.390970402841062,0.6757134101139869,0.9414700795315589
1,2,cause,fait,fait,0.8572131468689074,fait_2,être,0.4621356725692749,0.8631484236221244,0.3234439910198527,0.6937894951654142,0.4628162384033203,0.8022199300842917,0.390970402841062,0.6757134101139869,0.9414700795315589
1,3,cause,tort,tort,1.3232995680668727,tort_3,prétendre,0.35484832525253296,0.9518149902507007,0.47327373357276914,0.8049309281032421,0.438371866941452,0.9815563083341191,0.4171655291606013,0.8012955221372463,0.873572529845726
1,3,cause,tort,tort,1.3232995680668727,tort_3,nier,0.34149888157844543,0.9673715350569735,0.4807598865284666,0.8131399618785066,0.438371866941452,0.9815563083341191,0.4171655291606013,0.8012955221372463,0.873572529845726
1,4,cause,tort,nier,1.8081914260750678,nier,,,,,,0.4328840672969818,0.810925614367152,0.4490805551645806,0.7009830749826603,0.8105716596758623
