num_path,num_step,cue,best_word,temporary_best_word,q-value,current_word,neighbours,similarity,adequacy,originality,likeability,similarity_to_cue,adequacy_to_cue,originality_to_cue,likeability_to_cue,goal_value
1,0,faim,faim,faim,0.0,faim_0,affamer,0.7917216420173645,0.9599633091320462,0.20545029368931006,0.7028969980377612,1.0,1.0,0.0,0.0,1.014644898242958
1,0,faim,faim,faim,0.0,faim_0,inanition,0.7791498899459839,1.0,0.19467865927162506,0.7332368958226201,1.0,1.0,0.0,0.0,1.014644898242958
1,1,faim,inanition,inanition,0.42964799939491555,inanition_1,mourir,0.5948222875595093,0.9005053156729697,0.24831648623641137,0.6933639215156578,0.5583012104034424,0.876067922195553,0.3248973569466327,0.704568470267968,1.014644898242958
1,1,faim,inanition,inanition,0.42964799939491555,inanition_1,affamer,0.5855317711830139,1.0,0.22028211372198298,0.7280998909400814,0.5583012104034424,0.876067922195553,0.3248973569466327,0.704568470267968,1.014644898242958
1,2,faim,affamer,affamer,-0.14198825243080354,affamer_2,mourir,0.4109914302825928,0.9442529358340946,0.39591400226093654,0.7723051095201392,0.5834448337554932,0.9020417190619144,0.19362498241584378,0.6708824453510024,0.9414700795315589
1,2,faim,affamer,affamer,-0.14198825243080354,affamer_2,nourriture,0.40855929255485535,0.8319384421312273,0.3576951145717641,0.6845818393961018,0.5834448337554932,0.9020417190619144,0.19362498241584378,0.6708824453510024,0.9414700795315589
1,3,faim,mourir,mourir,0.31572050506634153,mourir_3,mort,0.2931387722492218,0.7766915777848482,0.485255178718446,0.6886275163685286,0.4945431053638458,0.8094541155438649,0.28419092955105474,0.6412738975216699,0.873572529845726
1,3,faim,mourir,mourir,0.31572050506634153,mourir_3,dévorer,0.29141637682914734,0.9442517884487904,0.5417081647849807,0.8205701120472508,0.4945431053638458,0.8094541155438649,0.28419092955105474,0.6412738975216699,0.873572529845726
1,4,faim,dévorer,dévorer,0.8024699006167227,dévorer,,,,,,0.41944634914398193,0.9813173903145934,0.4637572889109559,0.8206558997541,0.8105716596758623
