num_path,num_step,cue,best_word,temporary_best_word,q-value,current_word,neighbours,similarity,adequacy,originality,likeability,similarity_to_cue,adequacy_to_cue,originality_to_cue,likeability_to_cue,goal_value
1,0,pierre,pierre,pierre,0.0,pierre_0,jean,0.803948700428009,0.9480911624782299,0.04639070848596735,0.6092183065867285,1.0,1.0,0.0,0.0,1.014644898242958
1,0,pierre,pierre,pierre,0.0,pierre_0,jacques,0.7517344951629639,1.0,0.13844554007056678,0.7095844642135724,1.0,1.0,0.0,0.0,1.014644898242958
1,1,pierre,jacques,jacques,0.42373489149265364,jacques_1,jean,0.6520532369613647,0.8624239227994968,0.15688636214228585,0.6238246903736948,0.5034703612327576,0.9883470862772433,0.3441604961221736,0.7742088977128816,1.014644898242958
1,1,pierre,jacques,jacques,0.42373489149265364,jacques_1,claude,0.5954958200454712,0.8955946254205247,0.35588474962418887,0.7283752010212488,0.5034703612327576,0.9883470862772433,0.3441604961221736,0.7742088977128816,1.014644898242958
1,2,pierre,claude,claude,0.8521674671872264,claude_2,jean,0.5344196557998657,0.9444908984642356,0.3455425218096655,0.7482954779707989,0.49074116349220276,0.9330731638810039,0.3537715430178895,0.7455607249646489,0.9414700795315589
1,2,pierre,claude,claude,0.8521674671872264,claude_2,alain,0.4510314464569092,0.9329622374818848,0.3602119647688645,0.7465066569802851,0.49074116349220276,0.9330731638810039,0.3537715430178895,0.7455607249646489,0.9414700795315589
1,3,pierre,jean,jean,1.3038738167970363,jean_3,alain,0.3430714011192322,0.8716696015091793,0.4665157582823318,0.7460927230013967,0.607899010181427,0.8812973187793779,0.26995062649322166,0.6782568990072486,0.873572529845726
1,3,pierre,jean,jean,1.3038738167970363,jean_3,marc,0.32605215907096863,0.8732892704080204,0.3681108994260126,0.7100557305407563,0.607899010181427,0.8812973187793779,0.26995062649322166,0.6782568990072486,0.873572529845726
1,4,pierre,alain,alain,0.772003865085954,alain_4,marc,0.2515266537666321,0.811744069139359,0.5173245080868352,0.7230639276448162,0.46042826771736145,0.9679684672765417,0.3876333829127409,0.7813471325590752,0.8105716596758623
1,4,pierre,alain,alain,0.772003865085954,alain_4,olivier,0.22454425692558289,0.8643738939022255,0.5628518147527067,0.7742622664590767,0.46042826771736145,0.9679684672765417,0.3876333829127409,0.7813471325590752,0.8105716596758623
1,5,pierre,alain,olivier,1.2629265167817576,olivier,,,,,,0.43231022357940674,0.8558588445403332,0.4344911496325377,0.7268710993586989,0.7521143271134151
