num_path,num_step,cue,best_word,temporary_best_word,q-value,current_word,neighbours,similarity,adequacy,originality,likeability,similarity_to_cue,adequacy_to_cue,originality_to_cue,likeability_to_cue,goal_value
1,0,fil,fil,fil,0.0,fil_0,retordre,0.7380523681640625,0.8579934443985145,0.14923679749384225,0.6052513894163654,1.0,1.0,0.0,0.0,1.014644898242958
1,0,fil,fil,fil,0.0,fil_0,billet,0.6899532675743103,0.9652200549050669,0.14287513529136503,0.6770388636733475,1.0,1.0,0.0,0.0,1.014644898242958
1,1,fil,billet,billet,0.4155984913575974,billet_1,commentaire,0.5642906427383423,0.937747942267484,0.28500427200685885,0.7232117200293677,0.3799078166484833,0.9859123992079288,0.5160337495781905,0.8414517844258974,1.014644898242958
1,1,fil,billet,billet,0.4155984913575974,billet_1,lundi,0.4569352865219116,0.8795976888447936,0.37207225723752946,0.7169586193559008,0.3799078166484833,0.9859123992079288,0.5160337495781905,0.8414517844258974,1.014644898242958
1,2,fil,commentaire,commentaire,0.8427401968041999,commentaire_2,lire,0.3697374761104584,0.9293213433818998,0.38277445333676985,0.7521230628993474,0.3652809262275696,0.8955940358642533,0.5031952056552924,0.7738320936458087,0.9414700795315589
1,2,fil,commentaire,commentaire,0.8427401968041999,commentaire_2,mardi,0.36474817991256714,0.9505058152372665,0.3676053267490873,0.7674832299041302,0.3652809262275696,0.8955940358642533,0.5031952056552924,0.7738320936458087,0.9414700795315589
1,3,fil,mardi,mardi,1.2992434843973428,mardi_3,mercredi,0.3559037446975708,0.7980000034458435,0.4704518929538161,0.6983465476968153,0.255903959274292,0.826137662653837,0.4914325189616746,0.7237346108182546,0.873572529845726
1,3,fil,mardi,mardi,1.2992434843973428,mardi_3,jeudi,0.34598851203918457,0.7912151535162273,0.5392141796827311,0.7156709952013738,0.255903959274292,0.826137662653837,0.4914325189616746,0.7237346108182546,0.873572529845726
1,4,fil,jeudi,jeudi,0.7597681007362548,jeudi_4,mercredi,0.34689846634864807,0.8533833920708859,0.3724979111845861,0.7008694379383118,0.25743794441223145,0.7926180350060346,0.55807420832248,0.7221377143277535,0.8105716596758623
1,4,fil,jeudi,jeudi,0.7597681007362548,jeudi_4,vendredi,0.332995742559433,0.85171019119631,0.551529388881382,0.7615695568810058,0.25743794441223145,0.7926180350060346,0.55807420832248,0.7221377143277535,0.8105716596758623
1,5,fil,billet,vendredi,1.2475175750375407,vendredi,,,,,,0.26747238636016846,0.8616601705644227,0.5832596903463092,0.7770306240887593,0.7521143271134151
