num_path,num_step,cue,best_word,temporary_best_word,q-value,current_word,neighbours,similarity,adequacy,originality,likeability,similarity_to_cue,adequacy_to_cue,originality_to_cue,likeability_to_cue,goal_value
1,0,position,position,position,0.0,position_0,positionner,0.7359268665313721,1.0,0.19159871664847994,0.7284634635526389,1.0,1.0,0.0,0.0,1.014644898242958
1,0,position,position,position,0.0,position_0,posture,0.7351291179656982,0.8901120458459592,0.2771096317147399,0.6924107246348495,1.0,1.0,0.0,0.0,1.014644898242958
1,1,position,positionner,positionner,0.4284546413274203,positionner_1,positionnement,0.6047952175140381,0.9018605597759882,0.17593330507123447,0.6645864782345877,0.47185516357421875,0.9031587630529067,0.3267069447519755,0.7121681148130694,1.014644898242958
1,1,position,positionner,positionner,0.4284546413274203,positionner_1,repositionner,0.5358243584632874,0.8846376075648261,0.37861641598606693,0.725943411182326,0.47185516357421875,0.9031587630529067,0.3267069447519755,0.7121681148130694,1.014644898242958
1,2,position,repositionner,repositionner,-0.1437207304377377,repositionner_2,positionnement,0.43711742758750916,0.9104133610856361,0.3740586165538655,0.7383687370639658,0.3408527970314026,0.8622482553184438,0.5092717468839422,0.755698090138578,0.9414700795315589
1,2,position,repositionner,repositionner,-0.1437207304377377,repositionner_2,segment,0.3425709009170532,0.837575037621003,0.45391147738663207,0.7190685227575618,0.3408527970314026,0.8622482553184438,0.5092717468839422,0.755698090138578,0.9414700795315589
1,3,position,positionnement,positionnement,0.305503933945364,positionnement_3,stratégie,0.257822722196579,0.7827378836831979,0.5097339495452363,0.7013886795932935,0.44114384055137634,0.9838697274163843,0.33019585977022864,0.7759162645947488,0.873572529845726
1,3,position,positionnement,positionnement,0.305503933945364,positionnement_3,stratégique,0.24489060044288635,0.9375657897135271,0.5902704087744668,0.8327194017278028,0.44114384055137634,0.9838697274163843,0.33019585977022864,0.7759162645947488,0.873572529845726
1,4,position,positionnement,stratégique,0.7952906519158832,stratégique,,,,,,0.3152253031730652,0.8019523061278118,0.44291260258400855,0.6933582034880328,0.8105716596758623
