num_path,num_step,cue,best_word,temporary_best_word,q-value,current_word,neighbours,similarity,adequacy,originality,likeability,similarity_to_cue,adequacy_to_cue,originality_to_cue,likeability_to_cue,goal_value
1,0,soeur,soeur,soeur,0.0,soeur_0,frère,0.8994842171669006,0.9254517137261475,0.1398686916830975,0.6564345805032026,1.0,1.0,0.0,0.0,1.014644898242958
1,0,soeur,soeur,soeur,0.0,soeur_0,mère,0.8649529218673706,0.9158252659557061,0.08015028079733712,0.6301432167518526,1.0,1.0,0.0,0.0,1.014644898242958
1,1,soeur,frère,frère,0.41044742056506117,frère_1,père,0.7322707176208496,0.8392641905748648,0.14793922099996096,0.5938110518170306,0.798970103263855,0.9349644680152664,0.23567952025459762,0.6930043777132232,1.014644898242958
1,1,soeur,frère,frère,0.41044742056506117,frère_1,mère,0.7045252919197083,1.0,0.15862536938256938,0.713758644751008,0.798970103263855,0.9349644680152664,0.23567952025459762,0.6930043777132232,1.014644898242958
1,2,soeur,mère,mère,0.8352258571920737,mère_2,père,0.658073902130127,0.9705472093340077,0.3340720310620776,0.7650722911546896,0.7299074530601501,1.0,0.09045066907272045,0.6917458594896513,0.9414700795315589
1,2,soeur,mère,mère,0.8352258571920737,mère_2,fils,0.5462985634803772,0.8827489486787516,0.3737347370913678,0.7190075437593594,0.7299074530601501,1.0,0.09045066907272045,0.6917458594896513,0.9414700795315589
1,3,soeur,père,père,1.2911264100978563,père_3,fils,0.495277464389801,0.9895276200506515,0.2656933397843353,0.7457741452226669,0.6658046245574951,1.0,0.15517558995240383,0.7070971107592041,0.873572529845726
1,3,soeur,père,père,1.2911264100978563,père_3,mari,0.4389398396015167,0.9696208000804639,0.3337615206824849,0.758604422181362,0.6658046245574951,1.0,0.15517558995240383,0.7070971107592041,0.873572529845726
1,4,soeur,mari,mari,0.7623843831817654,mari_4,fils,0.3909684717655182,0.905541463473423,0.4437163266385323,0.7585889551766326,0.636538565158844,0.8267084065972495,0.17572443426112055,0.6111451629129409,0.8105716596758623
1,4,soeur,mari,mari,0.7623843831817654,mari_4,fille,0.3589079976081848,0.8965203455049481,0.46211819583915426,0.7647104590315701,0.636538565158844,0.8267084065972495,0.17572443426112055,0.6111451629129409,0.8105716596758623
1,5,soeur,fille,fille,1.2509190830206922,fille,,,,,,0.6772837042808533,0.9884146987596101,0.15990490742317404,0.7121405755537383,0.7521143271134151
