num_path,num_step,cue,best_word,temporary_best_word,q-value,current_word,neighbours,similarity,adequacy,originality,likeability,similarity_to_cue,adequacy_to_cue,originality_to_cue,likeability_to_cue,goal_value
1,0,objet,objet,objet,0.0,objet_0,élément,0.762506902217865,1.0,0.2564906506907628,0.7449586193979596,1.0,1.0,0.0,0.0,1.014644898242958
1,0,objet,objet,objet,0.0,objet_0,forme,0.737507164478302,0.8508279525785927,0.15358622888395926,0.6165765271465716,1.0,1.0,0.0,0.0,1.014644898242958
1,1,objet,élément,élément,0.4325784302887504,élément_1,constitutif,0.5920377969741821,0.8161393574595611,0.19710240199283274,0.6145750191639594,0.5250152349472046,0.9275203077942452,0.23576333011403416,0.6987843423074129,1.014644898242958
1,1,objet,élément,élément,0.4325784302887504,élément_1,caractéristique,0.5775385499000549,0.9333132701999085,0.37643144582682075,0.7527840603269781,0.5250152349472046,0.9275203077942452,0.23576333011403416,0.6987843423074129,1.014644898242958
1,2,objet,caractéristique,caractéristique,0.8671132208097555,caractéristique_2,type,0.4289470911026001,0.9854642550250615,0.37790219834027317,0.7876425268321761,0.4351263642311096,0.9051850046889944,0.41947836452101817,0.754939770546516,0.9414700795315589
1,2,objet,caractéristique,caractéristique,0.8671132208097555,caractéristique_2,constitutif,0.4209294617176056,0.9884997131303511,0.30868283128060375,0.7724301812554036,0.4351263642311096,0.9051850046889944,0.41947836452101817,0.754939770546516,0.9414700795315589
1,3,objet,type,type,1.32865633263491,type_3,différent,0.3295265734195709,0.9690076647439677,0.5443119404834701,0.8396265613980619,0.40614819526672363,0.8616228253308486,0.4844653394228114,0.746556151125568,0.873572529845726
1,3,objet,type,type,1.32865633263491,type_3,spécifique,0.3275514841079712,0.834601118121286,0.5429015501727565,0.7472633340899735,0.40614819526672363,0.8616228253308486,0.4844653394228114,0.746556151125568,0.873572529845726
1,4,objet,caractéristique,différent,1.8201698405229938,différent,,,,,,0.3889947533607483,0.8012580854072427,0.34019299514720186,0.6560284277264007,0.8105716596758623
