num_path,num_step,cue,best_word,temporary_best_word,q-value,current_word,neighbours,similarity,adequacy,originality,likeability,similarity_to_cue,adequacy_to_cue,originality_to_cue,likeability_to_cue,goal_value
1,0,façon,façon,façon,0.0,façon_0,manière,0.9515303373336792,1.0,0.054658011121515235,0.6574112935710956,1.0,1.0,0.0,0.0,1.014644898242958
1,0,façon,façon,façon,0.0,façon_0,pouvoir,0.8073113560676575,0.892558216376823,0.14216361839217628,0.6320610512552475,1.0,1.0,0.0,0.0,1.014644898242958
1,1,façon,manière,manière,0.41069159883203443,manière_1,pouvoir,0.6332619786262512,0.9851660780492975,0.3198045697530128,0.7741433746529588,0.9030624628067017,1.0,0.0,0.59825080679344,1.014644898242958
1,1,façon,manière,manière,0.41069159883203443,manière_1,sorte,0.6304010152816772,0.8357009746358951,0.3196217237532711,0.6670402615206448,0.9030624628067017,1.0,0.0,0.59825080679344,1.014644898242958
1,2,façon,pouvoir,pouvoir,0.8505662179345347,pouvoir_2,être,0.5135647654533386,0.8553594716921296,0.3603885360566159,0.6942853687107478,0.6146242618560791,1.0,0.3406602954772087,0.7859816014012427,0.9414700795315589
1,2,façon,pouvoir,pouvoir,0.8505662179345347,pouvoir_2,sorte,0.5058044791221619,0.8535806825894747,0.3175903018048195,0.6868956298092959,0.6146242618560791,1.0,0.3406602954772087,0.7859816014012427,0.9414700795315589
1,3,façon,être,être,0.28877004022933195,être_3,sorte,0.39215001463890076,0.938709637492927,0.4628338799422406,0.7909154894321777,0.5734059810638428,0.9628152504046623,0.20510030050494327,0.7094686767071965,0.873572529845726
1,3,façon,être,être,0.28877004022933195,être_3,devoir,0.3803339898586273,0.830977064875576,0.46871135122050145,0.7207426547448822,0.5734059810638428,0.9628152504046623,0.20510030050494327,0.7094686767071965,0.873572529845726
1,4,façon,sorte,sorte,0.7681057801259449,sorte_4,autre,0.3074835240840912,0.9251861605419128,0.4122818495623821,0.7606238917445182,0.5914469957351685,0.9760623759949292,0.21248155096041982,0.7234168284582972,0.8105716596758623
1,4,façon,sorte,sorte,0.7681057801259449,sorte_4,supposer,0.30043551325798035,0.7705061287703782,0.526136450707773,0.6963097909907088,0.5914469957351685,0.9760623759949292,0.21248155096041982,0.7234168284582972,0.8105716596758623
1,5,façon,pouvoir,autre,0.2556188381431088,autre,,,,,,0.5221198201179504,0.8972249695254961,0.387686031566854,0.7359809713335855,0.7521143271134151
