num_path,num_step,cue,best_word,temporary_best_word,q-value,current_word,neighbours,similarity,adequacy,originality,likeability,likeability_to_cue,goal_value
1,0,rôle,rôle,rôle,0.0,rôle_0,acteur,0.6252599954605103,0.8458844047307326,0.3368893508528968,0.7452285926548363,0.0,1.0565542698477677
1,0,rôle,rôle,rôle,0.0,rôle_0,déterminant,0.6043777465820312,0.8528023734922621,0.20620011670499,0.7163194376798223,0.0,1.0565542698477677
1,1,rôle,acteur,acteur,0.42216858070176716,acteur_1,implication,0.6236544251441956,0.9876343157625305,0.3399105033887238,0.8582965953661387,0.7654512111343063,1.0565542698477677
1,1,rôle,acteur,acteur,0.42216858070176716,acteur_1,institutionnel,0.5792807936668396,0.9715260573765816,0.36930766783187025,0.8545072954022292,0.7654512111343063,1.0565542698477677
1,2,rôle,implication,implication,0.8726041620813598,implication_2,impliquer,0.6885906457901001,1.0,0.18573917385211838,0.8419692320804086,0.7294467911580442,0.9631942658341635
1,2,rôle,implication,implication,0.8726041620813598,implication_2,enjeu,0.637874960899353,1.0,0.29887631023521405,0.8525415929629488,0.7294467911580442,0.9631942658341635
1,3,rôle,enjeu,enjeu,0.34494099386355614,enjeu_3,impliquer,0.6686477661132812,0.9196208062949515,0.18237492942577543,0.764740283473064,0.7486913187440003,0.8780838052639605
1,3,rôle,enjeu,enjeu,0.34494099386355614,enjeu_3,institutionnel,0.6578288078308105,0.978500686738023,0.23722728537830085,0.8333047227491311,0.7486913187440003,0.8780838052639605
1,4,rôle,acteur,institutionnel,-0.16625377676515118,institutionnel,,,,,,0.7586918916859862,0.8004939360795447
