num_path,num_step,cue,best_word,temporary_best_word,q-value,current_word,neighbours,similarity,adequacy,originality,likeability,likeability_to_cue,goal_value
1,0,visage,visage,visage,0.0,visage_0,silhouette,0.5903276205062866,0.9289171502833937,0.358200130817853,0.8138190568693445,0.0,1.0565542698477677
1,0,visage,visage,visage,0.0,visage_0,sourire,0.5865197777748108,1.0,0.23064673865191304,0.8404405173871405,0.0,1.0565542698477677
1,1,visage,sourire,sourire,0.4459715618848432,sourire_1,lèvre,0.6804521679878235,0.8730964902712361,0.2688975022275731,0.74881459369686,0.720416708881215,1.0565542698477677
1,1,visage,sourire,sourire,0.4459715618848432,sourire_1,souriant,0.6223490834236145,0.9214326842416225,0.1697409532846844,0.7753126936865918,0.720416708881215,1.0565542698477677
1,2,visage,souriant,souriant,-0.12433883215545072,souriant_2,lèvre,0.6077884435653687,0.9512816328070434,0.2900212258805597,0.813103586430012,0.7848099160854503,0.9631942658341635
1,2,visage,souriant,souriant,-0.12433883215545072,souriant_2,soupirer,0.5619199872016907,0.8914768864993832,0.2535438266012839,0.7606508499732586,0.7848099160854503,0.9631942658341635
1,3,visage,lèvre,lèvre,0.3381384979935114,lèvre_3,soupirer,0.5834411382675171,0.8890412568826253,0.26062736128499,0.7579772412791871,0.7262358995050604,0.8780838052639605
1,3,visage,lèvre,lèvre,0.3381384979935114,lèvre_3,murmurer,0.573806643486023,0.8478631313467815,0.2988413428866947,0.7360785730528766,0.7262358995050604,0.8780838052639605
1,4,visage,soupirer,soupirer,-0.19188814300268192,soupirer_4,murmurer,0.640468955039978,0.9943728959344671,0.29523050366782505,0.8515658420232614,0.8534649896798455,0.8004939360795447
1,4,visage,soupirer,soupirer,-0.19188814300268192,soupirer_4,rougir,0.5985109210014343,0.9919982795422675,0.24995323394561778,0.8453940939187251,0.8534649896798455,0.8004939360795447
1,5,visage,soupirer,murmurer,0.3208798334832473,murmurer,,,,,,0.7059327010800797,0.7297601184063455
