num_path,num_step,cue,best_word,temporary_best_word,q-value,current_word,neighbours,similarity,adequacy,originality,likeability,likeability_to_cue,goal_value
1,0,lit,lit,lit,0.0,lit_0,drap,0.5975265502929688,0.8758657951441465,0.26858362717407047,0.7498926527208506,0.0,1.0565542698477677
1,0,lit,lit,lit,0.0,lit_0,dormir,0.570082426071167,0.9444212983157865,0.2732501424676883,0.8025922622447885,0.0,1.0565542698477677
1,1,lit,dormir,dormir,0.4365094980992552,dormir_1,coucher,0.7395671606063843,0.962455924257016,0.14326560261911794,0.8025792380695554,0.8245574920901464,1.0565542698477677
1,1,lit,dormir,dormir,0.4365094980992552,dormir_1,endormir,0.7127982974052429,0.9278432335650421,0.14436384316922118,0.767450367463752,0.8245574920901464,1.0565542698477677
1,2,lit,coucher,coucher,-0.12698425984529782,coucher_2,endormir,0.7394248843193054,0.9504123179910645,0.24535684290932452,0.8006520594408081,0.8154015393921001,0.9631942658341635
1,2,lit,coucher,coucher,-0.12698425984529782,coucher_2,réveiller,0.675970196723938,0.9911358279645424,0.12473699129004531,0.8109602873124794,0.8154015393921001,0.9631942658341635
1,3,lit,réveiller,réveiller,0.3349572455242812,réveiller_3,endormir,0.8126506209373474,0.9459391340436214,0.16661757024796495,0.7821942831509672,0.7137793348234318,0.8780838052639605
1,3,lit,réveiller,réveiller,0.3349572455242812,réveiller_3,nuit,0.6867480278015137,0.8654901687255026,0.26390738522868734,0.7425660190168377,0.7137793348234318,0.8780838052639605
1,4,lit,endormir,endormir,-0.18901513500396716,endormir_4,nuit,0.6800602674484253,0.9280114586939326,0.21214581447192493,0.782466949190865,0.7115984966804964,0.8004939360795447
1,4,lit,endormir,endormir,-0.18901513500396716,endormir_4,fatiguer,0.6648265719413757,1.0,0.1957950260708803,0.8393606130212282,0.7115984966804964,0.8004939360795447
1,5,lit,fatiguer,fatiguer,0.32070153423145376,fatiguer,,,,,,0.8739663554117256,0.7297601184063455
