num_path,num_step,cue,best_word,temporary_best_word,q-value,current_word,neighbours,similarity,adequacy,originality,likeability,likeability_to_cue,goal_value
1,0,herbe,herbe,herbe,0.0,herbe_0,gazon,0.5100264549255371,0.9230038550415441,0.32075677139610986,0.8036193835007882,0.0,1.0565542698477677
1,0,herbe,herbe,herbe,0.0,herbe_0,prairie,0.5027716159820557,0.8272771871475886,0.2906310690303242,0.7196880906092633,0.0,1.0565542698477677
1,1,herbe,gazon,gazon,0.4367662784132551,gazon_1,pelouse,0.6395670771598816,0.9032190550438035,0.3168026537872283,0.7864285163592256,0.7266491863464867,1.0565542698477677
1,1,herbe,gazon,gazon,0.4367662784132551,gazon_1,prairie,0.48542556166648865,0.8185388411845357,0.44239239734751834,0.7443668509364009,0.7266491863464867,1.0565542698477677
1,2,herbe,pelouse,pelouse,-0.13076515995888038,pelouse_2,prairie,0.5254434943199158,0.921564115100736,0.37047924848954855,0.8087693841574942,0.7138998238085033,0.9631942658341635
1,2,herbe,pelouse,pelouse,-0.13076515995888038,pelouse_2,planter,0.4940715730190277,0.8174069072675557,0.40751057895475146,0.7373432478886857,0.7138998238085033,0.9631942658341635
1,3,herbe,prairie,prairie,0.33062861962195234,prairie_3,végétation,0.555446445941925,0.9827491959614474,0.2817569963447421,0.846113085029357,0.7277897137550401,0.8780838052639605
1,3,herbe,prairie,prairie,0.33062861962195234,prairie_3,pâturage,0.5470299124717712,0.9558278168745424,0.3342557515702611,0.8330795810695049,0.7277897137550401,0.8780838052639605
1,4,herbe,végétation,végétation,0.8226359395633015,végétation,,,,,,0.761582149721928,0.8004939360795447
