num_path,num_step,cue,best_word,temporary_best_word,q-value,current_word,neighbours,similarity,adequacy,originality,likeability,likeability_to_cue,goal_value
1,0,façon,façon,façon,0.0,façon_0,manière,0.9030624628067017,1.0,0.04930704219482653,0.7984403476137769,0.0,1.0565542698477677
1,0,façon,façon,façon,0.0,façon_0,pouvoir,0.6146243214607239,0.9662696544568191,0.17366025748544975,0.8095056872058835,0.0,1.0565542698477677
1,1,façon,pouvoir,pouvoir,0.43823785433952894,pouvoir_1,manière,0.8190710544586182,0.8768872521062092,0.13133689491362155,0.7283938000873398,0.7723753507591843,1.0565542698477677
1,1,façon,pouvoir,pouvoir,0.43823785433952894,pouvoir_1,être,0.720376193523407,1.0,0.2485361276611307,0.845930541102986,0.7723753507591843,1.0565542698477677
1,2,façon,être,être,0.8855819221533335,être_2,manière,0.7617415189743042,0.9756920130767005,0.09398585488972606,0.7932459776083917,0.7402119838417602,0.9631942658341635
1,2,façon,être,être,0.8855819221533335,être_2,devoir,0.7104737162590027,0.9072359485985089,0.2018431307622217,0.7614968210244439,0.7402119838417602,0.9631942658341635
1,3,façon,manière,manière,0.34309485009689056,manière_3,sorte,0.6787502765655518,0.8677286696249797,0.2539757945078076,0.7399314972420448,0.8205597736509861,0.8780838052639605
1,3,façon,manière,manière,0.34309485009689056,manière_3,devoir,0.6705808639526367,1.0,0.12915060803059028,0.8216790514574027,0.8205597736509861,0.8780838052639605
1,4,façon,manière,devoir,0.8289936616452511,devoir,,,,,,0.7799543996918904,0.8004939360795447
