num_path,num_step,cue,best_word,temporary_best_word,q-value,current_word,neighbours,similarity,adequacy,originality,likeability,likeability_to_cue,goal_value
1,0,mari,mari,mari,0.0,mari_0,mère,0.7215576767921448,0.9552067034935888,0.21378262927902933,0.8052133374770465,0.0,1.0565542698477677
1,0,mari,mari,mari,0.0,mari_0,fille,0.6745692491531372,1.0,0.24562441396019305,0.8399675500011751,0.0,1.0565542698477677
1,1,mari,fille,fille,0.4458533200383519,fille_1,mère,0.7733471989631653,1.0,0.2154582410228542,0.8370895316075911,0.8075766006879063,1.0565542698477677
1,1,mari,fille,fille,0.4458533200383519,fille_1,garçon,0.7421991229057312,0.9742689136049322,0.1335769452750582,0.7968403680905899,0.8075766006879063,1.0565542698477677
1,2,mari,mère,mère,-0.10901286452169223,mère_2,soeur,0.7627295255661011,1.0,0.10034658146279246,0.8088767274522699,0.7718329887705017,0.9631942658341635
1,2,mari,mère,mère,-0.10901286452169223,mère_2,père,0.7479662299156189,0.94309273722671,0.08587122667028688,0.7703405100002401,0.7718329887705017,0.9631942658341635
1,3,mari,soeur,soeur,-0.6475922491171656,soeur_3,père,0.7623168230056763,1.0,0.23561364791752398,0.8440214223011001,0.844869200670111,0.8780838052639605
1,3,mari,soeur,soeur,-0.6475922491171656,soeur_3,tante,0.7124304175376892,0.8817465777082502,0.29359799875483505,0.7640442849623611,0.844869200670111,0.8780838052639605
1,4,mari,soeur,père,-0.1561078448578807,père,,,,,,0.7862137465351874,0.8004939360795447
