num_path,num_step,cue,best_word,temporary_best_word,q-value,current_word,neighbours,similarity,adequacy,originality,likeability,likeability_to_cue,goal_value
1,0,genre,genre,genre,0.0,genre_0,truc,0.533745288848877,0.8494206416001701,0.4109874025255139,0.7598633366125217,0.0,1.0565542698477677
1,0,genre,genre,genre,0.0,genre_0,avouer,0.49784380197525024,0.912784368168036,0.25195660097647365,0.7750078129343178,0.0,1.0565542698477677
1,1,genre,avouer,avouer,0.42961338577163755,avouer_1,chose,0.6429212093353271,0.8837953722437211,0.1796751136722104,0.7361588631662492,0.7861893780844375,1.0565542698477677
1,1,genre,avouer,avouer,0.42961338577163755,avouer_1,penser,0.635319173336029,1.0,0.20049844411993328,0.839261169562657,0.7861893780844375,1.0565542698477677
1,2,genre,penser,penser,0.8752901107003599,penser_2,dire,0.7722854018211365,0.9134530121759681,0.132148658784518,0.7497933589265111,0.8111296277580818,0.9631942658341635
1,2,genre,penser,penser,0.8752901107003599,penser_2,chose,0.7698937654495239,0.8895811073178646,0.2507024816566553,0.7626099172330113,0.8111296277580818,0.9631942658341635
1,3,genre,chose,chose,0.3251440235500719,chose_3,dire,0.8196312785148621,0.9671489589238238,0.23096249594025534,0.8112173350128752,0.7370745689812102,0.8780838052639605
1,3,genre,chose,chose,0.3251440235500719,chose_3,croire,0.7919964790344238,0.9430750727546822,0.2412697689058725,0.801024887536652,0.7370745689812102,0.8780838052639605
1,4,genre,penser,dire,0.8084274059873006,dire,,,,,,0.7394202785419176,0.8004939360795447
