num_path,num_step,cue,best_word,temporary_best_word,q-value,current_word,neighbours,similarity,adequacy,originality,likeability,likeability_to_cue,goal_value
1,0,lutte,lutte,lutte,0.0,lutte_0,lutter,0.7564808130264282,1.0,0.22638509039693994,0.8446031573078513,0.0,1.0565542698477677
1,0,lutte,lutte,lutte,0.0,lutte_0,combattre,0.5495939254760742,0.986105767477913,0.30657800011038744,0.8436076787020167,0.0,1.0565542698477677
1,1,lutte,lutter,lutter,0.4470122218650209,lutter_1,combattre,0.6616864204406738,0.9902409064593316,0.25378384733491466,0.8384763193217396,0.7942014542473215,1.0565542698477677
1,1,lutte,lutter,lutter,0.4470122218650209,lutter_1,éradiquer,0.5402814149856567,0.9761065738796194,0.23868301282422094,0.8311952400733559,0.7942014542473215,1.0565542698477677
1,2,lutte,combattre,combattre,-0.10750726576648617,combattre_2,éradiquer,0.6006088256835938,1.0,0.21061038851653496,0.8449112580050627,0.7473174570330772,0.9631942658341635
1,2,lutte,combattre,combattre,-0.10750726576648617,combattre_2,défendre,0.5646741390228271,0.955792032362676,0.26075538453234715,0.8163120079968467,0.7473174570330772,0.9631942658341635
1,3,lutte,éradiquer,éradiquer,0.3629219822762386,éradiquer_3,fléau,0.6212409138679504,0.8562626878773629,0.2714461410669474,0.7421947317906082,0.8303998916399581,0.8780838052639605
1,3,lutte,éradiquer,éradiquer,0.3629219822762386,éradiquer_3,éradication,0.5588853359222412,0.9691335542586617,0.3805171770048071,0.853755222328364,0.8303998916399581,0.8780838052639605
1,4,lutte,éradiquer,éradication,0.8568398365423395,éradication,,,,,,0.7300115594839977,0.8004939360795447
