num_path,num_step,cue,best_word,temporary_best_word,q-value,current_word,neighbours,similarity,adequacy,originality,likeability,likeability_to_cue,goal_value
1,0,peau,peau,peau,0.0,peau_0,épiderme,0.6471028327941895,0.9175301160866521,0.2260238017149271,0.7804363263934199,0.0,1.0565542698477677
1,0,peau,peau,peau,0.0,peau_0,hydratant,0.5668363571166992,0.9380419132310531,0.3703529513046427,0.8227574956555745,0.0,1.0565542698477677
1,1,peau,hydratant,hydratant,0.4415508064519517,hydratant_1,épiderme,0.6947363018989563,0.835335431349595,0.13284113588765006,0.6894014776850338,0.7837503769398896,1.0565542698477677
1,1,peau,hydratant,hydratant,0.4415508064519517,hydratant_1,teint,0.5915480256080627,0.8900755238673163,0.2194167090850287,0.7557390175215988,0.7837503769398896,1.0565542698477677
1,2,peau,teint,teint,-0.1336530066295905,teint_2,épiderme,0.66130131483078,0.8391662387123765,0.26502776301855047,0.7247370567736975,0.7927952807875582,0.9631942658341635
1,2,peau,teint,teint,-0.1336530066295905,teint_2,ride,0.5766698718070984,0.8312078105598723,0.3809920607662868,0.7423977562539461,0.7927952807875582,0.9631942658341635
1,3,peau,ride,ride,-0.6888521340246447,ride_3,épiderme,0.6583437919616699,0.9015985175941683,0.29890107187323905,0.7803173179269711,0.7446781670448259,0.8780838052639605
1,3,peau,ride,ride,-0.6888521340246447,ride_3,lisser,0.5327648520469666,0.9553186942840524,0.29063452163431425,0.8173319776591794,0.7446781670448259,0.8780838052639605
1,4,peau,teint,lisser,-0.20404009092583997,lisser,,,,,,0.7469283777758049,0.8004939360795447
