num_path,num_step,cue,best_word,temporary_best_word,q-value,current_word,neighbours,similarity,adequacy,originality,likeability,likeability_to_cue,goal_value
1,0,machine,machine,machine,0.0,machine_0,ordinateur,0.5200110673904419,0.822010722684907,0.3690886335718684,0.7317432507963185,0.0,1.0565542698477677
1,0,machine,machine,machine,0.0,machine_0,calculateur,0.4537571668624878,0.9022570538982675,0.4312979551002923,0.8086045665041325,0.0,1.0565542698477677
1,1,machine,calculateur,calculateur,0.43801257416409123,calculateur_1,ordinateur,0.5532466769218445,0.9055058262159863,0.35519181251030896,0.7935319781819085,0.7151205630620501,1.0565542698477677
1,1,machine,calculateur,calculateur,0.43801257416409123,calculateur_1,processeur,0.5340892672538757,0.9774564639962066,0.4077604569429357,0.8612483834346738,0.7151205630620501,1.0565542698477677
1,2,machine,processeur,processeur,0.8891861025608178,processeur_2,ordinateur,0.5971110463142395,0.9808100779443258,0.1918497770199074,0.8252664090011912,0.8735692115602045,0.9631942658341635
1,2,machine,processeur,processeur,0.8891861025608178,processeur_2,composant,0.5456288456916809,0.8796768832150689,0.2631735276121122,0.7559196763952613,0.8735692115602045,0.9631942658341635
1,3,machine,ordinateur,ordinateur,0.35470413835257475,ordinateur_3,logiciel,0.5575651526451111,0.8479854228728888,0.27537658049415636,0.7321520870846265,0.7534223476688783,0.8780838052639605
1,3,machine,ordinateur,ordinateur,0.35470413835257475,ordinateur_3,composant,0.5381173491477966,0.9388781932283772,0.259106331437752,0.8052698675810568,0.7534223476688783,0.8780838052639605
1,4,machine,processeur,composant,-0.1634993460681512,composant,,,,,,0.8570141312620251,0.8004939360795447
