num_path,num_step,cue,best_word,temporary_best_word,q-value,current_word,neighbours,similarity,adequacy,originality,likeability,likeability_to_cue,goal_value
1,0,morceau,morceau,morceau,0.0,morceau_0,mélodie,0.6297403573989868,0.9225946706129319,0.321041467643091,0.7970770848152643,0.0,1.0565542698477677
1,0,morceau,morceau,morceau,0.0,morceau_0,riff,0.5749437808990479,0.9749994905062558,0.30610662696019086,0.8355449112266362,0.0,1.0565542698477677
1,1,morceau,riff,riff,0.44474766034471713,riff_1,mélodie,0.7159018516540527,0.9436669427017448,0.2743876702136185,0.8085473056687165,0.8308284161463946,1.0565542698477677
1,1,morceau,riff,riff,0.44474766034471713,riff_1,mélodique,0.7096378207206726,1.0,0.14437489184599944,0.8286211310728334,0.8308284161463946,1.0565542698477677
1,2,morceau,mélodique,mélodique,-0.11223562434901646,mélodique_2,mélodie,0.7975881695747375,1.0,0.1885906517101928,0.8308089395828895,0.7072684727529629,0.9631942658341635
1,2,morceau,mélodique,mélodique,-0.11223562434901646,mélodique_2,rythmique,0.7543461918830872,0.8991796113237636,0.10076223675383363,0.7406144400989614,0.7072684727529629,0.9631942658341635
1,3,morceau,mélodie,mélodie,0.35466804408816505,mélodie_3,rythmique,0.7712173461914062,1.0,0.1608427856491772,0.8269277415181678,0.8271091176613878,0.8780838052639605
1,3,morceau,mélodie,mélodie,0.35466804408816505,mélodie_3,sonorité,0.7366225719451904,0.9505605231469146,0.08915304684532085,0.7824808585355396,0.8271091176613878,0.8780838052639605
1,4,morceau,riff,rythmique,-0.15812097184828305,rythmique,,,,,,0.8170647154050873,0.8004939360795447
