num_path,num_step,cue,best_word,temporary_best_word,q-value,current_word,neighbours,similarity,adequacy,originality,likeability,likeability_to_cue,goal_value
1,0,passage,passage,passage,0.0,passage_0,traverser,0.5044552087783813,0.9534456269949516,0.30849765208044333,0.8198775631110927,0.0,1.0565542698477677
1,0,passage,passage,passage,0.0,passage_0,descente,0.4457331895828247,0.8283815474275467,0.39094622351428004,0.7415101779720831,0.0,1.0565542698477677
1,1,passage,traverser,traverser,0.44083082331583123,traverser_1,route,0.5916343331336975,0.9460867611245133,0.3533613179656588,0.8297818882435656,0.8573744085416458,1.0565542698477677
1,1,passage,traverser,traverser,0.44083082331583123,traverser_1,longer,0.5911509394645691,0.9770238863611451,0.33867157579661417,0.8489069694677144,0.8573744085416458,1.0565542698477677
1,2,passage,longer,longer,0.8889189982208179,longer_2,route,0.6685441136360168,0.9055998344415319,0.2854405765735553,0.778664741674628,0.7395422298598062,0.9631942658341635
1,2,passage,longer,longer,0.8889189982208179,longer_2,descendre,0.615595281124115,0.8324130664047442,0.34904144487395783,0.7356892372847618,0.7395422298598062,0.9631942658341635
1,3,passage,route,route,0.34278661718093395,route_3,chemin,0.6628193855285645,0.9534615786029238,0.19606626948999908,0.7963640730520132,0.8564546056667754,0.8780838052639605
1,3,passage,route,route,0.34278661718093395,route_3,descendre,0.5971108078956604,0.9628100460081772,0.20084992974854482,0.8135584964363664,0.8564546056667754,0.8780838052639605
1,4,passage,traverser,descendre,0.8266552899740354,descendre,,,,,,0.743254069964754,0.8004939360795447
