num_path,num_step,cue,best_word,temporary_best_word,q-value,current_word,neighbours,similarity,adequacy,originality,likeability,likeability_to_cue,goal_value
1,0,habitude,habitude,habitude,0.0,habitude_0,habituer,0.6349065899848938,0.9194369846069795,0.22276036309533045,0.7799162352977831,0.0,1.0565542698477677
1,0,habitude,habitude,habitude,0.0,habitude_0,surtout,0.5575041174888611,0.9599785920108067,0.23941632646792838,0.8116343710353053,0.0,1.0565542698477677
1,1,habitude,surtout,surtout,0.4387700252968844,surtout_1,habituer,0.6888512372970581,0.8679675313541972,0.23357394243810511,0.7378013421226336,0.7470614080196574,1.0565542698477677
1,1,habitude,surtout,surtout,0.4387700252968844,surtout_1,chose,0.654210090637207,0.9508216873793847,0.27651976086860913,0.8088603926046579,0.7470614080196574,1.0565542698477677
1,2,habitude,chose,chose,-0.123153444013893,chose_2,penser,0.7509238719940186,0.8620510275298447,0.22196765031713722,0.7378359800181037,0.8409727012880687,0.9631942658341635
1,2,habitude,chose,chose,-0.123153444013893,chose_2,rien,0.7212750315666199,1.0,0.20896290878027068,0.8384351042692052,0.8409727012880687,0.9631942658341635
1,3,habitude,rien,rien,0.3456567655948674,rien_3,penser,0.7876596450805664,0.9203299015308062,0.06611511699644132,0.7529215031342097,0.7743595129356747,0.8780838052639605
1,3,habitude,rien,rien,0.3456567655948674,rien_3,dire,0.7593327164649963,0.9638624979390854,0.12654326988816195,0.792769764872831,0.7743595129356747,0.8780838052639605
1,4,habitude,dire,dire,-0.17567174450291495,dire_4,penser,0.8321388363838196,0.9631822394453728,0.09256518884660817,0.7853214129872657,0.8021947572291973,0.8004939360795447
1,4,habitude,dire,dire,-0.17567174450291495,dire_4,croire,0.7918536067008972,1.0,0.11636361714514856,0.8102463754919829,0.8021947572291973,0.8004939360795447
1,5,habitude,chose,croire,0.3267663653501946,croire,,,,,,0.7221266040631609,0.7297601184063455
