num_path,num_step,cue,best_word,temporary_best_word,q-value,current_word,neighbours,similarity,adequacy,originality,likeability,likeability_to_cue,goal_value
1,0,chien,chien,chien,0.0,chien_0,chiens,0.7849016785621643,1.0,0.2409210211883939,0.845929393647781,0.0,1.0565542698477677
1,0,chien,chien,chien,0.0,chien_0,toutou,0.6694649457931519,0.9357866025610209,0.30585737522708073,0.811142960691936,0.0,1.0565542698477677
1,1,chien,chiens,chiens,0.4473437809500033,chiens_1,toutou,0.6473904252052307,0.9585813229726046,0.21584149715864667,0.8098133648114172,0.8411541041948839,1.0565542698477677
1,1,chien,chiens,chiens,0.4473437809500033,chiens_1,chat,0.6225764751434326,0.9594677002224814,0.24159627204777256,0.8193271822094423,0.8411541041948839,1.0565542698477677
1,2,chien,chat,chat,-0.11196299095957801,chat_2,toutou,0.6604821681976318,0.8510079874874081,0.27854659693243305,0.732000307736141,0.8164911585350165,0.9631942658341635
1,2,chien,chat,chat,-0.11196299095957801,chat_2,animal,0.5822096467018127,0.9718876940477146,0.3444202910716801,0.841194914159531,0.8164911585350165,0.9631942658341635
1,3,chien,animal,animal,0.35753717112176386,animal_3,toutou,0.6108738780021667,0.8177229571372626,0.23305189933057815,0.7037104753232251,0.8710202262124264,0.8780838052639605
1,3,chien,animal,animal,0.35753717112176386,animal_3,félin,0.5398329496383667,0.9380591367665981,0.211977824212175,0.7936308891758237,0.8710202262124264,0.8780838052639605
1,4,chien,félin,félin,-0.1635760579002703,félin_4,toutou,0.5922979116439819,0.9731733236775293,0.33893549721663424,0.8498074237350127,0.7892162445153419,0.8004939360795447
1,4,chien,félin,félin,-0.1635760579002703,félin_4,rongeur,0.5415399074554443,0.9132400064637702,0.2768561135628327,0.781052376248031,0.7892162445153419,0.8004939360795447
1,5,chien,animal,toutou,0.34875231401359674,toutou,,,,,,0.7380410578491048,0.7297601184063455
