num_path,num_step,cue,best_word,temporary_best_word,q-value,current_word,neighbours,similarity,adequacy,originality,likeability,likeability_to_cue,goal_value
1,0,chambre,chambre,chambre,0.0,chambre_0,hôtel,0.5750074982643127,0.8910071516814645,0.2850654690976261,0.7714575342382554,0.0,1.0565542698477677
1,0,chambre,chambre,chambre,0.0,chambre_0,spacieux,0.5186080932617188,0.8308685412375598,0.3280228807023041,0.729739631830151,0.0,1.0565542698477677
1,1,chambre,hôtel,hôtel,0.42872581609762195,hôtel_1,climatiser,0.6591111421585083,0.9687448513137881,0.1534150108086127,0.8079045625414991,0.6931444836113078,1.0565542698477677
1,1,chambre,hôtel,hôtel,0.42872581609762195,hôtel_1,situé,0.6266602277755737,0.8651044064416684,0.3129990563831481,0.754933897404815,0.6931444836113078,1.0565542698477677
1,2,chambre,climatiser,climatiser,0.8665633892710548,climatiser_2,spacieux,0.6805118322372437,0.9741094532547904,0.2648596977879946,0.8290860545425811,0.8295030263920398,0.9631942658341635
1,2,chambre,climatiser,climatiser,0.8665633892710548,climatiser_2,situé,0.648991048336029,0.8678679282273744,0.1768269490801762,0.7312414017239731,0.8295030263920398,0.9631942658341635
1,3,chambre,spacieux,spacieux,1.3330363364481592,spacieux_3,situé,0.6560832262039185,1.0,0.30133306797745024,0.853122300522857,0.8154458289079487,0.8780838052639605
1,3,chambre,spacieux,spacieux,1.3330363364481592,spacieux_3,confortable,0.6288055777549744,0.8384449547509166,0.2806354554908326,0.7265688726382019,0.8154458289079487,0.8780838052639605
1,4,chambre,climatiser,situé,1.8267959602628834,situé,,,,,,0.761167461733764,0.8004939360795447
