num_path,num_step,cue,best_word,temporary_best_word,q-value,current_word,neighbours,similarity,adequacy,originality,likeability,likeability_to_cue,goal_value
1,0,école,école,école,0.0,école_0,scolaire,0.7114928960800171,1.0,0.2911946476270436,0.8551275574962632,0.0,1.0565542698477677
1,0,école,école,école,0.0,école_0,primaire,0.6974052786827087,0.9539717144922566,0.250147320142127,0.8145274046043282,0.0,1.0565542698477677
1,1,école,scolaire,scolaire,0.44964332191212386,scolaire_1,collège,0.727343738079071,0.8688347349397343,0.23908912013597367,0.7406828395301521,0.8250886938800112,1.0565542698477677
1,1,école,scolaire,scolaire,0.44964332191212386,scolaire_1,élève,0.7111561298370361,0.8454133725079886,0.29240894035015397,0.7355363945725429,0.8250886938800112,1.0565542698477677
1,2,école,collège,collège,-0.12932453566728008,collège_2,élève,0.7550970911979675,0.9284300958531385,0.1902779337868955,0.7757861344968467,0.6961900233267057,0.9631942658341635
1,2,école,collège,collège,-0.12932453566728008,collège_2,lycée,0.7550482749938965,1.0,0.17230942300978036,0.8289822858536507,0.6961900233267057,0.9631942658341635
1,3,école,lycée,lycée,0.3371224693375917,lycée_3,élève,0.7641307711601257,0.9675255973879722,0.10343944542200928,0.7841092439285858,0.7201214499541578,0.8780838052639605
1,3,école,lycée,lycée,0.3371224693375917,lycée_3,enseignant,0.7127459645271301,0.8558294711104009,0.29839715419246193,0.7404440848271832,0.7201214499541578,0.8780838052639605
1,4,école,élève,élève,-0.186371170996252,élève_4,enseignant,0.7616527080535889,0.9516612358859156,0.23904330485487296,0.8113216307747427,0.7578945201588073,0.8004939360795447
1,4,école,élève,élève,-0.186371170996252,élève_4,classe,0.7372754812240601,0.8887577811143074,0.1967346999246612,0.7508676746031747,0.7578945201588073,0.8004939360795447
1,5,école,scolaire,enseignant,0.31633575267754754,enseignant,,,,,,0.7905502732539911,0.7297601184063455
