num_path,num_step,cue,best_word,temporary_best_word,q-value,current_word,neighbours,similarity,adequacy,originality,likeability,likeability_to_cue,goal_value
1,0,gauche,gauche,gauche,0.0,gauche_0,droite,0.9111952185630798,0.9515501309068353,0.046450850641152855,0.7477934499645468,0.0,1.0565542698477677
1,0,gauche,gauche,gauche,0.0,gauche_0,socialiste,0.6247686147689819,0.8698076201353938,0.30620183739773993,0.7593720210523844,0.0,1.0565542698477677
1,1,gauche,socialiste,socialiste,0.4257044378011542,socialiste_1,parti,0.7899854183197021,1.0,0.13059006773019324,0.820678787566554,0.8350070112820763,1.0565542698477677
1,1,gauche,socialiste,socialiste,0.4257044378011542,socialiste_1,droite,0.7791373133659363,0.9240133960726069,0.1626868630996091,0.7704910797931613,0.8350070112820763,1.0565542698477677
1,2,gauche,parti,parti,0.8667355672308508,parti_2,droite,0.7061073184013367,0.9371173145720463,0.24961987394878166,0.8015982982061014,0.7046433665160378,0.9631942658341635
1,2,gauche,parti,parti,0.8667355672308508,parti_2,communiste,0.7025076150894165,0.9932164044597538,0.30390734212743964,0.8503913098077736,0.7046433665160378,0.9631942658341635
1,3,gauche,communiste,communiste,1.3385348282242533,communiste_3,militant,0.702839732170105,0.8432987282660289,0.11569635541813136,0.6997491930509105,0.7797382040160131,0.8780838052639605
1,3,gauche,communiste,communiste,1.3385348282242533,communiste_3,progressiste,0.6834533214569092,0.9377543046572798,0.2969957164251506,0.8079375098039697,0.7797382040160131,0.8780838052639605
1,4,gauche,socialiste,progressiste,0.8209982543592556,progressiste,,,,,,0.7902302518494434,0.8004939360795447
