num_path,num_step,cue,best_word,temporary_best_word,q-value,current_word,neighbours,similarity,adequacy,originality,likeability,likeability_to_cue,goal_value
1,0,arbre,arbre,arbre,0.0,arbre_0,arbuste,0.5709508657455444,0.899523688722679,0.3346880877308828,0.7881808561584622,0.0,1.0565542698477677
1,0,arbre,arbre,arbre,0.0,arbre_0,planter,0.5626263618469238,0.9575573854932321,0.39308490884098024,0.8423641050216766,0.0,1.0565542698477677
1,1,arbre,planter,planter,0.4464524587934772,planter_1,arbuste,0.6004051566123962,0.8702551604737714,0.33474071615000095,0.7651633652337531,0.7381515072015781,1.0565542698477677
1,1,arbre,planter,planter,0.4464524587934772,planter_1,palmier,0.5489615797996521,0.9770370049514394,0.31799155647124,0.8435168376634287,0.7381515072015781,1.0565542698477677
1,2,arbre,palmier,palmier,0.8931931007473926,palmier_2,arbuste,0.5891661643981934,0.9537673263692764,0.2999460277789837,0.8178534316575969,0.7277051199360095,0.9631942658341635
1,2,arbre,palmier,palmier,0.8931931007473926,palmier_2,plantation,0.5403041839599609,0.924108983853395,0.31166804703094647,0.796489702866049,0.7277051199360095,0.9631942658341635
1,3,arbre,arbuste,arbuste,0.3568578922032509,arbuste_3,feuillage,0.6154793500900269,0.9773959021264356,0.3061153224646053,0.8423928655663339,0.8410958274090337,0.8780838052639605
1,3,arbre,arbuste,arbuste,0.3568578922032509,arbuste_3,plantation,0.5909200310707092,0.9249939063997364,0.20081979900113528,0.7843541252724107,0.8410958274090337,0.8780838052639605
1,4,arbre,arbuste,feuillage,0.8479351572788443,feuillage,,,,,,0.7446651994458863,0.8004939360795447
