num_path,num_step,cue,best_word,temporary_best_word,q-value,current_word,neighbours,similarity,adequacy,originality,likeability,likeability_to_cue,goal_value
1,0,vache,vache,vache,0.0,vache_0,lait,0.5394965410232544,0.8840235905253002,0.3391990221545976,0.7746570173277674,0.0,1.0565542698477677
1,0,vache,vache,vache,0.0,vache_0,fou,0.49157682061195374,0.8391569649121975,0.2972036823867645,0.7261880276165352,0.0,1.0565542698477677
1,1,vache,lait,lait,0.4295256868699999,lait_1,laitier,0.5733922719955444,0.880813613613819,0.21310916179423084,0.7512498900255324,0.7619386899254115,1.0565542698477677
1,1,vache,lait,lait,0.4295256868699999,lait_1,fromage,0.48821815848350525,0.8408198532981448,0.3714882637002663,0.7492544147736419,0.7619386899254115,1.0565542698477677
1,2,vache,laitier,laitier,-0.14680040808555894,laitier_2,bovin,0.5455740094184875,0.9956709890743273,0.37220946283760725,0.8704716840188618,0.8335137048201585,0.9631942658341635
1,2,vache,laitier,laitier,-0.14680040808555894,laitier_2,viande,0.5315642952919006,0.9041941667175036,0.36642745303382157,0.7944922567981669,0.8335137048201585,0.9631942658341635
1,3,vache,bovin,bovin,0.33001894646061564,bovin_3,élevage,0.5861162543296814,0.9623779921603993,0.20690621117264568,0.8137442785652216,0.7437111534824944,0.8780838052639605
1,3,vache,bovin,bovin,0.33001894646061564,bovin_3,viande,0.5796667337417603,0.9775734268622913,0.24905883788720054,0.8343796130679261,0.7437111534824944,0.8780838052639605
1,4,vache,laitier,viande,-0.1809071015883929,viande,,,,,,0.8191032437683081,0.8004939360795447
