num_path,num_step,cue,best_word,temporary_best_word,q-value,current_word,neighbours,similarity,adequacy,originality,likeability,likeability_to_cue,goal_value
1,0,rose,rose,rose,0.0,rose_0,fleur,0.6601338386535645,0.8699409287563099,0.32476722677476144,0.760804894891108,0.0,1.0565542698477677
1,0,rose,rose,rose,0.0,rose_0,violet,0.6219766139984131,0.9623754261619352,0.32497795715749483,0.8349530434562358,0.0,1.0565542698477677
1,1,rose,violet,violet,0.444599693402117,violet_1,bleu,0.7007799744606018,0.8697907523571078,0.17300468556225726,0.7202761566965286,0.8152824432440552,1.0565542698477677
1,1,rose,violet,violet,0.444599693402117,violet_1,jaune,0.6689918041229248,0.8886905085563569,0.20715703628884588,0.755177041295777,0.8152824432440552,1.0565542698477677
1,2,rose,jaune,jaune,-0.13074461373588064,jaune_2,bleu,0.7716735005378723,1.0,0.23154637598869848,0.8427390418185108,0.7282994908901643,0.9631942658341635
1,2,rose,jaune,jaune,-0.13074461373588064,jaune_2,rouge,0.7451698184013367,0.8702010533397265,0.08366906941800353,0.6999252259566258,0.7282994908901643,0.9631942658341635
1,3,rose,bleu,bleu,0.3391415802602062,bleu_3,rouge,0.7827939987182617,1.0,0.24729929843798396,0.85071055203882,0.849819505789092,0.8780838052639605
1,3,rose,bleu,bleu,0.3391415802602062,bleu_3,couleur,0.70045405626297,0.9257109382808031,0.2502116639178538,0.7833447148966631,0.849819505789092,0.8780838052639605
1,4,rose,bleu,rouge,0.8322982669539211,rouge,,,,,,0.7407835949668435,0.8004939360795447
