num_path,num_step,cue,best_word,temporary_best_word,q-value,current_word,neighbours,similarity,adequacy,originality,likeability,likeability_to_cue,goal_value
1,0,flamme,flamme,flamme,0.0,flamme_0,feu,0.6798228025436401,1.0,0.1592962716831527,0.8342534018027529,0.0,1.0565542698477677
1,0,flamme,flamme,flamme,0.0,flamme_0,étincelle,0.6643468737602234,0.8927614775238215,0.3140988380456225,0.7797496989494986,0.0,1.0565542698477677
1,1,flamme,feu,feu,0.4444247829887463,feu_1,brûler,0.6793592572212219,1.0,0.30658996654513665,0.8543621763092384,0.8218056275710064,1.0565542698477677
1,1,flamme,feu,feu,0.4444247829887463,feu_1,étincelle,0.6381539702415466,0.8319796511594986,0.24969926073727167,0.7119857106856232,0.8218056275710064,1.0565542698477677
1,2,flamme,brûler,brûler,0.893876759604114,brûler_2,enflammer,0.6693937182426453,0.8907721189602749,0.1859024868245606,0.7420389169227064,0.7717080678360195,0.9631942658341635
1,2,flamme,brûler,brûler,0.893876759604114,brûler_2,étincelle,0.6186070442199707,1.0,0.233122892823767,0.8470686101879301,0.7717080678360195,0.9631942658341635
1,3,flamme,étincelle,étincelle,0.36484534569255556,étincelle_3,enflammer,0.6963292956352234,0.9237139901145831,0.2118302482977713,0.7771311506149101,0.7914875498515016,0.8780838052639605
1,3,flamme,étincelle,étincelle,0.36484534569255556,étincelle_3,éteindre,0.6207204461097717,0.9521832172124403,0.22077740015253003,0.809994446657663,0.7914875498515016,0.8780838052639605
1,4,flamme,éteindre,éteindre,-0.15217699395901885,éteindre,,,,,,0.831297964916588,0.8004939360795447
