num_path,num_step,cue,best_word,temporary_best_word,q-value,current_word,neighbours,similarity,adequacy,originality,likeability,likeability_to_cue,goal_value
1,0,passion,passion,passion,0.0,passion_0,passionner,0.7088161706924438,0.836807929835064,0.16789750274917284,0.6954469669436187,0.0,1.0565542698477677
1,0,passion,passion,passion,0.0,passion_0,amour,0.5944985747337341,0.9544625020033217,0.33052402199059433,0.8257528900627839,0.0,1.0565542698477677
1,1,passion,amour,amour,0.442299655053754,amour_1,tendresse,0.6960577368736267,0.878649204110798,0.28100259064753924,0.7615727798775705,0.8016970406625648,1.0565542698477677
1,1,passion,amour,amour,0.442299655053754,amour_1,amoureux,0.6766515970230103,0.8392802221771232,0.2623053426609872,0.7232844713421467,0.8016970406625648,1.0565542698477677
1,2,passion,tendresse,tendresse,-0.1314457174387953,tendresse_2,bonheur,0.7042900323867798,1.0,0.14177486973781234,0.8156935750194746,0.7807384706814768,0.9631942658341635
1,2,passion,tendresse,tendresse,-0.1314457174387953,tendresse_2,joie,0.6866493225097656,0.847467912357635,0.15996995799313912,0.6996800631478299,0.7807384706814768,0.9631942658341635
1,3,passion,bonheur,bonheur,0.33167910985753246,bonheur_3,joie,0.7560666799545288,0.8887550630684414,0.23965236256268146,0.7621680583782259,0.7829523657752875,0.8780838052639605
1,3,passion,bonheur,bonheur,0.33167910985753246,bonheur_3,amoureux,0.6724010705947876,0.843389059320851,0.3019977461918372,0.7367766065053637,0.7829523657752875,0.8780838052639605
1,4,passion,joie,joie,-0.19729982686390124,joie_4,merveilleux,0.6762261390686035,0.9411899951039716,0.16557486031931973,0.7829578933540454,0.8064447025655864,0.8004939360795447
1,4,passion,joie,joie,-0.19729982686390124,joie_4,plaisir,0.6732276082038879,0.8915605770083632,0.2024742254450629,0.7517152021875652,0.8064447025655864,0.8004939360795447
1,5,passion,merveilleux,merveilleux,0.2983161624547239,merveilleux,,,,,,0.8690940903037682,0.7297601184063455
