num_path,num_step,cue,best_word,temporary_best_word,q-value,current_word,neighbours,similarity,adequacy,originality,likeability,likeability_to_cue,goal_value
1,0,désir,désir,désir,0.0,désir_0,sentiment,0.633898138999939,0.9022705592459239,0.34340062352114864,0.7923595013767493,0.0,1.0565542698477677
1,0,désir,désir,désir,0.0,désir_0,pulsion,0.611088216304779,0.8147538948281636,0.19791515477901606,0.6925607481004499,0.0,1.0565542698477677
1,1,désir,sentiment,sentiment,0.4339513078822454,sentiment_1,ressentir,0.6765083074569702,0.984249809005064,0.28039611384213986,0.8474057848740472,0.7720199325190392,1.0565542698477677
1,1,désir,sentiment,sentiment,0.4339513078822454,sentiment_1,éprouver,0.6764318943023682,0.9652336010024996,0.22344451985590585,0.8199823162489064,0.7720199325190392,1.0565542698477677
1,2,désir,ressentir,ressentir,0.8816641866388153,ressentir_2,éprouver,0.7408369183540344,0.8698466411022758,0.12045112322706358,0.7165707050415089,0.8186381803447799,0.9631942658341635
1,2,désir,ressentir,ressentir,0.8816641866388153,ressentir_2,émotion,0.6718405485153198,1.0,0.24535276854218954,0.8447787131298856,0.8186381803447799,0.9631942658341635
1,3,désir,émotion,émotion,0.3520602984627459,émotion_3,éprouver,0.7129183411598206,1.0,0.14728743125735694,0.8211445054375485,0.7953494910336341,0.8780838052639605
1,3,désir,émotion,émotion,0.3520602984627459,émotion_3,angoisse,0.6381533145904541,0.9039795405438525,0.2626996767825227,0.7729559266088155,0.7953494910336341,0.8780838052639605
1,4,désir,ressentir,éprouver,-0.1621745264938571,éprouver,,,,,,0.7451755880808064,0.8004939360795447
