num_path,num_step,cue,best_word,temporary_best_word,q-value,current_word,neighbours,similarity,adequacy,originality,likeability,likeability_to_cue,goal_value
1,0,table,table,table,0.0,table_0,rond,0.6174782514572144,0.9906934256388398,0.2448417982856087,0.8388978135285167,0.0,1.0565542698477677
1,0,table,table,table,0.0,table_0,ronde,0.521054744720459,0.9621166748115328,0.23139420607438152,0.8127288435670023,0.0,1.0565542698477677
1,1,table,rond,rond,0.4455858859201872,rond_1,ronde,0.6499526500701904,0.8920414308732655,0.18521750807412024,0.7547068527717259,0.7531354426318556,1.0565542698477677
1,1,table,rond,rond,0.4455858859201872,rond_1,chaise,0.4611298143863678,0.8300425070869266,0.27314446243482393,0.71865289675654,0.7531354426318556,1.0565542698477677
1,2,table,ronde,ronde,-0.1298759683488232,ronde_2,chaise,0.423054963350296,0.85875882905755,0.40314581243708947,0.76783623038604,0.8568660741683544,0.9631942658341635
1,2,table,ronde,ronde,-0.1298759683488232,ronde_2,ovale,0.41107624769210815,0.922263834355719,0.32385197057791076,0.8011732043533648,0.8568660741683544,0.9631942658341635
1,3,table,ovale,ovale,0.32961876628097714,ovale_3,rectangulaire,0.433997243642807,0.9130546859383846,0.43028471751358205,0.81650971961823,0.8023664872623368,0.8780838052639605
1,3,table,ovale,ovale,0.32961876628097714,ovale_3,chaise,0.41340792179107666,0.9565616517601547,0.3301488416343887,0.8300691644324532,0.8023664872623368,0.8780838052639605
1,4,table,ronde,chaise,0.8176151060731003,chaise,,,,,,0.6940740032431386,0.8004939360795447
