num_path,num_step,cue,best_word,temporary_best_word,q-value,current_word,neighbours,similarity,adequacy,originality,likeability,likeability_to_cue,goal_value
1,0,preuve,preuve,preuve,0.0,preuve_0,prouver,0.7404432892799377,0.8737252192782652,0.17670365259670118,0.7328785015447938,0.0,1.0565542698477677
1,0,preuve,preuve,preuve,0.0,preuve_0,démontrer,0.6299620866775513,0.9326303026938644,0.32690058830850316,0.8082128524958196,0.0,1.0565542698477677
1,1,preuve,démontrer,démontrer,0.437914645662013,démontrer_1,prouver,0.8404948115348816,1.0,0.1599122561361635,0.8252032863023702,0.8544643043727189,1.0565542698477677
1,1,preuve,démontrer,démontrer,0.437914645662013,démontrer_1,incontestable,0.6176714897155762,1.0,0.17471871549681936,0.8375474809999137,0.8544643043727189,1.0565542698477677
1,2,preuve,incontestable,incontestable,0.8831629484500495,incontestable_2,prouver,0.8031965494155884,0.9307664115091638,0.13588821746902213,0.7724150047692947,0.7788191572901014,0.9631942658341635
1,2,preuve,incontestable,incontestable,0.8831629484500495,incontestable_2,indiscutable,0.711288571357727,0.9704478885666079,0.1443246663339503,0.8078064264527084,0.7788191572901014,0.9631942658341635
1,3,preuve,indiscutable,indiscutable,0.3443159886046857,indiscutable_3,prouver,0.7815613746643066,0.8869416818134068,0.10510463054939984,0.7151516300119897,0.822787740672991,0.8780838052639605
1,3,preuve,indiscutable,indiscutable,0.3443159886046857,indiscutable_3,indéniable,0.6279542446136475,0.9043093090634601,0.1991765051469105,0.7558368474072135,0.822787740672991,0.8780838052639605
1,4,preuve,indéniable,indéniable,-0.186245750859501,indéniable_4,prouver,0.7439255118370056,0.9988087318388157,0.20746845140162615,0.8302245980660564,0.858060613016238,0.8004939360795447
1,4,preuve,indéniable,indéniable,-0.186245750859501,indéniable_4,évident,0.6218504905700684,0.9953560653963862,0.29605821423683737,0.8540172012244702,0.858060613016238,0.8004939360795447
1,5,preuve,indéniable,évident,0.32713506542673043,évident,,,,,,0.7668744208177315,0.7297601184063455
