num_path,num_step,cue,best_word,temporary_best_word,q-value,current_word,neighbours,similarity,adequacy,originality,likeability,likeability_to_cue,goal_value
1,0,rayon,rayon,rayon,0.0,rayon_0,magasin,0.4981423020362854,0.8138142225104367,0.33975481209143504,0.7160346704005424,0.0,1.0565542698477677
1,0,rayon,rayon,rayon,0.0,rayon_0,supermarché,0.4645034074783325,0.9693966695557378,0.3027975649689943,0.831064359599399,0.0,1.0565542698477677
1,1,rayon,supermarché,supermarché,0.4436275224379078,supermarché_1,magasin,0.6852738261222839,1.0,0.19384187416298063,0.8320446245943567,0.8598734072641735,1.0565542698477677
1,1,rayon,supermarché,supermarché,0.4436275224379078,supermarché_1,hypermarché,0.6339239478111267,0.9482748062355829,0.2603842364041229,0.8102458355123927,0.8598734072641735,1.0565542698477677
1,2,rayon,magasin,magasin,0.8875001111245551,magasin_2,hypermarché,0.6834858655929565,0.9007615027670326,0.29697509135629646,0.7783409951353468,0.7328501349486163,0.9631942658341635
1,2,rayon,magasin,magasin,0.8875001111245551,magasin_2,épicerie,0.5901894569396973,0.8988992818961256,0.33628884435057543,0.7846432660558721,0.7328501349486163,0.9631942658341635
1,3,rayon,épicerie,épicerie,0.34286236117998226,épicerie_3,hypermarché,0.6634933948516846,0.9315935713071336,0.15963938442265962,0.7675903235326604,0.7990664320472322,0.8780838052639605
1,3,rayon,épicerie,épicerie,0.34286236117998226,épicerie_3,boulangerie,0.5695600509643555,0.8723598930691602,0.33358832911629904,0.7656763820734759,0.7990664320472322,0.8780838052639605
1,4,rayon,hypermarché,hypermarché,-0.18476100925284278,hypermarché_4,caissier,0.5602325797080994,0.8162854839030813,0.349640738806493,0.7237675974124665,0.7579528615739595,0.8004939360795447
1,4,rayon,hypermarché,hypermarché,-0.18476100925284278,hypermarché_4,boulangerie,0.5495327115058899,0.8680991047362348,0.21261802811678662,0.7395923109822391,0.7579528615739595,0.8004939360795447
1,5,rayon,supermarché,boulangerie,-0.6999864155271692,boulangerie,,,,,,0.73860399296259,0.7297601184063455
