num_path,num_step,cue,best_word,temporary_best_word,q-value,current_word,neighbours,similarity,adequacy,originality,likeability,likeability_to_cue,goal_value
1,0,mer,mer,mer,0.0,mer_0,océan,0.5891756415367126,0.9837685453683014,0.20193994021749412,0.8252539779070299,0.0,1.0565542698477677
1,0,mer,mer,mer,0.0,mer_0,rivage,0.5782196521759033,0.9913962520879044,0.3259920270819308,0.8553584083257298,0.0,1.0565542698477677
1,1,mer,rivage,rivage,0.4497010346194905,rivage_1,océan,0.6153599619865417,0.9053782376878723,0.19919140524596085,0.7668014693837603,0.8622975114879698,1.0565542698477677
1,1,mer,rivage,rivage,0.4497010346194905,rivage_1,plage,0.5772974491119385,0.8782839579411391,0.332587023663434,0.7694981066274805,0.8622975114879698,1.0565542698477677
1,2,mer,plage,plage,-0.1220630061855813,plage_2,sable,0.603971004486084,0.8447458085476294,0.2904601027074293,0.7334368631683184,0.8254990293125543,0.9631942658341635
1,2,mer,plage,plage,-0.1220630061855813,plage_2,île,0.586011528968811,0.936364727103746,0.24497355780541377,0.7899458098524796,0.8254990293125543,0.9631942658341635
1,3,mer,île,île,0.33462487981899774,île_3,océan,0.6115548014640808,0.8388213691018968,0.23661750704604792,0.7134407099135842,0.8011955851801809,0.8780838052639605
1,3,mer,île,île,0.33462487981899774,île_3,côte,0.6108689308166504,0.9047222434914747,0.19305505564978037,0.7632138143746928,0.8011955851801809,0.8780838052639605
1,4,mer,côte,côte,-0.19409261790331916,côte_4,océan,0.6078433394432068,0.8172894196423985,0.2769861733005353,0.7090383756144281,0.7898368789901878,0.8004939360795447
1,4,mer,côte,côte,-0.19409261790331916,côte_4,baie,0.6033709049224854,1.0,0.3468437379978127,0.8677799335196811,0.7898368789901878,0.8004939360795447
1,5,mer,rivage,baie,0.3227288814567149,baie,,,,,,0.82745559311266,0.7297601184063455
