num_path,num_step,cue,best_word,temporary_best_word,q-value,current_word,neighbours,similarity,adequacy,originality,likeability,likeability_to_cue,goal_value
1,0,sens,sens,sens,0.0,sens_0,signification,0.6398046016693115,0.871259492094741,0.2626519622319393,0.7433175138191009,0.0,1.0565542698477677
1,0,sens,sens,sens,0.0,sens_0,pensée,0.5979962944984436,0.9179289317391953,0.345282777026844,0.7999319950675583,0.0,1.0565542698477677
1,1,sens,pensée,pensée,0.43584443130494765,pensée_1,esprit,0.6893669366836548,0.9620854945814256,0.23324694320199577,0.8161253130807725,0.7961875713981508,1.0565542698477677
1,1,sens,pensée,pensée,0.43584443130494765,pensée_1,signification,0.6543804407119751,0.8908533222933629,0.17741183337878713,0.751157477377372,0.7961875713981508,1.0565542698477677
1,2,sens,esprit,esprit,0.8757371921131989,esprit_2,conscience,0.6643789410591125,0.8777678029458928,0.2010785285010355,0.7450666014664666,0.8355451279437508,0.9631942658341635
1,2,sens,esprit,esprit,0.8757371921131989,esprit_2,intuition,0.6598328948020935,0.9908831051438796,0.3259578447139285,0.8544118975703717,0.8355451279437508,0.9631942658341635
1,3,sens,intuition,intuition,1.348541600047251,intuition_3,conscience,0.6675961017608643,1.0,0.20104098700185838,0.8324126498609945,0.802817739500028,0.8780838052639605
1,3,sens,intuition,intuition,1.348541600047251,intuition_3,entendement,0.6175083518028259,1.0,0.25082262555853585,0.8532742101703455,0.802817739500028,0.8780838052639605
1,4,sens,esprit,entendement,0.8423392012738473,entendement,,,,,,0.7489068020505849,0.8004939360795447
