num_path,num_step,cue,best_word,temporary_best_word,q-value,current_word,neighbours,similarity,adequacy,originality,likeability,likeability_to_cue,goal_value
1,0,garçon,garçon,garçon,0.0,garçon_0,fille,0.8552345633506775,1.0,0.13185076041404117,0.8129871252411799,0.0,1.0565542698477677
1,0,garçon,garçon,garçon,0.0,garçon_0,gamin,0.6161267161369324,0.8224918918539481,0.18570281172431796,0.692539531099733,0.0,1.0565542698477677
1,1,garçon,fille,fille,0.4391082138483531,fille_1,mère,0.6549221873283386,0.9699541420928814,0.31806860985166746,0.8407703019015825,0.7918114751582106,1.0565542698477677
1,1,garçon,fille,fille,0.4391082138483531,fille_1,fillette,0.6447445154190063,0.8781134979661315,0.3335189264347119,0.7711924239932751,0.7918114751582106,1.0565542698477677
1,2,garçon,mère,mère,0.8851622218618068,mère_2,soeur,0.7256821990013123,0.9043616780194477,0.21915035519424939,0.7662895313405478,0.8187167051332596,0.9631942658341635
1,2,garçon,mère,mère,0.8851622218618068,mère_2,père,0.7150428295135498,1.0,0.1509347869266338,0.83040690443002,0.8187167051332596,0.9631942658341635
1,3,garçon,père,père,0.35196538151077095,père_3,soeur,0.7531203031539917,0.9747728976438611,0.10955257261805523,0.7863080747062192,0.7204868081352365,0.8780838052639605
1,3,garçon,père,père,0.35196538151077095,père_3,fils,0.7238528728485107,0.8608460374296539,0.18231819210422018,0.7250940158391287,0.7204868081352365,0.8780838052639605
1,4,garçon,soeur,soeur,-0.17097855112866434,soeur_4,frère,0.7435572743415833,0.9986931510884258,0.2687049497679951,0.8452943002987254,0.7442526478102449,0.8004939360795447
1,4,garçon,soeur,soeur,-0.17097855112866434,soeur_4,mari,0.7363476157188416,0.9284776703834156,0.15132919624897248,0.7663897309097155,0.7442526478102449,0.8004939360795447
1,5,garçon,mère,frère,0.3402215399261308,frère,,,,,,0.7567347564494167,0.7297601184063455
