num_path,num_step,cue,best_word,temporary_best_word,q-value,current_word,neighbours,similarity,adequacy,originality,likeability,likeability_to_cue,goal_value
1,0,rapport,rapport,rapport,0.0,rapport_0,conclusion,0.5636680126190186,0.8996765040585477,0.21840845260794056,0.7595025449747261,0.0,1.0565542698477677
1,0,rapport,rapport,rapport,0.0,rapport_0,commission,0.5318250060081482,0.8872211806242903,0.30525521201990646,0.7741074873618691,0.0,1.0565542698477677
1,1,rapport,commission,commission,0.4293883043785254,commission_1,rapporteur,0.6604850888252258,0.8930085503448644,0.1695447470341403,0.7426741108618636,0.8154011376114326,1.0565542698477677
1,1,rapport,commission,commission,0.4293883043785254,commission_1,proposition,0.6593297719955444,1.0,0.3032765270606131,0.8576682790096278,0.8154011376114326,1.0565542698477677
1,2,rapport,proposition,proposition,0.8796668066689904,proposition_2,rapporteur,0.667449414730072,1.0,0.25113388894968025,0.8421284986003126,0.7949571444067433,0.9631942658341635
1,2,rapport,proposition,proposition,0.8796668066689904,proposition_2,examiner,0.6482612490653992,0.9527369123304115,0.30428951161451717,0.8211321415264268,0.7949571444067433,0.9631942658341635
1,3,rapport,rapporteur,rapporteur,0.3494003648605277,rapporteur_3,examiner,0.6475352644920349,0.8766071453627766,0.15774968548773788,0.7214948306892058,0.8009290574326442,0.8780838052639605
1,3,rapport,rapporteur,rapporteur,0.3494003648605277,rapporteur_3,conseil,0.6310155391693115,0.9098002232344752,0.32523133338769433,0.7953086934595642,0.8009290574326442,0.8780838052639605
1,4,rapport,conseil,conseil,-0.17129341309057133,conseil_4,comité,0.6518073081970215,0.9083788937036265,0.3000421971375485,0.7850909237516364,0.8344163353780695,0.8004939360795447
1,4,rapport,conseil,conseil,-0.17129341309057133,conseil_4,consultatif,0.6355988383293152,0.8575517981565848,0.2573209143985883,0.7322385411829091,0.8344163353780695,0.8004939360795447
1,5,rapport,conseil,comité,-0.6751441661725485,comité,,,,,,0.7847826375422187,0.7297601184063455
