num_path,num_step,cue,best_word,temporary_best_word,q-value,current_word,neighbours,similarity,adequacy,originality,likeability,likeability_to_cue,goal_value
1,0,oncle,oncle,oncle,0.0,oncle_0,tante,0.6775187253952026,0.8244648278947246,0.19075602009338735,0.6892439216611134,0.0,1.0565542698477677
1,0,oncle,oncle,oncle,0.0,oncle_0,grand-père,0.6655955910682678,0.8770086939498155,0.3093079781229861,0.7643729097795949,0.0,1.0565542698477677
1,1,oncle,grand-père,grand-père,0.4269546599829568,grand-père_1,père,0.7417097687721252,0.8621168462668154,0.20489103024644947,0.7230817500658177,0.7012531038753071,1.0565542698477677
1,1,oncle,grand-père,grand-père,0.4269546599829568,grand-père_1,grand-mère,0.7338790893554688,0.8527395719490877,0.21290994553885242,0.7199641769378876,0.7012531038753071,1.0565542698477677
1,2,oncle,père,père,-0.1564134699625307,père_2,fils,0.7657114863395691,0.8760830528546817,0.26441543512201793,0.7528093069096443,0.8508475718965192,0.9631942658341635
1,2,oncle,père,père,-0.1564134699625307,père_2,mère,0.7475830912590027,0.8629697450203563,0.21211766188015743,0.7333875612311688,0.8508475718965192,0.9631942658341635
1,3,oncle,fils,fils,0.2909902903063395,fils_3,mère,0.7669258713722229,0.9415145636178945,0.0696282351587578,0.7620955124732454,0.8244131771933809,0.8780838052639605
1,3,oncle,fils,fils,0.2909902903063395,fils_3,petit-fils,0.7536748647689819,0.9919565447711138,0.23619509291223756,0.8445435054521525,0.8244131771933809,0.8780838052639605
1,4,oncle,père,petit-fils,0.7826052153533876,petit-fils,,,,,,0.708381333641884,0.8004939360795447
