num_path,num_step,cue,best_word,temporary_best_word,q-value,current_word,neighbours,similarity,adequacy,originality,likeability,likeability_to_cue,goal_value
1,0,soeur,soeur,soeur,0.0,soeur_0,frère,0.798970103263855,0.9259644680152664,0.15067952025459763,0.7590231307931097,0.0,1.0565542698477677
1,0,soeur,soeur,soeur,0.0,soeur_0,mère,0.7299074530601501,0.8925735277576058,0.25545066907272046,0.7619414024447311,0.0,1.0565542698477677
1,1,soeur,mère,mère,0.42634678314924085,mère_1,père,0.786618709564209,0.9199168412561329,0.13379703792067535,0.7511418563758023,0.7981866666050118,1.0565542698477677
1,1,soeur,mère,mère,0.42634678314924085,mère_1,frère,0.7677281498908997,0.9538011933620462,0.24710793172924533,0.8045521350299979,0.7981866666050118,1.0565542698477677
1,2,soeur,frère,frère,0.8633462494447983,frère_2,père,0.8213290572166443,0.8819464870760072,0.10182698490072342,0.7205792136964781,0.8172077262299723,0.9631942658341635
1,2,soeur,frère,frère,0.8633462494447983,frère_2,fils,0.7056244015693665,0.880995343891956,0.1189268343479429,0.7292685385008086,0.8172077262299723,0.9631942658341635
1,3,soeur,fils,fils,0.30486481761145967,fils_3,père,0.8712368011474609,1.0,0.18778802282465082,0.8327179045258265,0.7889845994304802,0.8780838052639605
1,3,soeur,fils,fils,0.30486481761145967,fils_3,mari,0.7119334936141968,1.0,0.25891426142740376,0.8485905071989671,0.7889845994304802,0.8780838052639605
1,4,soeur,frère,mari,0.7974914930952113,mari,,,,,,0.8032393253334419,0.8004939360795447
