num_path,num_step,cue,best_word,temporary_best_word,q-value,current_word,neighbours,similarity,adequacy,originality,likeability,likeability_to_cue,goal_value
1,0,direction,direction,direction,0.0,direction_0,directeur,0.6472053527832031,0.8325483600908038,0.3349588138381432,0.7294204506840058,0.0,1.0565542698477677
1,0,direction,direction,direction,0.0,direction_0,charger,0.5752626061439514,0.8830378470302783,0.2509006948171097,0.7593989819571618,0.0,1.0565542698477677
1,1,direction,charger,charger,0.42571117802734854,charger_1,directeur,0.7209460139274597,1.0,0.2751727495011497,0.8475084836375508,0.748390726535887,1.0565542698477677
1,1,direction,charger,charger,0.42571117802734854,charger_1,adjoindre,0.6562017798423767,0.8661935779109776,0.31225796431006886,0.7529274435580472,0.748390726535887,1.0565542698477677
1,2,direction,directeur,directeur,0.8734497314747943,directeur_2,adjoindre,0.755344808101654,1.0,0.23211813257035868,0.8400761596500519,0.8113477028200888,0.9631942658341635
1,2,direction,directeur,directeur,0.8734497314747943,directeur_2,responsable,0.6546237468719482,0.8458985614842921,0.1752576854701578,0.7061763467174498,0.8113477028200888,0.9631942658341635
1,3,direction,adjoindre,adjoindre,0.34267020492876643,adjoindre_3,adjoint,0.6830589771270752,0.8866671947104896,0.31724563063351774,0.7758681106365333,0.7279901489433537,0.8780838052639605
1,3,direction,adjoindre,adjoindre,0.34267020492876643,adjoindre_3,responsable,0.6574751138687134,0.9254336705942677,0.22245133467419442,0.7760756833555654,0.7279901489433537,0.8780838052639605
1,4,direction,responsable,responsable,-0.18283182554833233,responsable_4,adjoint,0.6796101331710815,0.9099140376725746,0.250431016612509,0.777532805043441,0.7809726829744352,0.8004939360795447
1,4,direction,responsable,responsable,-0.18283182554833233,responsable_4,secrétaire,0.6487091183662415,0.9128172476856894,0.24900563897032602,0.7819339492827881,0.7809726829744352,0.8004939360795447
1,5,direction,directeur,secrétaire,0.31252817775247854,secrétaire,,,,,,0.7103331052660717,0.7297601184063455
