num_path,num_step,cue,best_word,temporary_best_word,q-value,current_word,neighbours,similarity,adequacy,originality,likeability,likeability_to_cue,goal_value
1,0,doigt,doigt,doigt,0.0,doigt_0,main,0.645941972732544,1.0,0.248759719883338,0.8527292527276721,0.0,1.0565542698477677
1,0,doigt,doigt,doigt,0.0,doigt_0,nez,0.5945289134979248,0.8754665115213788,0.1995045705225143,0.73438410160195,0.0,1.0565542698477677
1,1,doigt,main,main,0.4490437457199761,main_1,bras,0.6767517328262329,0.8433014914748623,0.255241908193129,0.728402892833636,0.7563379615909265,1.0565542698477677
1,1,doigt,main,main,0.4490437457199761,main_1,lèvre,0.5834701061248779,0.97404487999183,0.2906087141117727,0.8339987998718668,0.7563379615909265,1.0565542698477677
1,2,doigt,lèvre,lèvre,-0.1065951217739991,lèvre_2,bras,0.6802443861961365,0.8710513825445949,0.2030291557043378,0.7378977337247812,0.7738996160328406,0.9631942658341635
1,2,doigt,lèvre,lèvre,-0.1065951217739991,lèvre_2,caresser,0.600151538848877,0.8292206175546714,0.20690301743138112,0.7069989330562954,0.7738996160328406,0.9631942658341635
1,3,doigt,bras,bras,-0.6629192548013447,bras_3,jambe,0.6387986540794373,0.9980886237481421,0.2782901924481963,0.8494634060612724,0.8424354585609549,0.8780838052639605
1,3,doigt,bras,bras,-0.6629192548013447,bras_3,épaule,0.6243682503700256,0.9337452184161709,0.30945646585060455,0.8049518976943977,0.8424354585609549,0.8780838052639605
1,4,doigt,jambe,jambe,-0.17007435460201675,jambe,,,,,,0.8733436024465143,0.8004939360795447
