num_path,num_step,cue,best_word,temporary_best_word,q-value,current_word,neighbours,similarity,adequacy,originality,likeability,likeability_to_cue,goal_value
1,0,acte,acte,acte,0.0,acte_0,civil,0.47183138132095337,0.9051563169510108,0.26972336087004645,0.7772144751502199,0.0,1.0565542698477677
1,0,acte,acte,acte,0.0,acte_0,constitutif,0.4553854763507843,0.9334319837545033,0.3751568190102385,0.8246256699482075,0.0,1.0565542698477677
1,1,acte,constitutif,constitutif,0.44201785002510996,constitutif_1,fondement,0.5360878705978394,0.9876651852303322,0.3864427717098016,0.8649883260813824,0.741356845307994,1.0565542698477677
1,1,acte,constitutif,constitutif,0.44201785002510996,constitutif_1,résulter,0.514543890953064,0.8404580807670292,0.27673421660114433,0.7273969046727701,0.741356845307994,1.0565542698477677
1,2,acte,fondement,fondement,0.8941263640835136,fondement_2,principe,0.5802830457687378,0.9756492490516901,0.1916615591010715,0.8094799190558862,0.8235297721769608,0.9631942658341635
1,2,acte,fondement,fondement,0.8941263640835136,fondement_2,énoncer,0.5795807838439941,0.9815628701695055,0.30511424961748257,0.8500949246560204,0.8235297721769608,0.9631942658341635
1,3,acte,énoncer,énoncer,0.36585152878897786,énoncer_3,principe,0.6453856229782104,0.8502261777939071,0.275112442875196,0.7318754113712646,0.794061508156144,0.8780838052639605
1,3,acte,énoncer,énoncer,0.36585152878897786,énoncer_3,découler,0.6193549633026123,1.0,0.2006466596208119,0.8387895416983844,0.794061508156144,0.8780838052639605
1,4,acte,fondement,découler,-0.14397203710241613,découler,,,,,,0.7681543917427521,0.8004939360795447
