num_path,num_step,cue,best_word,temporary_best_word,q-value,current_word,neighbours,similarity,adequacy,originality,likeability,likeability_to_cue,goal_value
1,0,question,question,question,0.0,question_0,poser,0.7728534936904907,0.9026617625727226,0.22577931017883152,0.7676764462355263,0.0,1.0565542698477677
1,0,question,question,question,0.0,question_0,réponse,0.6947500705718994,0.9653386880492758,0.3118323994475387,0.8305787981076137,0.0,1.0565542698477677
1,1,question,réponse,réponse,0.4435061320649615,réponse_1,poser,0.7316956520080566,0.9080952717148854,0.23830710930355475,0.771740062749631,0.8147694252831148,1.0565542698477677
1,1,question,réponse,réponse,0.4435061320649615,réponse_1,répondre,0.6917353272438049,0.9606319218945006,0.27274493421787055,0.8224537715063837,0.8147694252831148,1.0565542698477677
1,2,question,répondre,répondre,-0.1150189925203845,répondre_2,poser,0.7132424712181091,0.9079602110569464,0.22408110150427138,0.7702048410693629,0.8192085319201643,0.9631942658341635
1,2,question,répondre,répondre,-0.1150189925203845,répondre_2,interrogation,0.587077796459198,0.9765001049711004,0.27128798749693006,0.8351507161674767,0.8192085319201643,0.9631942658341635
1,3,question,interrogation,interrogation,0.3529701200629438,interrogation_3,poser,0.7251449823379517,0.9362096882946451,0.2064933734978509,0.7867604776160293,0.8202127323634945,0.8780838052639605
1,3,question,interrogation,interrogation,0.3529701200629438,interrogation_3,interroger,0.5624985098838806,0.8745427987841297,0.3401679601812479,0.7669871218236529,0.8202127323634945,0.8780838052639605
1,4,question,poser,poser,-0.16986071184903895,poser_4,interroger,0.5834643244743347,0.8540441568207037,0.18661243585595075,0.7175930049211346,0.7643848198821784,0.8004939360795447
1,4,question,poser,poser,-0.16986071184903895,poser_4,questionnement,0.568524956703186,0.9352386203450547,0.1992586863670027,0.7827476358836967,0.7643848198821784,0.8004939360795447
1,5,question,questionnement,questionnement,-0.674297286898001,questionnement,,,,,,0.8405556169195021,0.7297601184063455
