num_path,num_step,cue,best_word,temporary_best_word,q-value,current_word,neighbours,similarity,adequacy,originality,likeability,likeability_to_cue,goal_value
1,0,colline,colline,colline,0.0,colline_0,surplomber,0.6807039380073547,0.9011512226511084,0.23873797479355494,0.7664535676846335,0.0,1.0565542698477677
1,0,colline,colline,colline,0.0,colline_0,plain,0.6434886455535889,0.9438940083430021,0.32731526885717704,0.8220742249864578,0.0,1.0565542698477677
1,1,colline,plain,plain,0.44137998878467255,plain_1,vallée,0.6774406433105469,0.8644481654480294,0.3178054857745898,0.751719576837861,0.7029639776190182,1.0565542698477677
1,1,colline,plain,plain,0.44137998878467255,plain_1,surplomber,0.6323198676109314,0.9210120611643012,0.19040286186909489,0.7785509209373812,0.7029639776190182,1.0565542698477677
1,2,colline,surplomber,surplomber,-0.12812084844292404,surplomber_2,vallée,0.6764824986457825,0.8812443338655701,0.2954124631624148,0.7613297740244835,0.7867446779689591,0.9631942658341635
1,2,colline,surplomber,surplomber,-0.12812084844292404,surplomber_2,verdoyant,0.6522423624992371,0.9904585963647624,0.2077665228333361,0.8228327470441825,0.7867446779689591,0.9631942658341635
1,3,colline,verdoyant,verdoyant,0.3367887718595807,verdoyant_3,vallée,0.6940262317657471,0.8481678385886176,0.2512916651230734,0.7300207878214783,0.7884596988682983,0.8780838052639605
1,3,colline,verdoyant,verdoyant,0.3367887718595807,verdoyant_3,verdure,0.680982232093811,0.9232118170753347,0.13456163797594475,0.7517313242458785,0.7884596988682983,0.8780838052639605
1,4,colline,verdure,verdure,-0.1947993483949398,verdure_4,vallée,0.6733641624450684,0.9495889957587825,0.3223877320903673,0.8200867569962002,0.8296609605736869,0.8004939360795447
1,4,colline,verdure,verdure,-0.1947993483949398,verdure_4,nicher,0.6702549457550049,0.9399476589301069,0.1413570297727956,0.7758749260225228,0.8296609605736869,0.8004939360795447
1,5,colline,verdure,vallée,0.31009885683422406,vallée,,,,,,0.7211579942892248,0.7297601184063455
