num_path,num_step,cue,best_word,temporary_best_word,q-value,current_word,neighbours,similarity,adequacy,originality,likeability,likeability_to_cue,goal_value
1,0,début,début,début,0.0,début_0,fin,0.7774733304977417,0.9283830216242127,0.10577182729238549,0.7516252058889912,0.0,1.0565542698477677
1,0,début,début,début,0.0,début_0,débuter,0.6209093928337097,0.9522120403723275,0.16565713803570145,0.7832021505109762,0.0,1.0565542698477677
1,1,début,débuter,débuter,0.4316619701658021,débuter_1,fin,0.7108272314071655,1.0,0.18461821197702255,0.84175265349251,0.8075920807011381,1.0565542698477677
1,1,début,débuter,débuter,0.4316619701658021,débuter_1,achever,0.6153767704963684,0.9573807239269375,0.32418069350861883,0.8321932682159648,0.8075920807011381,1.0565542698477677
1,2,début,fin,fin,0.8779615660769877,fin_2,achever,0.6489197015762329,1.0,0.2238721689325578,0.8393570199254881,0.8339245319180778,0.9631942658341635
1,2,début,fin,fin,0.8779615660769877,fin_2,terminer,0.6277171969413757,0.9652716585175353,0.2653271714867963,0.8292490791103331,0.8339245319180778,0.9631942658341635
1,3,début,achever,achever,0.3470022545998188,achever_3,terminer,0.6770686507225037,0.8523688904062594,0.32204114364031167,0.7449339723701082,0.7723893790330072,0.8780838052639605
1,3,début,achever,achever,0.3470022545998188,achever_3,premier,0.6077027320861816,0.936269479536048,0.3510759561634386,0.8218056254375731,0.7723893790330072,0.8780838052639605
1,4,début,fin,premier,-0.16706729035677803,premier,,,,,,0.8040216523240044,0.8004939360795447
