num_path,num_step,cue,best_word,temporary_best_word,q-value,current_word,neighbours,similarity,adequacy,originality,likeability,likeability_to_cue,goal_value
1,0,page,page,page,0.0,page_0,imprimer,0.5465206503868103,0.8687728794047533,0.21658926439780926,0.7319504397944505,0.0,1.0565542698477677
1,0,page,page,page,0.0,page_0,sommaire,0.536818265914917,0.8167417189252575,0.3689616115446073,0.7253527022506352,0.0,1.0565542698477677
1,1,page,imprimer,imprimer,0.4188490424866707,imprimer_1,sommaire,0.549479067325592,0.8460932670156036,0.26965310729647607,0.7256161138045604,0.837186271373391,1.0565542698477677
1,1,page,imprimer,imprimer,0.4188490424866707,imprimer_1,format,0.5441499352455139,0.8955182628782067,0.30414306900746746,0.7749919898833475,0.837186271373391,1.0565542698477677
1,2,page,format,format,0.8484584724955657,format_2,télécharger,0.6449024677276611,0.8931412195195073,0.27541877692774475,0.771667332040278,0.8415410147211586,0.9631942658341635
1,2,page,format,format,0.8484584724955657,format_2,document,0.5739864706993103,0.8668846492074683,0.37472513084896,0.7699189373401065,0.8415410147211586,0.9631942658341635
1,3,page,télécharger,télécharger,0.30057673904709437,télécharger_3,téléchargement,0.62519371509552,0.9218740348788903,0.15893149914815427,0.7708522771616283,0.852419984759491,0.8780838052639605
1,3,page,télécharger,télécharger,0.30057673904709437,télécharger_3,cliquer,0.6102033257484436,0.8966264058257118,0.2894797511834435,0.7775543317047134,0.852419984759491,0.8780838052639605
1,4,page,cliquer,cliquer,0.7754443706572827,cliquer_4,consulter,0.6401854753494263,0.8183244520214119,0.180410335811178,0.6855591587693346,0.8688483084909946,0.8004939360795447
1,4,page,cliquer,cliquer,0.7754443706572827,cliquer_4,téléchargement,0.6342194676399231,1.0,0.2691966028883639,0.8508585769348073,0.8688483084909946,0.8004939360795447
1,5,page,cliquer,téléchargement,1.2880355308710985,téléchargement,,,,,,0.801547860171548,0.7297601184063455
