num_path,num_step,cue,best_word,temporary_best_word,q-value,current_word,neighbours,similarity,adequacy,originality,likeability,likeability_to_cue,goal_value
1,0,faim,faim,faim,0.0,faim_0,affamer,0.5834448337554932,0.8990417190619144,0.18262498241584377,0.7469943870302279,0.0,1.0565542698477677
1,0,faim,faim,faim,0.0,faim_0,manger,0.5547555088996887,0.8446725501999766,0.3442074898855895,0.7428383372871481,0.0,1.0565542698477677
1,1,faim,affamer,affamer,0.4226100292956151,affamer_1,nourriture,0.5758830904960632,0.8331126530177466,0.278499998117574,0.7232765339692702,0.7465582254461032,1.0565542698477677
1,1,faim,affamer,affamer,0.4226100292956151,affamer_1,manger,0.5748763084411621,0.8879913802186712,0.19315021162092824,0.7407911773942599,0.7465582254461032,1.0565542698477677
1,2,faim,manger,manger,-0.1563307438177618,manger_2,nourriture,0.6563447713851929,0.8572204484267261,0.23616737982978075,0.7285280146470678,0.7767529495175723,0.9631942658341635
1,2,faim,manger,manger,-0.1563307438177618,manger_2,bouffer,0.6302149295806885,0.8546709909048034,0.31673994702665514,0.7432686296171426,0.7767529495175723,0.9631942658341635
1,3,faim,bouffer,bouffer,0.288687847127983,bouffer_3,nourriture,0.6376467347145081,0.941894202514631,0.20402113952744022,0.7907043687510338,0.8178120682259892,0.8780838052639605
1,3,faim,bouffer,bouffer,0.288687847127983,bouffer_3,boire,0.6005350351333618,0.8632728680164635,0.19865760606432753,0.7247447917912815,0.8178120682259892,0.8780838052639605
1,4,faim,nourriture,nourriture,0.7668429879997514,nourriture_4,boire,0.6019251942634583,0.8964631692766785,0.2717682427409379,0.7659437537770014,0.8133956168719456,0.8004939360795447
1,4,faim,nourriture,nourriture,0.7668429879997514,nourriture_4,dévorer,0.5766689777374268,0.9822077022330296,0.23599263787269292,0.8231228552854088,0.8133956168719456,0.8004939360795447
1,5,faim,dévorer,dévorer,1.2725002178012175,dévorer,,,,,,0.8723185911007618,0.7297601184063455
