num_path,num_step,cue,best_word,temporary_best_word,q-value,current_word,neighbours,similarity,adequacy,originality,likeability,likeability_to_cue,goal_value
1,0,fil,fil,fil,0.0,fil_0,billet,0.3799078166484833,0.8399123992079288,0.3530337495781905,0.7400039626331033,0.0,1.0565542698477677
1,0,fil,fil,fil,0.0,fil_0,commentaire,0.3652809262275696,0.9035940358642534,0.4281952056552924,0.8107883751845332,0.0,1.0565542698477677
1,1,fil,commentaire,commentaire,0.43855852633419135,commentaire_1,billet,0.6252373456954956,0.852880860630806,0.33390375398589683,0.7513214197326166,0.8470324161472462,1.0565542698477677
1,1,fil,commentaire,commentaire,0.43855852633419135,commentaire_1,lire,0.5456379055976868,0.8836778571246856,0.24516759059301524,0.7542844944596472,0.8470324161472462,1.0565542698477677
1,2,fil,lire,lire,-0.13700891751283883,lire_2,suite,0.700647234916687,0.8537582272624207,0.30008898474668433,0.7424696598677931,0.8253372109284316,0.9631942658341635
1,2,fil,lire,lire,-0.13700891751283883,lire_2,billet,0.6218641400337219,0.8943581600040288,0.28204952846683706,0.77319578808294,0.8253372109284316,0.9631942658341635
1,3,fil,billet,billet,0.31549146304935527,billet_3,suite,0.6612853407859802,0.9091631452437883,0.2320378806054132,0.775277287415834,0.8594632005866333,0.8780838052639605
1,3,fil,billet,billet,0.31549146304935527,billet_3,mardi,0.5880160927772522,0.9916198244006554,0.24868492255441058,0.8357247436765199,0.8594632005866333,0.8780838052639605
1,4,fil,billet,mardi,0.8049016976524952,mardi,,,,,,0.73348510346395,0.8004939360795447
