num_path,num_step,cue,best_word,temporary_best_word,q-value,current_word,neighbours,similarity,adequacy,originality,likeability,likeability_to_cue,goal_value
1,0,jardin,jardin,jardin,0.0,jardin_0,potager,0.6990981698036194,0.9243805381262816,0.3060726218765447,0.7955133732613617,0.0,1.0565542698477677
1,0,jardin,jardin,jardin,0.0,jardin_0,terrasse,0.6292127370834351,0.8265100661053781,0.22737672182606508,0.7041007080331095,0.0,1.0565542698477677
1,1,jardin,potager,potager,0.4347397758533985,potager_1,jardinier,0.6812869906425476,0.9102782895223461,0.2983685285361333,0.784175345849986,0.8253226430378284,1.0565542698477677
1,1,jardin,potager,potager,0.4347397758533985,potager_1,jardinage,0.5562318563461304,0.9418365532524599,0.21524509920929213,0.7896769120488096,0.8253226430378284,1.0565542698477677
1,2,jardin,jardinage,jardinage,-0.131979563596341,jardinage_2,jardinier,0.7269835472106934,0.9037318024774667,0.16631921841037037,0.757594213533806,0.7843604999807191,0.9631942658341635
1,2,jardin,jardinage,jardinage,-0.131979563596341,jardinage_2,verger,0.5094919204711914,0.8419502182743122,0.3311150502258399,0.7411474593797868,0.7843604999807191,0.9631942658341635
1,3,jardin,jardinier,jardinier,-0.6833795766714303,jardinier_3,fleurir,0.5137713551521301,0.9943802696038991,0.2792504419577078,0.8498200503402206,0.7364781211312212,0.8780838052639605
1,3,jardin,jardinier,jardinier,-0.6833795766714303,jardinier_3,plante,0.5104315280914307,0.8740445149594789,0.260485355170225,0.7497810004312065,0.7364781211312212,0.8780838052639605
1,4,jardin,potager,fleurir,-0.19044551540236532,fleurir,,,,,,0.7786412795612675,0.8004939360795447
