num_path,num_step,cue,best_word,temporary_best_word,q-value,current_word,neighbours,similarity,adequacy,originality,likeability,likeability_to_cue,goal_value
1,0,lèvre,lèvre,lèvre,0.0,lèvre_0,sourire,0.646209180355072,1.0,0.2155903184454461,0.8435739711389466,0.0,1.0565542698477677
1,0,lèvre,lèvre,lèvre,0.0,lèvre_0,paupière,0.614880383014679,0.8353073992583473,0.27749705000012514,0.7222793319257782,0.0,1.0565542698477677
1,1,lèvre,sourire,sourire,0.4467549253227947,sourire_1,visage,0.6351063251495361,0.9224700640037051,0.3236335638442696,0.8000218526316177,0.8068107648179038,1.0565542698477677
1,1,lèvre,sourire,sourire,0.4467549253227947,sourire_1,baiser,0.6287878155708313,0.8234421177940351,0.2336467430841688,0.7005156494996075,0.8068107648179038,1.0565542698477677
1,2,lèvre,visage,visage,-0.11737817898124281,visage_2,baiser,0.6035594940185547,0.961688706504221,0.3187231682785014,0.8348799762222054,0.7383372163990188,0.9631942658341635
1,2,lèvre,visage,visage,-0.11737817898124281,visage_2,caresser,0.5944891571998596,0.9004612575258829,0.21153006001138924,0.7645301851257952,0.7383372163990188,0.9631942658341635
1,3,lèvre,baiser,baiser,0.3505432486157677,baiser_3,caresser,0.6515862345695496,0.8253384719621737,0.27818228474945644,0.7190325676546641,0.807147013603084,0.8780838052639605
1,3,lèvre,baiser,baiser,0.3505432486157677,baiser_3,embrasser,0.6384345293045044,0.9430270238664233,0.16052123455541065,0.7874292574552803,0.807147013603084,0.8780838052639605
1,4,lèvre,embrasser,embrasser,-0.1721203883364023,embrasser_4,caresser,0.6712077260017395,0.8481429191917872,0.17375357856299206,0.7169777426085268,0.7668746686026896,0.8004939360795447
1,4,lèvre,embrasser,embrasser,-0.1721203883364023,embrasser_4,caresse,0.6557015776634216,0.9380997622867002,0.14557484518209415,0.7787405429386551,0.7668746686026896,0.8004939360795447
1,5,lèvre,caresse,caresse,-0.6775587366216247,caresse,,,,,,0.8215542250047793,0.7297601184063455
