num_path,num_step,cue,best_word,temporary_best_word,q-value,current_word,neighbours,similarity,adequacy,originality,likeability,likeability_to_cue,goal_value
1,0,position,position,position,0.0,position_0,positionner,0.4718552231788635,0.8831587691833438,0.3257069036092378,0.7718875888180051,0.0,1.0565542698477677
1,0,position,position,position,0.0,position_0,posture,0.47025972604751587,0.9369944068527472,0.29980895828828746,0.8107315013289894,0.0,1.0565542698477677
1,1,position,posture,posture,0.4385443078703054,posture_1,attitude,0.587277889251709,0.8485255887744751,0.368159365639278,0.7519393891587003,0.8674961519808126,1.0565542698477677
1,1,position,posture,posture,0.4385443078703054,posture_1,idéologique,0.45631200075149536,0.8145311384126691,0.3075082521716918,0.7159767284166841,0.8674961519808126,1.0565542698477677
1,2,position,attitude,attitude,-0.13760941230196144,attitude_2,comportement,0.5291274189949036,0.9269423961707184,0.38703873786642123,0.8172005320662324,0.8799322860288838,0.9631942658341635
1,2,position,attitude,attitude,-0.13760941230196144,attitude_2,opposer,0.4680643677711487,0.9227673519854886,0.408327808235783,0.8204436607250642,0.8799322860288838,0.9631942658341635
1,3,position,opposer,opposer,0.32670293642076376,opposer_3,opposition,0.609620213508606,0.9115427349037205,0.3578518730370841,0.8033727710286517,0.7434854653522401,0.8780838052639605
1,3,position,opposer,opposer,0.32670293642076376,opposer_3,récuser,0.5562592148780823,0.8778396006869748,0.3412272717723162,0.7692424660879229,0.7434854653522401,0.8780838052639605
1,4,position,attitude,opposition,-0.19197482213806338,opposition,,,,,,0.8500939951538252,0.8004939360795447
