num_path,num_step,cue,best_word,temporary_best_word,q-value,current_word,neighbours,similarity,adequacy,originality,likeability,likeability_to_cue,goal_value
1,0,appel,appel,appel,0.0,appel_0,offre,0.5031196475028992,0.964312001183532,0.34439665580516116,0.8388000006116353,0.0,1.0565542698477677
1,0,appel,appel,appel,0.0,appel_0,candidature,0.47920292615890503,0.9969094984783535,0.2666506519701341,0.8548725473648527,0.0,1.0565542698477677
1,1,appel,candidature,candidature,0.44957956937927124,candidature_1,dossier,0.553379476070404,0.9865204649620274,0.3211051468709537,0.8479310105179484,0.8504215962881566,1.0565542698477677
1,1,appel,candidature,candidature,0.44957956937927124,candidature_1,offre,0.5519593954086304,0.8583642741880911,0.23103221335563706,0.7314227200376273,0.8504215962881566,1.0565542698477677
1,2,appel,dossier,dossier,-0.10257624545318356,dossier_2,demande,0.6221438050270081,0.9494011126073544,0.3428715705064495,0.8298854773454957,0.8689257970983725,0.9631942658341635
1,2,appel,dossier,dossier,-0.10257624545318356,dossier_2,consultation,0.5593644976615906,0.8341875005823219,0.348205395467345,0.7373591811512673,0.8689257970983725,0.9631942658341635
1,3,appel,demande,demande,-0.6359034425753505,demande_3,adresser,0.6004194617271423,0.884257110224786,0.21973156205254135,0.7492849405138818,0.8087276312873247,0.8780838052639605
1,3,appel,demande,demande,-0.6359034425753505,demande_3,consultation,0.5924263596534729,0.8151901132139201,0.24285308303669875,0.7015292564015183,0.8087276312873247,0.8780838052639605
1,4,appel,adresser,adresser,-1.16810315876287,adresser_4,courrier,0.6359588503837585,0.8536116930954403,0.33609239154993775,0.7523743982725948,0.7402227850720424,0.8004939360795447
1,4,appel,adresser,adresser,-1.16810315876287,adresser_4,formulaire,0.6159935593605042,0.8594721191584905,0.2137876558755894,0.7323056252071874,0.7402227850720424,0.8004939360795447
1,5,appel,dossier,courrier,-0.6801330432146075,courrier,,,,,,0.8628564160420336,0.7297601184063455
