num_path,num_step,cue,best_word,temporary_best_word,q-value,current_word,neighbours,similarity,adequacy,originality,likeability,likeability_to_cue,goal_value
1,0,objet,objet,objet,0.0,objet_0,élément,0.5250152349472046,0.9765203077942451,0.4207633301140342,0.8653982350795987,0.0,1.0565542698477677
1,0,objet,objet,objet,0.0,objet_0,forme,0.4750157594680786,0.8894828613832632,0.4475282131625965,0.8021656638339759,0.0,1.0565542698477677
1,1,objet,élément,élément,0.4522109913079577,élément_1,constitutif,0.6195377111434937,0.9410034982646188,0.17953030809521914,0.7810764930173472,0.7884405385260724,1.0565542698477677
1,1,objet,élément,élément,0.4522109913079577,élément_1,caractéristique,0.5982762575149536,0.8769666345396865,0.23710349488011298,0.7455805265341147,0.7884405385260724,1.0565542698477677
1,2,objet,constitutif,constitutif,-0.11665845289964738,constitutif_2,constituer,0.6138175129890442,0.8801510799942514,0.35317456500842004,0.7721382143972213,0.780579448011388,0.9631942658341635
1,2,objet,constitutif,constitutif,-0.11665845289964738,constitutif_2,définir,0.6035876274108887,0.8366926063251652,0.3187051824757727,0.7303225565068175,0.780579448011388,0.9631942658341635
1,3,objet,constituer,constituer,-0.664422465758883,constituer_3,définir,0.6271587014198303,0.9321831561646045,0.16768217453554998,0.7737773854177943,0.7722181630751949,0.8780838052639605
1,3,objet,constituer,constituer,-0.664422465758883,constituer_3,comporter,0.6145286560058594,0.930255566763742,0.3367212349730237,0.8131771114582931,0.7722181630751949,0.8780838052639605
1,4,objet,élément,comporter,-0.1806491392102998,comporter,,,,,,0.7626898388192469,0.8004939360795447
