num_path,num_step,cue,best_word,temporary_best_word,q-value,current_word,neighbours,similarity,adequacy,originality,likeability,likeability_to_cue,goal_value
1,0,larme,larme,larme,0.0,larme_0,pleurer,0.7647250294685364,0.9317346097526347,0.22405456257977513,0.7943504223358961,0.0,1.0565542698477677
1,0,larme,larme,larme,0.0,larme_0,pleur,0.733234167098999,0.9395484328317557,0.14332272466632662,0.7827190162951839,0.0,1.0565542698477677
1,1,larme,pleurer,pleurer,0.4344490381220321,pleurer_1,pleur,0.7837284207344055,0.8657816260667354,0.16568844352351342,0.7243304060042455,0.7382574493813753,1.0565542698477677
1,1,larme,pleurer,pleurer,0.4344490381220321,pleurer_1,triste,0.6791778802871704,0.8978207332893994,0.1437048818102598,0.7512365112914983,0.7382574493813753,1.0565542698477677
1,2,larme,triste,triste,-0.14188040151703524,triste_2,pleur,0.7563154101371765,1.0,0.17549184323035405,0.8335453518314855,0.8059523361229337,0.9631942658341635
1,2,larme,triste,triste,-0.14188040151703524,triste_2,tristesse,0.6890099048614502,0.8640037870744988,0.26747333500730736,0.7412737213737335,0.8059523361229337,0.9631942658341635
1,3,larme,pleur,pleur,0.32570736998229527,pleur_3,tristesse,0.6900299191474915,0.9912376808194754,0.14782652674127444,0.8185420071625189,0.8031160592201031,0.8780838052639605
1,3,larme,pleur,pleur,0.32570736998229527,pleur_3,consoler,0.6788268685340881,0.8907451426636745,0.26492726937930683,0.7687166301448912,0.8031160592201031,0.8780838052639605
1,4,larme,triste,tristesse,-0.18917807954306515,tristesse,,,,,,0.7370765864613269,0.8004939360795447
