num_path,num_step,cue,best_word,temporary_best_word,q-value,current_word,neighbours,similarity,adequacy,originality,likeability,likeability_to_cue,goal_value
1,0,avis,avis,avis,0.0,avis_0,consultatif,0.4490624964237213,0.9947476529170728,0.44159755420050867,0.8832850311698003,0.0,1.0565542698477677
1,0,avis,avis,avis,0.0,avis_0,compétent,0.44413429498672485,0.901204202802376,0.4670767729232418,0.8127692535799185,0.0,1.0565542698477677
1,1,avis,consultatif,consultatif,0.4566826903305081,consultatif_1,commission,0.6548985838890076,1.0,0.16808356358993087,0.8272236140126321,0.7798742063127918,1.0565542698477677
1,1,avis,consultatif,consultatif,0.4566826903305081,consultatif_1,conseil,0.6266452074050903,0.9361020370190919,0.24500860535849078,0.7925438846813723,0.7798742063127918,1.0565542698477677
1,2,avis,commission,commission,-0.10064997362827577,commission_2,conseil,0.7114537954330444,0.9254909856154051,0.21421952912007958,0.784593290614402,0.7216748681110153,0.9631942658341635
1,2,avis,commission,commission,-0.10064997362827577,commission_2,comité,0.6912541389465332,0.8475202799985696,0.26005013175050323,0.7326479687794865,0.7216748681110153,0.9631942658341635
1,3,avis,conseil,conseil,-0.6453002174332161,conseil_3,comité,0.7271238565444946,0.9927718737269124,0.2892295883551842,0.8472478165748027,0.874523272632736,0.8780838052639605
1,3,avis,conseil,conseil,-0.6453002174332161,conseil_3,représentant,0.6421183943748474,0.860656386500111,0.21018426535913817,0.7337253404268578,0.874523272632736,0.8780838052639605
1,4,avis,conseil,comité,-0.15300921460550554,comité,,,,,,0.8063844786411634,0.8004939360795447
