num_path,num_step,cue,best_word,temporary_best_word,q-value,current_word,neighbours,similarity,adequacy,originality,likeability,likeability_to_cue,goal_value
1,0,horizon,horizon,horizon,0.0,horizon_0,perspective,0.5392026901245117,0.9059925674405829,0.36439227254914935,0.8001598699264139,0.0,1.0565542698477677
1,0,horizon,horizon,horizon,0.0,horizon_0,profiler,0.5042375326156616,0.8094238445720003,0.4326441166090814,0.7338790803498836,0.0,1.0565542698477677
1,1,horizon,perspective,perspective,0.43590140001966154,perspective_1,enjeu,0.5780442953109741,0.9373748626557713,0.25010514820412505,0.7952333424131645,0.8015732335549453,1.0565542698477677
1,1,horizon,perspective,perspective,0.43590140001966154,perspective_1,avenir,0.5597301721572876,0.9332287359496386,0.2459675076878532,0.7931421644656095,0.8015732335549453,1.0565542698477677
1,2,horizon,enjeu,enjeu,-0.1294288318389893,enjeu_2,problématique,0.6188291907310486,0.8148964145778326,0.3149814339386879,0.7166278175936973,0.8549331359509026,0.9631942658341635
1,2,horizon,enjeu,enjeu,-0.1294288318389893,enjeu_2,contexte,0.6065160632133484,0.8171018018650009,0.35383382711841305,0.7242028176550356,0.8549331359509026,0.9631942658341635
1,3,horizon,contexte,contexte,-0.6891766938837713,contexte_3,problématique,0.6857323050498962,0.9712617654377207,0.1495512601541356,0.8099765419430112,0.8338457311474765,0.8780838052639605
1,3,horizon,contexte,contexte,-0.6891766938837713,contexte_3,émergence,0.6356948018074036,0.9905677511461043,0.34525999902048843,0.857090590240206,0.8338457311474765,0.8780838052639605
1,4,horizon,enjeu,émergence,-0.19442499763971,émergence,,,,,,0.7989638859278475,0.8004939360795447
