num_path,num_step,cue,best_word,temporary_best_word,q-value,current_word,neighbours,similarity,adequacy,originality,likeability,likeability_to_cue,goal_value
1,0,toit,toit,toit,0.0,toit_0,toiture,0.5902721285820007,0.9559099721453185,0.26323576113719815,0.8202389572049046,0.0,1.0565542698477677
1,0,toit,toit,toit,0.0,toit_0,tuile,0.5089777112007141,0.8918986394367402,0.2514598329655068,0.7584375949434726,0.0,1.0565542698477677
1,1,toit,toiture,toiture,0.44092117183928425,toiture_1,tuile,0.5989519953727722,0.9220578653823831,0.25367083336831464,0.7885358011205753,0.8119413662131855,1.0565542698477677
1,1,toit,toiture,toiture,0.44092117183928425,toiture_1,façade,0.593336820602417,0.9423094358695308,0.22326902252620678,0.794468068599495,0.8119413662131855,1.0565542698477677
1,2,toit,façade,façade,-0.12460037847278393,façade_2,bâtiment,0.5942190289497375,0.923425587165156,0.18070326003374235,0.7761523857098627,0.7083461183842087,0.9631942658341635
1,2,toit,façade,façade,-0.12460037847278393,façade_2,tuile,0.5768619775772095,0.808231096629477,0.28586806483808835,0.7033297666374212,0.7083461183842087,0.9631942658341635
1,3,toit,bâtiment,bâtiment,-0.6713608485038591,bâtiment_3,charpente,0.5789671540260315,0.9794876245391829,0.18850991174592988,0.8108846352505381,0.7848420876064871,0.8780838052639605
1,3,toit,bâtiment,bâtiment,-0.6713608485038591,bâtiment_3,édifice,0.5776694416999817,0.8473291971892203,0.3513469903046665,0.7492453955906615,0.7848420876064871,0.8780838052639605
1,4,toit,toiture,charpente,-0.18816064100721475,charpente,,,,,,0.8075129681591716,0.8004939360795447
