num_path,num_step,cue,best_word,temporary_best_word,q-value,current_word,neighbours,similarity,adequacy,originality,likeability,likeability_to_cue,goal_value
1,0,nord,nord,nord,0.0,nord_0,sud,0.8470250964164734,1.0,0.046469169725144754,0.8030137236282574,0.0,1.0565542698477677
1,0,nord,nord,nord,0.0,nord_0,ouest,0.7712188959121704,0.9270628229149558,0.14484177874934792,0.7613196030912347,0.0,1.0565542698477677
1,1,nord,sud,sud,0.43661486344512246,sud_1,ouest,0.8267793655395508,0.9055520014466536,0.09317258965778655,0.7479685651506128,0.7433716442749292,1.0565542698477677
1,1,nord,sud,sud,0.43661486344512246,sud_1,nord-ouest,0.7174656987190247,1.0,0.2833913648206181,0.8484648667089552,0.7433716442749292,1.0565542698477677
1,2,nord,nord-ouest,nord-ouest,0.8845925126604193,nord-ouest_2,ouest,0.8566758036613464,1.0,0.10086051474094371,0.8132070507216383,0.7296415762501095,0.9631942658341635
1,2,nord,nord-ouest,nord-ouest,0.8845925126604193,nord-ouest_2,nord-est,0.8044267296791077,0.9842982010895375,0.23407439585170356,0.8302106313275845,0.7296415762501095,0.9631942658341635
1,3,nord,nord-est,nord-est,0.3513466040337745,nord-est_3,ouest,0.8571234941482544,1.0,0.20255267549179393,0.8445028400129349,0.7319327415725496,0.8780838052639605
1,3,nord,nord-est,nord-est,0.3513466040337745,nord-est_3,sud-est,0.7559386491775513,1.0,0.09573498142687915,0.819299036416171,0.7319327415725496,0.8780838052639605
1,4,nord,ouest,ouest,0.8429513627210181,ouest,,,,,,0.7531701491114837,0.8004939360795447
