num_path,num_step,cue,best_word,temporary_best_word,q-value,current_word,neighbours,similarity,adequacy,originality,likeability,likeability_to_cue,goal_value
1,0,science,science,science,0.0,science_0,scientifique,0.7307822108268738,0.8928280925018034,0.28889133514243004,0.774526319989024,0.0,1.0565542698477677
1,0,science,science,science,0.0,science_0,épistémologie,0.627673327922821,1.0,0.3213550551390049,0.8638150141378849,0.0,1.0565542698477677
1,1,science,épistémologie,épistémologie,0.4518151860725293,épistémologie_1,épistémologique,0.6874415874481201,0.9476469244590932,0.1894676966011696,0.7908334577470093,0.7693147176157742,1.0565542698477677
1,1,science,épistémologie,épistémologie,0.4518151860725293,épistémologie_1,philosophie,0.6830552220344543,0.8746663662032029,0.2972480103720319,0.7545321699927288,0.7693147176157742,1.0565542698477677
1,2,science,épistémologique,épistémologique,-0.11461501695266024,épistémologique_2,philosophie,0.6741105318069458,0.8587447368947729,0.20591497547096996,0.7313498480526276,0.7330719387631722,0.9631942658341635
1,2,science,épistémologique,épistémologique,-0.11461501695266024,épistémologique_2,sociologie,0.6468254327774048,0.8264808069948398,0.2391996499206951,0.7048156311166338,0.7330719387631722,0.9631942658341635
1,3,science,philosophie,philosophie,-0.6725761213980441,philosophie_3,philosophique,0.7086175680160522,0.9617569235347964,0.19002381120490153,0.8091422000968386,0.7480216964990122,0.8780838052639605
1,3,science,philosophie,philosophie,-0.6725761213980441,philosophie_3,sociologie,0.6467249393463135,0.9504629639196684,0.29126335540401765,0.8157329684284456,0.7480216964990122,0.8780838052639605
1,4,science,épistémologie,sociologie,-0.18816383060692288,sociologie,,,,,,0.712332527721531,0.8004939360795447
