num_path,num_step,cue,best_word,temporary_best_word,q-value,current_word,neighbours,similarity,adequacy,originality,likeability,likeability_to_cue,goal_value
1,0,jambe,jambe,jambe,0.0,jambe_0,genou,0.7425558567047119,0.8643800321484446,0.2053479465972697,0.7340489944017096,0.0,1.0565542698477677
1,0,jambe,jambe,jambe,0.0,jambe_0,bras,0.7165821194648743,0.8658494845998335,0.10195432604028984,0.7012245453134048,0.0,1.0565542698477677
1,1,jambe,genou,genou,0.4193736811384855,genou_1,bras,0.7212896943092346,1.0,0.1529535567709375,0.8216720814134156,0.8413140381959278,1.0565542698477677
1,1,jambe,genou,genou,0.4193736811384855,genou_1,épaule,0.6984720230102539,0.9942288503274856,0.2864701504364991,0.8551577590082818,0.8413140381959278,1.0565542698477677
1,2,jambe,épaule,épaule,0.8690245534286141,épaule_2,bras,0.7513930201530457,1.0,0.2636654993617521,0.8468785933094835,0.7260567518180963,0.9631942658341635
1,2,jambe,épaule,épaule,0.8690245534286141,épaule_2,hanche,0.6972861886024475,0.9589431086711306,0.1672229119921323,0.8029243795360999,0.7260567518180963,0.9631942658341635
1,3,jambe,bras,bras,0.33994563529744404,bras_3,nuque,0.6873142719268799,0.9616181005098148,0.14754841168409422,0.7925564196549659,0.7445867665483284,0.8780838052639605
1,3,jambe,bras,bras,0.33994563529744404,bras_3,hanche,0.6788404583930969,0.9937480662952312,0.3089186594509221,0.8604904382389202,0.7445867665483284,0.8780838052639605
1,4,jambe,genou,hanche,0.835547293541184,hanche,,,,,,0.7446871199881411,0.8004939360795447
