num_path,num_step,cue,best_word,temporary_best_word,q-value,current_word,neighbours,similarity,adequacy,originality,likeability,likeability_to_cue,goal_value
1,0,lune,lune,lune,0.0,lune_0,lunaire,0.6208998560905457,1.0,0.3336632079303023,0.8666049379209321,0.0,1.0565542698477677
1,0,lune,lune,lune,0.0,lune_0,soleil,0.6025567650794983,0.9215500934444079,0.2153643156970408,0.7781155107264921,0.0,1.0565542698477677
1,1,lune,lunaire,lunaire,0.45251266701829107,lunaire_1,astre,0.6074550747871399,0.8722343955085095,0.2592341027806433,0.7439251006791981,0.7524849795902241,1.0565542698477677
1,1,lune,lunaire,lunaire,0.45251266701829107,lunaire_1,soleil,0.5421876311302185,0.8923088655767406,0.30143075534898117,0.7744122105716917,0.7524849795902241,1.0565542698477677
1,2,lune,soleil,soleil,-0.11802284780072791,soleil_2,astre,0.6590033173561096,0.9767242484597974,0.13748330921544358,0.7985370162771623,0.7681166971276773,0.9631942658341635
1,2,lune,soleil,soleil,-0.11802284780072791,soleil_2,ciel,0.6166478991508484,0.8555694260102895,0.27237075279425205,0.7368154726082987,0.7681166971276773,0.9631942658341635
1,3,lune,astre,astre,0.3408128398100218,astre_3,ciel,0.6500012874603271,0.8840502330312142,0.27018668407205926,0.7577947724962689,0.7526217660460047,0.8780838052639605
1,3,lune,astre,astre,0.3408128398100218,astre_3,étoile,0.6126911044120789,0.8999864261853213,0.25089277754853634,0.7716379995576477,0.7526217660460047,0.8780838052639605
1,4,lune,étoile,étoile,-0.18579861161655636,étoile_4,ciel,0.6748474836349487,0.8968991980845727,0.28644817179599563,0.7766962887406098,0.868647816863499,0.8004939360795447
1,4,lune,étoile,étoile,-0.18579861161655636,étoile_4,céleste,0.5839416980743408,0.9331039346728937,0.19430517060811278,0.7870588092324426,0.868647816863499,0.8004939360795447
1,5,lune,étoile,céleste,0.31084260667166813,céleste,,,,,,0.7791184476047602,0.7297601184063455
