num_path,num_step,cue,best_word,temporary_best_word,q-value,current_word,neighbours,similarity,adequacy,originality,likeability,likeability_to_cue,goal_value
1,0,mur,mur,mur,0.0,mur_0,muraille,0.5332858562469482,0.9353728404311541,0.35629059458714174,0.8210947599525886,0.0,1.0565542698477677
1,0,mur,mur,mur,0.0,mur_0,dalle,0.4833608567714691,0.8583305575996021,0.297802940316747,0.7475031539705236,0.0,1.0565542698477677
1,1,mur,muraille,muraille,0.44113512252620524,muraille_1,rempart,0.6644713878631592,0.8627860453154215,0.14801997816164864,0.7191597158449164,0.8109327566033476,1.0565542698477677
1,1,mur,muraille,muraille,0.44113512252620524,muraille_1,forteresse,0.5643659234046936,0.8757565918099678,0.2399554116134755,0.7466430026957216,0.8109327566033476,1.0565542698477677
1,2,mur,forteresse,forteresse,-0.13634269426180623,forteresse_2,rempart,0.7554427981376648,0.9595457645264309,0.16205491507356595,0.803839905504985,0.811804231511265,0.9631942658341635
1,2,mur,forteresse,forteresse,-0.13634269426180623,forteresse_2,fortification,0.6367649435997009,1.0,0.2825807553323332,0.8553754611352719,0.811804231511265,0.9631942658341635
1,3,mur,fortification,fortification,0.3367026045634709,fortification_3,rempart,0.7956274747848511,0.9295665974858249,0.08688208464575092,0.7560627338562913,0.8035577569881623,0.8780838052639605
1,3,mur,fortification,fortification,0.3367026045634709,fortification_3,citadelle,0.6776983141899109,1.0,0.12464224827100776,0.8144305552611214,0.8035577569881623,0.8780838052639605
1,4,mur,forteresse,citadelle,-0.17921070793723892,citadelle,,,,,,0.7888697754514139,0.8004939360795447
