num_path,num_step,cue,best_word,temporary_best_word,q-value,current_word,neighbours,similarity,adequacy,originality,likeability,likeability_to_cue,goal_value
1,0,jeunesse,jeunesse,jeunesse,0.0,jeunesse_0,jeune,0.5610374808311462,0.8623766276698962,0.34311739412770376,0.7589036386608651,0.0,1.0565542698477677
1,0,jeunesse,jeunesse,jeunesse,0.0,jeunesse_0,enfance,0.5513834357261658,0.9443011421724454,0.2544084125016656,0.8042034330382732,0.0,1.0565542698477677
1,1,jeunesse,enfance,enfance,0.4369122907976264,enfance_1,adolescent,0.5977425575256348,1.0,0.2624452785402621,0.8481301059237201,0.7131926699931777,1.0565542698477677
1,1,jeunesse,enfance,enfance,0.4369122907976264,enfance_1,adolescence,0.5939075350761414,0.8543845159276628,0.1989030024346034,0.717348583493296,0.7131926699931777,1.0565542698477677
1,2,jeunesse,adolescent,adolescent,0.8848062498166145,adolescent_2,adolescence,0.696788489818573,0.8948237777025969,0.164538809836757,0.7436783578042108,0.8146451573432969,0.9631942658341635
1,2,jeunesse,adolescent,adolescent,0.8848062498166145,adolescent_2,jeune,0.6623812317848206,0.8303760597749611,0.24134377773903537,0.7061490811601051,0.8146451573432969,0.9631942658341635
1,3,jeunesse,adolescence,adolescence,0.32992727280912626,adolescence_3,adulte,0.6359032988548279,0.9716024427589297,0.26412765290229445,0.8296796836463429,0.8018579892618635,0.8780838052639605
1,3,jeunesse,adolescence,adolescence,0.32992727280912626,adolescence_3,jeune,0.6354838013648987,0.9295326862349168,0.27839393831241954,0.7950559026264172,0.8018579892618635,0.8780838052639605
1,4,jeunesse,adulte,adulte,0.8178262424047219,adulte,,,,,,0.8418331079831118,0.8004939360795447
