num_path,num_step,cue,best_word,temporary_best_word,q-value,current_word,neighbours,similarity,adequacy,originality,likeability,likeability_to_cue,goal_value
1,0,vin,vin,vin,0.0,vin_0,dégustation,0.6253077387809753,0.8218918768359207,0.19485899077334895,0.6960347897163986,0.0,1.0565542698477677
1,0,vin,vin,vin,0.0,vin_0,vigneron,0.5699359774589539,0.8274040694208756,0.3003449455864159,0.7232548425622725,0.0,1.0565542698477677
1,1,vin,vigneron,vigneron,0.4166751431786262,vigneron_1,viticulteur,0.6610258221626282,0.9601129294133505,0.1382022542255604,0.7998875496177718,0.8219992341215597,1.0565542698477677
1,1,vin,vigneron,vigneron,0.4166751431786262,vigneron_1,viticole,0.6368409991264343,1.0,0.31753248508793824,0.866409014629335,0.8219992341215597,1.0565542698477677
1,2,vin,viticole,viticole,0.869138829374018,viticole_2,viticulteur,0.7386162877082825,0.8541651532767981,0.21187530377600902,0.7181694343052111,0.765782232164864,0.9631942658341635
1,2,vin,viticole,viticole,0.869138829374018,viticole_2,vignoble,0.7093194127082825,0.8719374410325889,0.2555774256553108,0.744803236478167,0.765782232164864,0.9631942658341635
1,3,vin,vignoble,vignoble,0.3145410720350189,vignoble_3,viticulteur,0.7218220233917236,0.9012799082106209,0.09461400927954919,0.7356858306914648,0.8145695216664532,0.8780838052639605
1,3,vin,vignoble,vignoble,0.3145410720350189,vignoble_3,vigne,0.7150471210479736,1.0,0.16193205388858037,0.8368218197952769,0.8145695216664532,0.8780838052639605
1,4,vin,vigneron,vigne,0.804225575667848,vigne,,,,,,0.7796493057286434,0.8004939360795447
