num_path,num_step,cue,best_word,temporary_best_word,q-value,current_word,neighbours,similarity,adequacy,originality,likeability,likeability_to_cue,goal_value
1,0,principe,principe,principe,0.0,principe_0,fondamental,0.7140486240386963,0.8621732934567761,0.20656786919838377,0.73228315041435,0.0,1.0565542698477677
1,0,principe,principe,principe,0.0,principe_0,règle,0.6633269190788269,0.8715609203515158,0.17674482172755673,0.7282103876158849,0.0,1.0565542698477677
1,1,principe,fondamental,fondamental,0.41893222014164555,fondamental_1,fondement,0.7194426655769348,0.9206250024124285,0.23413133166497377,0.7856892458271826,0.8369075495759072,1.0565542698477677
1,1,principe,fondamental,fondamental,0.41893222014164555,fondamental_1,découler,0.6448179483413696,0.9251263826373997,0.256472366158667,0.7863593060389802,0.8369075495759072,1.0565542698477677
1,2,principe,découler,découler,0.8513834791894487,découler_2,fondement,0.7263383269309998,0.868547946459167,0.2347313414785282,0.7449424118459341,0.8317189726728969,0.9631942658341635
1,2,principe,découler,découler,0.8513834791894487,découler_2,primauté,0.63924640417099,0.847164552406801,0.247006104124177,0.7284463842599137,0.8317189726728969,0.9631942658341635
1,3,principe,fondement,fondement,0.2968205156923913,fondement_3,primauté,0.6591470837593079,0.9927517218911087,0.29739224473174936,0.8525273013182125,0.7719044154625189,0.8780838052639605
1,3,principe,fondement,fondement,0.2968205156923913,fondement_3,notion,0.6450608968734741,0.9651690509077716,0.30431832671899567,0.8294688489568629,0.7719044154625189,0.8780838052639605
1,4,principe,fondamental,primauté,0.7904313897059543,primauté,,,,,,0.8227074980970487,0.8004939360795447
