num_path,num_step,cue,best_word,temporary_best_word,q-value,current_word,neighbours,similarity,adequacy,originality,likeability,likeability_to_cue,goal_value
1,0,cause,cause,cause,0.0,cause_0,raison,0.5790425539016724,0.857496858789302,0.25446128936522294,0.7374322724129085,0.0,1.0565542698477677
1,0,cause,cause,cause,0.0,cause_0,conséquence,0.5584816336631775,0.996088179112244,0.3437799160855311,0.8633710042223899,0.0,1.0565542698477677
1,1,cause,conséquence,conséquence,0.45170418359365555,conséquence_1,répercussion,0.6123573780059814,0.9859378415706326,0.3151056050398762,0.8524767332301606,0.8166715047183507,1.0565542698477677
1,1,cause,conséquence,conséquence,0.45170418359365555,conséquence_1,découler,0.6113307476043701,0.959788946226129,0.23176043276354888,0.8118875773809184,0.8166715047183507,1.0565542698477677
1,2,cause,répercussion,répercussion,-0.09931520056074622,répercussion_2,engendrer,0.6286618709564209,0.9184220104451929,0.23472677996827132,0.7743387184198254,0.8661378625574035,0.9631942658341635
1,2,cause,répercussion,répercussion,-0.09931520056074622,répercussion_2,néfaste,0.6172847747802734,0.904664481078742,0.3529650384551658,0.7953451691847127,0.8661378625574035,0.9631942658341635
1,3,cause,néfaste,néfaste,-0.6412774747231089,néfaste_3,effet,0.6549898982048035,0.9039667661731543,0.30702571236786075,0.7881185128413754,0.7685138562576296,0.8780838052639605
1,3,cause,néfaste,néfaste,-0.6412774747231089,néfaste_3,engendrer,0.6540805697441101,0.8597976562253018,0.27960182122802185,0.7448074067788045,0.7685138562576296,0.8780838052639605
1,4,cause,effet,effet,-1.1637687978287552,effet_4,engendrer,0.6721755862236023,0.9043424156733361,0.1921405636506888,0.7651255750721179,0.7764371432166423,0.8004939360795447
1,4,cause,effet,effet,-1.1637687978287552,effet_4,dommageable,0.6640892028808594,0.9787106949093022,0.2882620319220987,0.8384753330241602,0.7764371432166423,0.8004939360795447
1,5,cause,répercussion,dommageable,-0.6542734485926013,dommageable,,,,,,0.7689202742235299,0.7297601184063455
