num_path,num_step,cue,best_word,temporary_best_word,q-value,current_word,neighbours,similarity,adequacy,originality,likeability,likeability_to_cue,goal_value
1,0,pierre,pierre,pierre,0.0,pierre_0,jean,0.6078989505767822,0.8902973103207705,0.34595066455160955,0.7792298250405842,0.0,1.0565542698477677
1,0,pierre,pierre,pierre,0.0,pierre_0,jacques,0.5034703612327576,0.9293470862772434,0.3371604961221736,0.80925120082921,0.0,1.0565542698477677
1,1,pierre,jacques,jacques,0.4381742327453606,jacques_1,jean,0.709335446357727,0.8789415736207867,0.14356722724022547,0.7212605619644751,0.7187361306981406,1.0565542698477677
1,1,pierre,jacques,jacques,0.4381742327453606,jacques_1,claude,0.6277744770050049,0.9972807516358103,0.21629076395871819,0.8363692395055171,0.7187361306981406,1.0565542698477677
1,2,pierre,claude,claude,0.883127975159798,claude_2,jean,0.7516577839851379,0.8462912586853383,0.19649495575059925,0.7122146576797698,0.7554029366622077,0.9631942658341635
1,2,pierre,claude,claude,0.883127975159798,claude_2,alain,0.6450899243354797,0.8511741530284664,0.16629992236158725,0.7127724086807083,0.7554029366622077,0.9631942658341635
1,3,pierre,alain,alain,0.32052251087143424,alain_3,jean,0.7415258288383484,0.9730597945393398,0.18000907551000056,0.8038359688509205,0.7754012212034525,0.8780838052639605
1,3,pierre,alain,alain,0.32052251087143424,alain_3,marc,0.6233119368553162,1.0,0.18312837065851234,0.8395839302176934,0.7754012212034525,0.8780838052639605
1,4,pierre,alain,marc,0.8108975421098674,marc,,,,,,0.7613967737370035,0.8004939360795447
