num_path,num_step,cue,best_word,temporary_best_word,q-value,current_word,neighbours,similarity,adequacy,originality,likeability,likeability_to_cue,goal_value
1,0,cause,cause,cause,0.0,cause_0,résulter,0.4797602593898773,0.9639660765577338,0.3502683822623465,0.8624722795066303,0.0,0.9765627235666566
1,0,cause,cause,cause,0.0,cause_0,constater,0.511707067489624,0.9441726321695538,0.3466311910432257,0.8464553636219055,0.0,0.9765627235666566
1,0,cause,cause,cause,0.0,cause_0,entraîner,0.5203363299369812,0.9220437254989448,0.3778721636608447,0.8322609241287346,0.0,0.9765627235666566
1,1,cause,résulter,résulter,0.4714773889849934,résulter_1,cas,0.5668357610702515,0.8400418440411399,0.350353337711159,0.7583841558367953,0.7737983817050325,0.9765627235666566
1,1,cause,résulter,résulter,0.4714773889849934,résulter_1,causer,0.5437895059585571,0.9884797113437388,0.3173794800410462,0.8701842247492139,0.7737983817050325,0.9765627235666566
1,1,cause,résulter,résulter,0.4714773889849934,résulter_1,imputable,0.5549314618110657,0.9826920507299444,0.3980927527563567,0.8853010401850112,0.7737983817050325,0.9765627235666566
1,2,cause,imputable,imputable,0.948661968139582,imputable,,,,,,0.800780267005243,0.882999463820676
