num_path,num_step,cue,best_word,temporary_best_word,q-value,current_word,neighbours,similarity,adequacy,originality,likeability,likeability_to_cue,goal_value
1,0,question,question,question,0.0,question_0,-ils,0.5041528940200806,0.8804153753496153,0.26370107235712814,0.7725565411850583,0.0,0.9765627235666566
1,0,question,question,question,0.0,question_0,interrogation,0.5461219549179077,0.823729930160719,0.22885043299972113,0.7234568975008366,0.0,0.9765627235666566
1,0,question,question,question,0.0,question_0,poser,0.7356948256492615,0.9742814796889453,0.20874733992786618,0.8446522946388584,0.0,0.9765627235666566
1,1,question,poser,poser,0.46702239276805046,poser_1,-ce,0.5435671210289001,0.8054559454939332,0.3855253695679111,0.7381993356307172,0.7889234050321202,0.9765627235666566
1,1,question,poser,poser,0.46702239276805046,poser_1,réfléchir,0.49227818846702576,0.9542272663383616,0.2877273595899041,0.8417098752922518,0.7889234050321202,0.9765627235666566
1,1,question,poser,poser,0.46702239276805046,poser_1,-t-elle,0.5172985196113586,1.0,0.4248957207635604,0.9068053035052578,0.7889234050321202,0.9765627235666566
1,2,question,-t-elle,-t-elle,0.9495830377527008,-t-elle,,,,,,0.8375277575886443,0.882999463820676
