num_path,num_step,cue,best_word,temporary_best_word,q-value,current_word,neighbours,similarity,adequacy,originality,likeability,likeability_to_cue,goal_value
1,0,lit,lit,lit,0.0,lit_0,taie,0.582440972328186,0.9129164706918701,0.26427131655014047,0.8028687545931749,0.0,0.9765627235666566
1,0,lit,lit,lit,0.0,lit_0,canapé,0.6337548494338989,0.8352469917925374,0.29849160538174474,0.7490588467500363,0.0,0.9765627235666566
1,0,lit,lit,lit,0.0,lit_0,repas-cuisin,0.5919358134269714,0.9691260525163412,0.195167844728729,0.8362078468581856,0.0,0.9765627235666566
1,1,lit,repas-cuisin,repas-cuisin,0.46491128082288224,repas-cuisin_1,balcon,0.6213502883911133,0.8152794184000645,0.2843765328087531,0.726411367784486,0.7668048336364368,0.9765627235666566
1,1,lit,repas-cuisin,repas-cuisin,0.46491128082288224,repas-cuisin_1,kitchenette,0.7459481954574585,1.0,0.25116883029373555,0.8752533340664216,0.7668048336364368,0.9765627235666566
1,1,lit,repas-cuisin,repas-cuisin,0.46491128082288224,repas-cuisin_1,superposer,0.6770991086959839,0.8663753746444962,0.2320218486325648,0.7585812592771821,0.7668048336364368,0.9765627235666566
1,2,lit,kitchenette,kitchenette,0.9395839334478235,kitchenette_2,lave-vaisselle,0.6638331413269043,0.9956603071737864,0.17142420705314326,0.8553356823371073,0.7664516689230133,0.882999463820676
1,2,lit,kitchenette,kitchenette,0.9395839334478235,kitchenette_2,lavabo,0.622711718082428,0.8354885478773639,0.31251022503757925,0.7466661184967123,0.7664516689230133,0.882999463820676
1,2,lit,kitchenette,kitchenette,0.9395839334478235,kitchenette_2,pers,0.6692625880241394,0.9997454707704309,0.22498553735652282,0.8660842841881048,0.7664516689230133,0.882999463820676
1,3,lit,pers,pers,0.4353551385396808,pers,,,,,,0.8966632055131332,0.7984003836025823
