num_path,best_word,q-value,cue,step_1,step_2,step_3,step_4,step_5,step_6,step_7,similarity_1,similarity_2,similarity_3,similarity_4,similarity_5,similarity_6,similarity_7,likeability_1,likeability_2,likeability_3,likeability_4,likeability_5,likeability_6,likeability_7
1,désir,-1.175903701972124,désir,instinct,inconscient,freud,conscient,psychanalyse,conscience,psychanalyste,-0.15221242087356607,-0.15620989795910306,-0.14564488941433867,-0.13699103717443062,-0.3401333987582136,-0.06680076383746697,-0.054922839343500576,0.512220561504364,0.5526636242866516,0.6037021279335022,0.6076088547706604,0.5898783802986145,0.6058262586593628,0.5784836411476135
2,pulsion,-1.0163698462428727,désir,instinct,inconscient,freud,pulsion,fantasme,psychanalyste,psychanalyse,-0.13518273521191143,-0.2134678272841849,-0.10929726144980995,0.13403409921535125,0.07297957921229575,-0.060205450569084856,0.055893627372980106,0.512220561504364,0.5526636242866516,0.6037021279335022,0.7921404242515564,0.6404869556427002,0.5308255553245544,0.6963576674461365
3,pulsion,-1.0766628981157411,désir,pulsion,freud,instinct,psychique,affectif,émotionnel,psychologique,0.08963292539540813,-0.15274256793799978,0.007982359587496803,-0.10639719700388572,-0.016206272734994448,-0.20624881824865238,-0.1727316571360782,0.645118236541748,0.5669887661933899,0.5689486265182495,0.5391960144042969,0.584044337272644,0.5816564559936523,0.5916751623153687
