num_path,best_word,q-value,cue,step_1,step_2,step_3,step_4,step_5,step_6,step_7,similarity_1,similarity_2,similarity_3,similarity_4,similarity_5,similarity_6,similarity_7,likeability_1,likeability_2,likeability_3,likeability_4,likeability_5,likeability_6,likeability_7
1,absolute,-1.1862033895794954,position,top,width,height,float,absolute,padding,◡,-0.09533298792600725,-0.040167024884281755,-0.14396926486550954,-0.5340234365305663,0.08663129910915934,-0.3802806088984897,0.0027283385982172503,0.4074240028858185,0.46280384063720703,0.6788874268531799,0.7083244919776917,0.742533802986145,0.7431267499923706,0.7643415927886963
2,left,-1.2439561110685995,position,top,width,height,float,absolute,padding,left,-0.2532312129957636,-0.1826929741842563,-0.34458362736604026,-0.35896733095667316,-0.4537890872431204,-0.08388724320663118,0.2839741831094873,0.4074240028858185,0.46280384063720703,0.6788874268531799,0.7083244919776917,0.742533802986145,0.7431267499923706,0.8872523307800293
3,padding,-1.0046537598914322,position,top,width,height,left,background-color,text-align,padding,-0.1279094066092086,-0.005978484807638629,-0.048485610808477575,0.08802247249209044,-0.01190354935388871,-0.31523813286107916,0.22482717499104066,0.4074240028858185,0.46280384063720703,0.6788874268531799,0.8107368350028992,0.7468969225883484,0.7626990675926208,0.8409566879272461
