num_path,best_word,q-value,cue,step_1,step_2,step_3,step_4,step_5,step_6,step_7,similarity_1,similarity_2,similarity_3,similarity_4,similarity_5,similarity_6,similarity_7,likeability_1,likeability_2,likeability_3,likeability_4,likeability_5,likeability_6,likeability_7
1,-il,-1.2684128625405666,question,comment,-on,-ce,-il,-elle,-t-elle,-ils,-0.37861645786161885,-0.15911470683906626,-0.27638857572124775,0.120692887924638,-0.4417646596642051,-0.2159878061110734,-0.16428173193025974,0.5774794816970825,0.6792845129966736,0.7230831384658813,0.8071669340133667,0.7541776895523071,0.7470799088478088,0.7521485686302185
2,-ils,-1.278944897675225,question,comment,-on,-ce,-elle,-t-il,-t-elle,-ils,-0.2521708265017033,-0.008000429350513288,-0.3857701744043366,-0.27990325283539025,-0.26111268258321185,-0.4137526174733428,0.03258875727237273,0.5774794816970825,0.6792845129966736,0.7230831384658813,0.7234697937965393,0.7498410940170288,0.7693923115730286,0.7533408999443054
3,quel,-1.2265488778356897,question,comment,quel,-ce,-elle,-t-il,-t-elle,-ils,-0.2419275050294551,0.12497339497257176,-0.3564962705261501,-0.1874972080471397,-0.2723799827873439,-0.2619282144657913,-0.1108853407951393,0.5774794816970825,0.7229524254798889,0.6985093355178833,0.7067453265190125,0.7341724634170532,0.7635481953620911,0.7455650568008423
