num_path,best_word,q-value,cue,step_1,step_2,step_3,step_4,step_5,step_6,step_7,similarity_1,similarity_2,similarity_3,similarity_4,similarity_5,similarity_6,similarity_7,likeability_1,likeability_2,likeability_3,likeability_4,likeability_5,likeability_6,likeability_7
1,chaise,-0.9886306974467892,table,tabler,chaise,canapé,tiroir,rangement,placard,armoire,-0.09923485431703388,0.18018321219738603,0.13608381688512716,-0.28052609643264526,-0.02165124394388844,-0.15705051625096322,0.12564545712807085,0.4489043653011322,0.5053761601448059,0.5110829472541809,0.49951672554016113,0.5654932260513306,0.5399412512779236,0.6781551241874695
2,armoire,-0.9971389646445694,table,tabler,canapé,tiroir,rangement,chaise,placard,armoire,-0.19736111224351066,-0.1284853892386875,-0.061896745474452675,0.005291047475509847,0.10979068501327638,-0.19196697655493306,0.3055369302999498,0.4489043653011322,0.32894784212112427,0.4567142128944397,0.5612650513648987,0.6969087719917297,0.5399413108825684,0.6781551241874695
3,ranger,-1.0475647542021578,table,tabler,canapé,tiroir,rangement,placard,ranger,lit,-0.03006720085385972,-0.021225583237727386,-0.08982325503088553,-0.18234872790530554,-0.019784961713350865,0.03578619107006675,-0.10375697083972737,0.4489043653011322,0.32894784212112427,0.4567142128944397,0.5612650513648987,0.5549872517585754,0.5364998579025269,0.5184437036514282
