num_path,num_step,cue,best_word,temporary_best_word,q-value,current_word,neighbours,similarity,adequacy,originality,likeability,likeability_to_cue,goal_value
1,0,avis,avis,avis,0.0,avis_0,proposition,0.7069968581199646,0.8573428927642491,0.18905437602346942,0.6656986601072756,0.0,0.9590871172701247
1,0,avis,avis,avis,0.0,avis_0,consultation,0.7069498896598816,0.9543309525963993,0.2580842371744679,0.7524203125036839,0.0,0.9590871172701247
1,0,avis,avis,avis,0.0,avis_0,recommandation,0.7036789655685425,0.9035074723986568,0.2411631552275839,0.7220583568321988,0.0,0.9590871172701247
1,1,avis,consultation,consultation,0.4483332988083898,consultation_1,concerner,0.49702948331832886,0.856702916877735,0.3015073178583411,0.7050901150676668,0.6878415937844448,0.9590871172701247
1,1,avis,consultation,consultation,0.4483332988083898,consultation_1,demande,0.5340657234191895,0.8594540111855559,0.3777759888852165,0.7315615671851403,0.6878415937844448,0.9590871172701247
1,1,avis,consultation,consultation,0.4483332988083898,consultation_1,décision,0.500682532787323,1.0,0.3140394066723291,0.8145288269807429,0.6878415937844448,0.9590871172701247
1,2,avis,décision,décision,0.9121937262360443,décision_2,commission,0.41314107179641724,0.9595277413306762,0.30334354732665625,0.7769808607690021,0.7973666910642008,0.8673523443986482
1,2,avis,décision,décision,0.9121937262360443,décision_2,demande,0.3829445540904999,0.8643697861173733,0.3487398658813792,0.7271575151110244,0.7973666910642008,0.8673523443986482
1,2,avis,décision,décision,0.9121937262360443,décision_2,consultatif,0.3668482303619385,0.9648519828520489,0.5069901430218554,0.8454111610196653,0.7973666910642008,0.8673523443986482
1,3,avis,consultatif,consultatif,1.4067084303912987,consultatif,,,,,,0.8098213368807516,0.7843918198746356
