num_path,num_step,cue,best_word,temporary_best_word,q-value,current_word,neighbours,similarity,adequacy,originality,likeability,similarity_to_cue,adequacy_to_cue,originality_to_cue,likeability_to_cue,goal_value
1,0,gauche,gauche,gauche,0.0,gauche_0,droite,0.9555967450141907,1.0,0.11258055327980891,0.7434704842710713,1.0,1.0,0.0,0.0,0.9676595564590716
1,0,gauche,gauche,gauche,0.0,gauche_0,socialiste,0.8123835325241089,0.922818516663779,0.047795248639550064,0.6545738066879305,1.0,1.0,0.0,0.0,0.9676595564590716
1,0,gauche,gauche,gauche,0.0,gauche_0,parti,0.8034324049949646,0.9148681121604985,0.1797322362032385,0.6966012157680148,1.0,1.0,0.0,0.0,0.9676595564590716
1,1,gauche,droite,droite,0.4439527319529999,droite_1,socialiste,0.6065720915794373,1.0,0.3667980386957692,0.8168532669847395,0.9111952185630798,0.9775501309068352,0.11945085064115285,0.7275096365450673,0.9676595564590716
1,1,gauche,droite,droite,0.4439527319529999,droite_1,centriste,0.5942001342773438,0.8384230939828442,0.2857153754559646,0.6800651928877913,0.9111952185630798,0.9775501309068352,0.11945085064115285,0.7275096365450673,0.9676595564590716
1,1,gauche,droite,droite,0.4439527319529999,droite_1,parti,0.5931991934776306,0.9272913632092524,0.2003572985431989,0.7056137128570497,0.9111952185630798,0.9775501309068352,0.11945085064115285,0.7275096365450673,0.9676595564590716
1,2,gauche,socialiste,socialiste,0.9062511595844168,socialiste_2,parti,0.5389803051948547,0.9809691055330603,0.4105385454527545,0.8161419806955875,0.6247685551643372,0.8638076108345706,0.28520187530429786,0.6932862452400429,0.8753114108259996
1,2,gauche,socialiste,socialiste,0.9062511595844168,socialiste_2,centriste,0.4538525938987732,0.9672673297070676,0.3562310322586333,0.7851544299716652,0.6247685551643372,0.8638076108345706,0.28520187530429786,0.6932862452400429,0.8753114108259996
1,2,gauche,socialiste,socialiste,0.9062511595844168,socialiste_2,présidentiel,0.447139173746109,0.7975366686627674,0.43995347808937224,0.6982466756066015,0.6247685551643372,0.8638076108345706,0.28520187530429786,0.6932862452400429,0.8753114108259996
1,3,gauche,droite,parti,0.3914588020518138,parti,,,,,,0.6068664193153381,0.8751511946871736,0.2996100445416172,0.7063837312037117,0.7917764680853518
