num_path,num_step,cue,best_word,temporary_best_word,q-value,current_word,neighbours,similarity,adequacy,originality,likeability,similarity_to_cue,adequacy_to_cue,originality_to_cue,likeability_to_cue,goal_value
1,0,fil,fil,fil,0.0,fil_0,retordre,0.7380523681640625,1.0,0.18723679749384226,0.7484731377854871,1.0,1.0,0.0,0.0,0.9676595564590716
1,0,fil,fil,fil,0.0,fil_0,billet,0.6899532675743103,0.8902200549050668,0.28487513529136504,0.7082891387858385,1.0,1.0,0.0,0.0,0.9676595564590716
1,0,fil,fil,fil,0.0,fil_0,catégoriser,0.6874797940254211,0.8996555786094643,0.22844347432191003,0.6967660130735586,1.0,1.0,0.0,0.0,0.9676595564590716
1,1,fil,retordre,retordre,0.44520339533160386,retordre_1,coudre,0.4317759573459625,0.8777965355297018,0.3018736338758629,0.7113520213030949,0.47610610723495483,0.9225942409761358,0.4057779278723389,0.773387050450892,0.9676595564590716
1,1,fil,retordre,retordre,0.44520339533160386,retordre_1,dévider,0.42902666330337524,0.9684736568236104,0.4018450598618212,0.8070872066069681,0.47610610723495483,0.9225942409761358,0.4057779278723389,0.773387050450892,0.9676595564590716
1,1,fil,retordre,retordre,0.44520339533160386,retordre_1,aiguille,0.4204329550266266,0.8894388168982491,0.3360423501036481,0.730798848916612,0.47610610723495483,0.9225942409761358,0.4057779278723389,0.773387050450892,0.9676595564590716
1,2,fil,dévider,dévider,0.9050603078685779,dévider_2,coudre,0.30828559398651123,0.9093729387418066,0.4976190027010664,0.7925248052205325,0.3301736116409302,0.8141398052792015,0.44379204430684827,0.7104072857448276,0.8753114108259996
1,2,fil,dévider,dévider,0.9050603078685779,dévider_2,entortiller,0.29260194301605225,0.8295549817121154,0.5757076822199647,0.7582382456738461,0.3301736116409302,0.8141398052792015,0.44379204430684827,0.7104072857448276,0.8753114108259996
1,2,fil,dévider,dévider,0.9050603078685779,dévider_2,aiguille,0.28442829847335815,0.9334213897958596,0.4106376215100379,0.7827426522046085,0.3301736116409302,0.8141398052792015,0.44379204430684827,0.7104072857448276,0.8753114108259996
1,3,fil,retordre,coudre,0.38436365646721116,coudre,,,,,,0.29952478408813477,0.8212838845910058,0.4888969295466561,0.7280937505196121,0.7917764680853518
