num_path,num_step,cue,best_word,temporary_best_word,q-value,current_word,neighbours,similarity,adequacy,originality,likeability,similarity_to_cue,adequacy_to_cue,originality_to_cue,likeability_to_cue,goal_value
1,0,science,science,science,0.0,science_0,scientifique,0.8653903007507324,1.0,0.10284742230469557,0.7152357491270674,1.0,1.0,0.0,0.0,0.9676595564590716
1,0,science,science,science,0.0,science_0,épistémologie,0.8138359189033508,0.8864763552550494,0.12182868267008486,0.6515552549797249,1.0,1.0,0.0,0.0,0.9676595564590716
1,0,science,science,science,0.0,science_0,mathématique,0.7957687973976135,0.9636252145162401,0.11578905097825234,0.6946170031599677,1.0,1.0,0.0,0.0,0.9676595564590716
1,1,science,scientifique,scientifique,0.43689404816699895,scientifique_1,chercheur,0.665212094783783,0.8479325736201991,0.295550860027566,0.6928766991372136,0.7307822704315186,0.9578281098907191,0.16889129702528696,0.7297657895488233,0.9676595564590716
1,1,science,scientifique,scientifique,0.43689404816699895,scientifique_1,vulgarisation,0.6476277112960815,0.961623638710798,0.15069108533527895,0.7211026570893252,0.7307822704315186,0.9578281098907191,0.16889129702528696,0.7297657895488233,0.9676595564590716
1,1,science,scientifique,scientifique,0.43689404816699895,scientifique_1,mathématique,0.6051575541496277,0.9879111681270657,0.26170175678430796,0.7675945797710109,0.7307822704315186,0.9578281098907191,0.16889129702528696,0.7297657895488233,0.9676595564590716
1,2,science,mathématique,mathématique,0.8868778039949837,mathématique_2,discipline,0.47339963912963867,0.9633173776785366,0.40764154931811364,0.8027243399325434,0.5915391445159912,0.8790743678260348,0.22042240895703763,0.6830009712361835,0.8753114108259996
1,2,science,mathématique,mathématique,0.8868778039949837,mathématique_2,épistémologie,0.463664174079895,0.860308848716963,0.41038074251198925,0.7342602397274324,0.5915391445159912,0.8790743678260348,0.22042240895703763,0.6830009712361835,0.8753114108259996
1,2,science,mathématique,mathématique,0.8868778039949837,mathématique_2,vulgarisation,0.45654863119125366,0.8985564185794434,0.42434269786694306,0.7652862989708888,0.5915391445159912,0.8790743678260348,0.22042240895703763,0.6830009712361835,0.8753114108259996
1,3,science,discipline,discipline,1.3687310362716196,discipline,,,,,,0.5324921607971191,0.8962903800283323,0.4088145749450025,0.758311344350855,0.7917764680853518
