num_path,num_step,cue,best_word,temporary_best_word,q-value,current_word,neighbours,similarity,adequacy,originality,likeability,similarity_to_cue,adequacy_to_cue,originality_to_cue,likeability_to_cue,goal_value
1,0,jeunesse,jeunesse,jeunesse,0.0,jeunesse_0,jeune,0.7805180549621582,0.97454069202357,0.14178587163741707,0.7312004946070371,1.0,1.0,0.0,0.0,0.9676595564590716
1,0,jeunesse,jeunesse,jeunesse,0.0,jeunesse_0,enfance,0.775691032409668,0.9997139599610151,0.17293291582789783,0.7624506028920768,1.0,1.0,0.0,0.0,0.9676595564590716
1,0,jeunesse,jeunesse,jeunesse,0.0,jeunesse_0,éducation,0.7697813510894775,0.9335403993450669,0.22277547226513555,0.7294719193874422,1.0,1.0,0.0,0.0,0.9676595564590716
1,1,jeunesse,enfance,enfance,0.44869776160825126,enfance_1,adolescent,0.5818043947219849,0.8218373574583883,0.30068130748403876,0.6745654847281954,0.5513834953308105,0.8713011486994483,0.34540837356381937,0.7207000673608128,0.9676595564590716
1,1,jeunesse,enfance,enfance,0.44869776160825126,enfance_1,adolescence,0.5749319195747375,0.8949980645799184,0.3471142888371556,0.7366016024122048,0.5513834953308105,0.8713011486994483,0.34540837356381937,0.7207000673608128,0.9676595564590716
1,1,jeunesse,enfance,enfance,0.44869776160825126,enfance_1,jeune,0.5644037127494812,0.9657609346921352,0.36993088535758495,0.7898549049673248,0.5513834953308105,0.8713011486994483,0.34540837356381937,0.7207000673608128,0.9676595564590716
1,2,jeunesse,jeune,jeune,0.9042465987353145,jeune_2,adolescent,0.47800755500793457,0.9327879910601192,0.41647113579577405,0.7881196558620722,0.561037540435791,0.973376634429783,0.2741173553805355,0.7752127792547001,0.8753114108259996
1,2,jeunesse,jeune,jeune,0.9042465987353145,jeune_2,adolescence,0.41004568338394165,0.9791310997898055,0.38960605371388357,0.8076370592834048,0.561037540435791,0.973376634429783,0.2741173553805355,0.7752127792547001,0.8753114108259996
1,2,jeunesse,jeune,jeune,0.9042465987353145,jeune_2,enfant,0.4004320204257965,0.8388586876836744,0.49568037950125343,0.7428325982747881,0.561037540435791,0.973376634429783,0.2741173553805355,0.7752127792547001,0.8753114108259996
1,3,jeunesse,jeune,adolescence,1.3873280108496657,adolescence,,,,,,0.3815627694129944,0.818162640436435,0.42478265692053546,0.7082638283621141,0.7917764680853518
