num_path,num_step,cue,best_word,temporary_best_word,q-value,current_word,neighbours,similarity,adequacy,originality,likeability,similarity_to_cue,adequacy_to_cue,originality_to_cue,likeability_to_cue,goal_value
1,0,mari,mari,mari,0.0,mari_0,mère,0.8607779741287231,1.0,0.19203548887954017,0.7549178935489557,1.0,1.0,0.0,0.0,0.9676595564590716
1,0,mari,mari,mari,0.0,mari_0,fille,0.8372838497161865,1.0,0.08708872822888616,0.7120653509288052,1.0,1.0,0.0,0.0,0.9676595564590716
1,0,mari,mari,mari,0.0,mari_0,marier,0.8275483250617981,0.8999252009033217,0.18165587006384104,0.6911057540841973,1.0,1.0,0.0,0.0,0.9676595564590716
1,1,mari,mère,mère,0.446814584272471,mère_1,père,0.725933849811554,0.8574330364677072,0.28098965604713855,0.6884512188634373,0.7215577363967896,0.9472067199871561,0.2857825912600356,0.7566316403762893,0.9676595564590716
1,1,mari,mère,mère,0.446814584272471,mère_1,fille,0.7090614438056946,0.9208710041581699,0.2527415056786863,0.7234146100607766,0.7215577363967896,0.9472067199871561,0.2857825912600356,0.7566316403762893,0.9676595564590716
1,1,mari,mère,mère,0.446814584272471,mère_1,soeur,0.7077643871307373,0.9315384778671971,0.11456636584582022,0.6872329046378324,0.7215577363967896,0.9472067199871561,0.2857825912600356,0.7566316403762893,0.9676595564590716
1,2,mari,fille,fille,-0.11424665232710274,fille_2,soeur,0.5935608148574829,0.9753388771521914,0.3301253582960468,0.7917862552779125,0.674569308757782,0.8688408139322704,0.2876243762050012,0.703308156757356,0.8753114108259996
1,2,mari,fille,fille,-0.11424665232710274,fille_2,père,0.577572762966156,0.8333174323414649,0.21640937003437505,0.648051734522632,0.674569308757782,0.8688408139322704,0.2876243762050012,0.703308156757356,0.8753114108259996
1,2,mari,fille,fille,-0.11424665232710274,fille_2,garçon,0.5464842319488525,0.9047689540464144,0.27061311820135603,0.720143610270653,0.674569308757782,0.8688408139322704,0.2876243762050012,0.703308156757356,0.8753114108259996
1,3,mari,mère,soeur,0.3648720587858755,soeur,,,,,,0.636538565158844,0.8847084065972495,0.18572443426112056,0.682035810467486,0.7917764680853518
