num_path,num_step,cue,best_word,temporary_best_word,q-value,current_word,neighbours,similarity,adequacy,originality,likeability,similarity_to_cue,adequacy_to_cue,originality_to_cue,likeability_to_cue,goal_value
1,0,toit,toit,toit,0.0,toit_0,toiture,0.7951353192329407,0.9813627955353506,0.22820601384409062,0.7686262107753974,1.0,1.0,0.0,0.0,0.9676595564590716
1,0,toit,toit,toit,0.0,toit_0,chaume,0.7642195224761963,0.9955567702788054,0.08338197049662739,0.7247857293878026,1.0,1.0,0.0,0.0,0.9676595564590716
1,0,toit,toit,toit,0.0,toit_0,appentis,0.7630823850631714,1.0,0.25211820149847036,0.777331256822529,1.0,1.0,0.0,0.0,0.9676595564590716
1,1,toit,appentis,appentis,0.4524179250908643,appentis_1,toiture,0.624147355556488,1.0,0.23759696182339254,0.7761422404349382,0.5261662006378174,0.9726381183206432,0.37500002447640224,0.7973354710766366,0.9676595564590716
1,1,toit,appentis,appentis,0.4524179250908643,appentis_1,chaume,0.5585351586341858,0.8060941912316887,0.1997450777175611,0.6268933705387169,0.5261662006378174,0.9726381183206432,0.37500002447640224,0.7973354710766366,0.9676595564590716
1,1,toit,appentis,appentis,0.4524179250908643,appentis_1,auvent,0.5559139251708984,0.9588011614595634,0.24445228854061712,0.7399330811737843,0.5261662006378174,0.9726381183206432,0.37500002447640224,0.7973354710766366,0.9676595564590716
1,2,toit,toiture,toiture,-0.095461403915169,toiture_2,faîtage,0.43437182903289795,0.9540979857893188,0.414017111739737,0.7977335577473306,0.5902720093727112,0.9459099567271982,0.20923583767999704,0.7214654609434339,0.8753114108259996
1,2,toit,toiture,toiture,-0.095461403915169,toiture_2,façade,0.43131929636001587,0.9437431661625354,0.3222007195007211,0.7599835128479369,0.5902720093727112,0.9459099567271982,0.20923583767999704,0.7214654609434339,0.8753114108259996
1,2,toit,toiture,toiture,-0.095461403915169,toiture_2,bardeau,0.4310109317302704,0.7937070697088282,0.302421670410665,0.6535973002689353,0.5902720093727112,0.9459099567271982,0.20923583767999704,0.7214654609434339,0.8753114108259996
1,3,toit,appentis,faîtage,0.38514413281516374,faîtage,,,,,,0.4280974566936493,0.8423636643844435,0.3745125778673177,0.7116842130490864,0.7917764680853518
