num_path,num_step,cue,best_word,temporary_best_word,q-value,current_word,neighbours,similarity,adequacy,originality,likeability,similarity_to_cue,adequacy_to_cue,originality_to_cue,likeability_to_cue,goal_value
1,0,mur,mur,mur,0.0,mur_0,renfoncement,0.7815981507301331,0.940955856551705,0.10108061059802959,0.681969907108281,1.0,1.0,0.0,0.0,0.9676595564590716
1,0,mur,mur,mur,0.0,mur_0,muraille,0.7666422128677368,0.8764135172438544,0.25681215041957817,0.6942898839672973,1.0,1.0,0.0,0.0,0.9676595564590716
1,0,mur,mur,mur,0.0,mur_0,rambarde,0.7548565864562988,0.9363497558465593,0.0894330668899835,0.6917808470156825,1.0,1.0,0.0,0.0,0.9676595564590716
1,1,mur,muraille,muraille,0.4316575818770564,muraille_1,rempart,0.6208340525627136,0.815200543755435,0.21070509054353231,0.6363750968966024,0.5332858562469482,0.8313728404311541,0.23829059458714175,0.6545340437657695,0.9676595564590716
1,1,mur,muraille,muraille,0.4316575818770564,muraille_1,pont-levis,0.5528085231781006,0.8734575754145435,0.26647779726120613,0.6948095203754979,0.5332858562469482,0.8313728404311541,0.23829059458714175,0.6545340437657695,0.9676595564590716
1,1,mur,muraille,muraille,0.4316575818770564,muraille_1,redan,0.552361786365509,0.9304084545690628,0.25576945173258153,0.7361148549990685,0.5332858562469482,0.8313728404311541,0.23829059458714175,0.6545340437657695,0.9676595564590716
1,2,mur,redan,redan,0.8737714065120556,redan_2,rempart,0.45905110239982605,0.8948227139059747,0.4475940407396215,0.7659444127878506,0.4493802785873413,0.9367823809505786,0.3473737538809165,0.7651740088286275,0.8753114108259996
1,2,mur,redan,redan,0.8737714065120556,redan_2,parapet,0.42435765266418457,0.9249163960100945,0.49020542948609513,0.8019170543913192,0.4493802785873413,0.9367823809505786,0.3473737538809165,0.7651740088286275,0.8753114108259996
1,2,mur,redan,redan,0.8737714065120556,redan_2,pont-levis,0.4083901047706604,0.9209164211941204,0.34581918470701417,0.7592160059648512,0.4493802785873413,0.9367823809505786,0.3473737538809165,0.7651740088286275,0.8753114108259996
1,3,mur,parapet,parapet,1.3554228174033855,parapet,,,,,,0.4946852922439575,0.9564683490805574,0.3640945643248944,0.7825570798917579,0.7917764680853518
