num_path,num_step,cue,best_word,temporary_best_word,q-value,current_word,neighbours,similarity,adequacy,originality,likeability,similarity_to_cue,adequacy_to_cue,originality_to_cue,likeability_to_cue,goal_value
1,0,doigt,doigt,doigt,0.0,doigt_0,main,0.8229702115058899,0.8947237544886857,0.1597280743893573,0.6714362211354917,1.0,1.0,0.0,0.0,0.9676595564590716
1,0,doigt,doigt,doigt,0.0,doigt_0,nez,0.7972636818885803,1.0,0.19580448271018008,0.7589413093639066,1.0,1.0,0.0,0.0,0.9676595564590716
1,0,doigt,doigt,doigt,0.0,doigt_0,orteil,0.790368378162384,0.9894153097220487,0.14133876353879982,0.7383979782905676,1.0,1.0,0.0,0.0,0.9676595564590716
1,1,doigt,nez,nez,0.44782043822620876,nez_1,bouche,0.5825462341308594,1.0,0.25920353205531,0.7769348790943398,0.59452885389328,0.8304665036435189,0.30250460873738405,0.6787115683920285,0.9676595564590716
1,1,doigt,nez,nez,0.44782043822620876,nez_1,lèvre,0.5793500542640686,0.8525345520068678,0.20026301007448927,0.6528091779206584,0.59452885389328,0.8304665036435189,0.30250460873738405,0.6787115683920285,0.9676595564590716
1,1,doigt,nez,nez,0.44782043822620876,nez_1,bout,0.5684510469436646,0.8952299813152553,0.2503065645112437,0.7098317091306716,0.59452885389328,0.8304665036435189,0.30250460873738405,0.6787115683920285,0.9676595564590716
1,2,doigt,bouche,bouche,0.9001392688850258,bouche_2,lèvre,0.4609178900718689,0.9530201556588177,0.32829212425908433,0.7736713959103728,0.4594455659389496,0.8198645185839991,0.294318757692502,0.6644337929819927,0.8753114108259996
1,2,doigt,bouche,bouche,0.9001392688850258,bouche_2,oreille,0.441672146320343,0.989929087307042,0.2988210555812341,0.7853028193877819,0.4594455659389496,0.8198645185839991,0.294318757692502,0.6644337929819927,0.8753114108259996
1,2,doigt,bouche,bouche,0.9001392688850258,bouche_2,narine,0.41809841990470886,0.978150579923748,0.42973522629764915,0.8195035351563568,0.4594455659389496,0.8198645185839991,0.294318757692502,0.6644337929819927,0.8753114108259996
1,3,doigt,narine,narine,1.3861872999676152,narine,,,,,,0.39511311054229736,0.85812664557726,0.45662590922771473,0.7456719393302049,0.7917764680853518
