num_path,num_step,cue,best_word,temporary_best_word,q-value,current_word,neighbours,similarity,adequacy,originality,likeability,similarity_to_cue,adequacy_to_cue,originality_to_cue,likeability_to_cue,goal_value
1,0,lutte,lutte,lutte,0.0,lutte_0,lutter,0.8782395720481873,1.0,0.11089812726476532,0.7331565507159638,1.0,1.0,0.0,0.0,0.9676595564590716
1,0,lutte,lutte,lutte,0.0,lutte_0,combattre,0.7747962474822998,0.891380444215073,0.19251543591251805,0.683325796485967,1.0,1.0,0.0,0.0,0.9676595564590716
1,0,lutte,lutte,lutte,0.0,lutte_0,mobilisation,0.7702620625495911,0.997714648725901,0.11846331902952327,0.7163494175378703,1.0,1.0,0.0,0.0,0.9676595564590716
1,1,lutte,lutter,lutter,0.441374248564223,lutter_1,combattre,0.6549345254898071,0.9369564420503539,0.2090607931326626,0.7208827323465263,0.7564808130264282,0.8768943917175915,0.25238509039693996,0.6906580241523689,0.9676595564590716
1,1,lutte,lutter,lutter,0.441374248564223,lutter_1,éradiquer,0.566301703453064,0.8169799183986647,0.3806996007838104,0.6945598367730907,0.7564808130264282,0.8768943917175915,0.25238509039693996,0.6906580241523689,0.9676595564590716
1,1,lutte,lutter,lutter,0.441374248564223,lutter_1,fléau,0.5480301380157471,0.8359359743353196,0.24660098015643,0.6594915781010773,0.7564808130264282,0.8768943917175915,0.25238509039693996,0.6906580241523689,0.9676595564590716
1,2,lutte,combattre,combattre,-0.12031995746391333,combattre_2,éradiquer,0.4461500942707062,0.9154276238812448,0.44565171676479753,0.7835919584979764,0.5495939254760742,0.837105767477913,0.38257800011038745,0.7090726749104288,0.8753114108259996
1,2,lutte,combattre,combattre,-0.12031995746391333,combattre_2,défendre,0.4178604781627655,0.847121023145152,0.40690799611501427,0.7200351743846474,0.5495939254760742,0.837105767477913,0.38257800011038745,0.7090726749104288,0.8753114108259996
1,2,lutte,combattre,combattre,-0.12031995746391333,combattre_2,combat,0.4159749150276184,0.9728856093140213,0.36727860366115334,0.7999388596005776,0.5495939254760742,0.837105767477913,0.38257800011038745,0.7090726749104288,0.8753114108259996
1,3,lutte,combat,combat,0.3608369047297312,combat,,,,,,0.4765987694263458,0.9356444990319805,0.26643914249807943,0.7465047900107908,0.7917764680853518
