num_path,num_step,cue,best_word,temporary_best_word,q-value,current_word,neighbours,similarity,adequacy,originality,likeability,likeability_to_cue,goal_value
1,0,nord,nord,nord,0.0,nord_0,nord-ouest,0.8577423691749573,0.9347147084499068,0.20112693834412712,0.6694903375894864,0.0,1.0148471073971397
1,0,nord,nord,nord,0.0,nord_0,ouest,0.8856086134910583,1.0,0.09671884246637773,0.6504980736145696,0.0,1.0148471073971397
1,1,nord,nord-ouest,nord-ouest,0.41366080754808665,nord-ouest_1,ouest,0.7746938467025757,0.971342377193142,0.22058208394529072,0.7016906381304652,0.6290325676775156,1.0148471073971397
1,1,nord,nord-ouest,nord-ouest,0.41366080754808665,nord-ouest_1,ouest,0.7746938467025757,0.8953423771931419,0.09358208394529072,0.6102367745409744,0.6290325676775156,1.0148471073971397
1,2,nord,ouest,ouest,0.835371690231418,ouest_2,sud-ouest,0.5755623579025269,0.859073959137722,0.37170710783729616,0.6913480632086719,0.6032121274093057,0.9553005724837024
1,2,nord,ouest,ouest,0.835371690231418,ouest_2,nord-nord-est,0.4628864824771881,0.9122273034697584,0.2709215379477772,0.6834828330787744,0.6032121274093057,0.9553005724837024
1,3,nord,sud-ouest,sud-ouest,0.2693835629126604,sud-ouest_3,sud,0.5747101902961731,0.9549714230311149,0.34825752301631513,0.7440914776520835,0.6767393874520863,0.8992479528549934
1,3,nord,sud-ouest,sud-ouest,0.2693835629126604,sud-ouest_3,sud-est,0.492421954870224,0.799241673267855,0.39762975474591583,0.6598698527010719,0.6767393874520863,0.8992479528549934
1,4,nord,sud,sud,0.730594444111933,sud_4,septentrional,0.2598624527454376,0.8133689071264852,0.45793324569221333,0.6903252893829745,0.6653773657629054,0.846484241720364
1,4,nord,sud,sud,0.730594444111933,sud_4,nord-est,0.479046493768692,0.9568936098270746,0.3257579788743936,0.7342843408063199,0.6653773657629054,0.846484241720364
1,5,nord,nord-est,nord-est,0.20254446888342192,nord-est_5,méridional,0.19738329946994781,0.7884831025836204,0.4805168344524484,0.6826279475060619,0.617654501186917,0.7968164611395487
1,5,nord,nord-est,nord-est,0.20254446888342192,nord-est_5,thalweg,0.17083357274532318,0.8392849263545481,0.6216076521548024,0.7654102552736138,0.617654501186917,0.7968164611395487
1,6,nord,sud-ouest,thalweg,0.6946929174169382,thalweg,,,,,,0.6437675540036735,0.7500629562253548
