num_path,num_step,cue,best_word,temporary_best_word,q-value,current_word,neighbours,similarity,adequacy,originality,likeability,likeability_to_cue,goal_value
1,0,preuve,preuve,preuve,0.0,preuve_0,probant,0.7823678851127625,0.9422531680721856,0.15357775836760335,0.6613436683499572,0.0,1.0148471073971397
1,0,preuve,preuve,preuve,0.0,preuve_0,incontestable,0.7598705887794495,0.9300467810361501,0.25519564906943054,0.683355044421443,0.0,1.0148471073971397
1,1,preuve,incontestable,incontestable,0.41712698425607586,incontestable_1,indiscutable,0.6624930500984192,0.9573978631130786,0.2792729564731236,0.7202186780729998,0.7276886582458764,1.0148471073971397
1,1,preuve,incontestable,incontestable,0.41712698425607586,incontestable_1,irréfutable,0.5950457453727722,0.8565349115202359,0.21017323822551232,0.6332726168341912,0.7276886582458764,1.0148471073971397
1,2,preuve,indiscutable,indiscutable,0.8434698769250408,indiscutable_2,affirmer,0.42369163036346436,0.9368359536691586,0.42968606189346964,0.7597601800791444,0.7034179272756697,0.9553005724837024
1,2,preuve,indiscutable,indiscutable,0.8434698769250408,indiscutable_2,prouver,0.518610954284668,0.8168688309067829,0.35002097464673065,0.6515863689983739,0.7034179272756697,0.9553005724837024
1,3,preuve,affirmer,affirmer,1.2945847788239013,affirmer_3,affirmation,0.32505956292152405,0.8030812708694268,0.3849127864187423,0.657531667256881,0.7538698097944979,0.8992479528549934
1,3,preuve,affirmer,affirmer,1.2945847788239013,affirmer_3,reconnaître,0.32009363174438477,0.8000218787011351,0.448939825771148,0.6783578217381229,0.7538698097944979,0.8992479528549934
1,4,preuve,reconnaître,reconnaître,0.7393622460446837,reconnaître_4,prouver,0.2933940291404724,0.8057563772051839,0.4970401311742429,0.6989187508891802,0.7438289234244492,0.846484241720364
1,4,preuve,reconnaître,reconnaître,0.7393622460446837,reconnaître_4,prétendre,0.22242189943790436,0.8755774513665451,0.4938212594311821,0.7453568087180227,0.7438289234244492,0.846484241720364
1,5,preuve,prétendre,prétendre,1.2140803877940984,prétendre_5,nier,0.1925966888666153,0.7934013154206124,0.495145747883164,0.6917992506305333,0.6919870757136812,0.7968164611395487
1,5,preuve,prétendre,prétendre,1.2140803877940984,prétendre_5,contester,0.16987508535385132,0.8138141184580114,0.6335688447359211,0.7520875672943801,0.6919870757136812,0.7968164611395487
1,6,preuve,contester,contester,1.7028981643328063,contester,,,,,,0.7689438755675089,0.7500629562253548
