num_path,num_step,cue,best_word,temporary_best_word,q-value,current_word,neighbours,similarity,adequacy,originality,likeability,likeability_to_cue,goal_value
1,0,façon,façon,façon,0.0,façon_0,manière,0.9515303373336792,1.0,0.10665801112151524,0.6856764021204892,0.0,1.0148471073971397
1,0,façon,façon,façon,0.0,façon_0,être,0.7867022156715393,0.8769498952445361,0.14674234717387746,0.618030184987354,0.0,1.0148471073971397
1,1,façon,manière,manière,0.4177073236808374,manière_1,pouvoir,0.6332619786262512,0.9831660780492975,0.2608045697530128,0.7257995457753614,0.6411763603268644,1.0148471073971397
1,1,façon,manière,manière,0.4177073236808374,manière_1,pouvoir,0.6332619786262512,1.0,0.2138045697530128,0.7071087950450684,0.6411763603268644,1.0148471073971397
1,2,façon,pouvoir,pouvoir,0.8454454332753929,pouvoir_2,être,0.5135647654533386,0.8603594716921296,0.38238853605661594,0.6962074977872058,0.7114994501868354,0.9553005724837024
1,2,façon,pouvoir,pouvoir,0.8454454332753929,pouvoir_2,autre,0.4667564928531647,0.8746315631782384,0.42523401922725185,0.7181230383572057,0.7114994501868354,0.9553005724837024
1,3,façon,autre,autre,0.2861510497437687,autre_3,être,0.4130226671695709,0.937512680600152,0.3834299579824489,0.7429105778961591,0.6652093809563274,0.8992479528549934
1,3,façon,autre,autre,0.2861510497437687,autre_3,sorte,0.4143196642398834,0.9606771788788258,0.38048400143255473,0.7539795296702979,0.6652093809563274,0.8992479528549934
1,4,façon,sorte,sorte,0.7498339439475948,sorte_4,supposer,0.2922966182231903,0.8774770999793459,0.4189651905009662,0.7154256257784576,0.6419471386329607,0.846484241720364
1,4,façon,sorte,sorte,0.7498339439475948,sorte_4,être,0.3202163279056549,0.8850484349646791,0.45584001994573403,0.7355786993301721,0.6419471386329607,0.846484241720364
1,5,façon,être,être,0.2221075583500468,être_5,supposer,0.229946568608284,0.8063610315512273,0.4708656240200188,0.6902986140197552,0.6462617873359328,0.7968164611395487
1,5,façon,être,être,0.2221075583500468,être_5,seul,0.21311655640602112,0.8609783202906585,0.5965274083738306,0.7694310779314586,0.6462617873359328,0.7968164611395487
1,6,façon,pouvoir,seul,0.7152612125480242,seul,,,,,,0.6963803199340527,0.7500629562253548
