num_path,num_step,cue,best_word,temporary_best_word,q-value,current_word,neighbours,similarity,adequacy,originality,likeability,likeability_to_cue,goal_value
1,0,lune,lune,lune,0.0,lune_0,ciel,0.786276638507843,1.0,0.08802104471949407,0.6630581891641225,0.0,1.0148471073971397
1,0,lune,lune,lune,0.0,lune_0,lunaire,0.8104491829872131,0.9089497429238702,0.17308113169417602,0.6320629170462138,0.0,1.0148471073971397
1,1,lune,ciel,ciel,0.4120527704417457,ciel_1,astre,0.6273571848869324,0.905214576199579,0.24855600595736593,0.6732019411568796,0.7546448903067328,1.0148471073971397
1,1,lune,ciel,ciel,0.4120527704417457,ciel_1,étoile,0.5952572226524353,0.9905629520775582,0.3060376802380056,0.7408570120160559,0.7546448903067328,1.0148471073971397
1,2,lune,étoile,étoile,0.8435552465964747,étoile_2,astre,0.4972904324531555,0.8887290193737339,0.433330803479685,0.7318439261519656,0.7789576528604379,0.9553005724837024
1,2,lune,étoile,étoile,0.8435552465964747,étoile_2,filant,0.4253901243209839,0.830040621427663,0.3224609873890602,0.64835320998681,0.7789576528604379,0.9553005724837024
1,3,lune,astre,astre,0.28769108501354057,astre_3,firmament,0.3537891209125519,0.9116281431515143,0.4010995690664673,0.7369258418223865,0.6819312807296712,0.8992479528549934
1,3,lune,astre,astre,0.28769108501354057,astre_3,nuage,0.33757591247558594,0.968615585556612,0.5128741575022419,0.812488706888415,0.6819312807296712,0.8992479528549934
1,4,lune,nuage,nuage,0.766001273521896,nuage_4,filant,0.2235880047082901,0.8990161575810982,0.48973842914457816,0.7591625918026471,0.7294825917800078,0.846484241720364
1,4,lune,nuage,nuage,0.766001273521896,nuage_4,couchant,0.2273605465888977,0.75241696279339,0.4662476538855285,0.6529963825016525,0.7294825917800078,0.846484241720364
1,5,lune,filant,filant,0.24417086104246677,filant_5,lueur,0.14341281354427338,0.8879313164457149,0.5846557749556818,0.7839875093304803,0.7294887915612988,0.7968164611395487
1,5,lune,filant,filant,0.24417086104246677,filant_5,céleste,0.14920230209827423,0.7521176430604077,0.7136376136092107,0.7391087547241693,0.7294887915612988,0.7968164611395487
1,6,lune,étoile,lueur,0.7409636230901997,lueur,,,,,,0.7271755705468006,0.7500629562253548
