num_path,num_step,cue,best_word,temporary_best_word,q-value,current_word,neighbours,similarity,adequacy,originality,likeability,likeability_to_cue,goal_value
1,0,rayon,rayon,rayon,0.0,rayon_0,courbure,0.7064785957336426,0.8572113236500581,0.25338385713853634,0.6429532796726379,0.0,1.0148471073971397
1,0,rayon,rayon,rayon,0.0,rayon_0,giration,0.7222117781639099,1.0,0.11736537347571126,0.6732744241266272,0.0,1.0148471073971397
1,1,rayon,giration,giration,0.4146068291823719,giration_1,rotation,0.4937174618244171,0.9373714486141479,0.3367507048267895,0.7245593216167542,0.682324993492429,1.0148471073971397
1,1,rayon,giration,giration,0.4146068291823719,giration_1,déflexion,0.4809698760509491,0.852088717593908,0.25743931590798297,0.6458228799120942,0.682324993492429,1.0148471073971397
1,2,rayon,rotation,rotation,0.8420348827372756,rotation_2,vitesse,0.3720964193344116,0.7886987422943529,0.47497095661899524,0.6818411061096157,0.7314087197915907,0.9553005724837024
1,2,rayon,rotation,rotation,0.8420348827372756,rotation_2,courbure,0.38568437099456787,0.9277757764845951,0.4856770072602527,0.7736462001145203,0.7314087197915907,0.9553005724837024
1,3,rayon,courbure,courbure,1.29662128964498,courbure_3,vitesse,0.2517547607421875,0.8378175324583549,0.46012110437584225,0.7088488447593286,0.7804397487327522,0.8992479528549934
1,3,rayon,courbure,courbure,1.29662128964498,courbure_3,inclinaison,0.25455522537231445,0.7977118866011681,0.5536291888617231,0.713175674869638,0.7804397487327522,0.8992479528549934
1,4,rayon,inclinaison,inclinaison,0.7501032201486412,inclinaison_4,sphéricité,0.18335820734500885,0.7852392439918418,0.6311722898988353,0.7326597975373855,0.7794697024071494,0.846484241720364
1,4,rayon,inclinaison,inclinaison,0.7501032201486412,inclinaison_4,déflexion,0.19360047578811646,0.8428420570085644,0.5601723420232749,0.7460941881142455,0.7794697024071494,0.846484241720364
1,5,rayon,déflexion,déflexion,1.2250057067471116,déflexion_5,vitesse,0.13152334094047546,0.9011164106890991,0.5691804750184916,0.786142430554462,0.7582540777276727,0.7968164611395487
1,5,rayon,déflexion,déflexion,1.2250057067471116,déflexion_5,vitesse,0.13152334094047546,0.8921164106890991,0.6991804750184916,0.8258385435740774,0.7582540777276727,0.7968164611395487
1,6,rayon,vitesse,vitesse,1.7322612273557438,vitesse,,,,,,0.7828128136999465,0.7500629562253548
