num_path,num_step,cue,best_word,temporary_best_word,q-value,current_word,neighbours,similarity,adequacy,originality,likeability,likeability_to_cue,goal_value
1,0,appel,appel,appel,0.0,appel_0,interjeter,0.7458820939064026,1.0,0.22121131731790575,0.7104990141237506,0.0,1.0148471073971397
1,0,appel,appel,appel,0.0,appel_0,téléphonique,0.7203381061553955,0.8508704128165283,0.21956041435073256,0.6252039069614649,0.0,1.0148471073971397
1,1,appel,interjeter,interjeter,0.42391297668165273,interjeter_1,débouter,0.5698734521865845,0.8393967169484138,0.32238542305010853,0.6554474363815146,0.6765736348058593,1.0148471073971397
1,1,appel,interjeter,interjeter,0.42391297668165273,interjeter_1,statuer,0.5145346522331238,0.8174571498643181,0.26974038850444015,0.6182792974429309,0.6765736348058593,1.0148471073971397
1,2,appel,débouter,débouter,-0.16593694107225354,débouter_2,cassation,0.3949057459831238,0.8410976802972938,0.4587801946436567,0.7060507853214752,0.8165924931364623,0.9553005724837024
1,2,appel,débouter,débouter,-0.16593694107225354,débouter_2,tribunal,0.4193183481693268,0.8013015953597044,0.3858500969950811,0.6539404777976087,0.8165924931364623,0.9553005724837024
1,3,appel,cassation,cassation,0.27175061213718965,cassation_3,cour,0.3136589527130127,0.8076015142013595,0.45519611217386163,0.6834769318033039,0.7074358505199037,0.8992479528549934
1,3,appel,cassation,cassation,0.27175061213718965,cassation_3,irrecevable,0.29441121220588684,0.8140136374270313,0.5281839040916718,0.714756925531224,0.7074358505199037,0.8992479528549934
1,4,appel,irrecevable,irrecevable,0.7256278553062473,irrecevable_4,tribunal,0.2331840544939041,0.933524613114144,0.572895863883712,0.8085345617637524,0.6649818138564838,0.846484241720364
1,4,appel,irrecevable,irrecevable,0.7256278553062473,irrecevable_4,cour,0.225255087018013,0.8936386417436805,0.4711935359644281,0.7489924255668907,0.6649818138564838,0.846484241720364
1,5,appel,débouter,tribunal,1.2161404353170944,tribunal,,,,,,0.6813856521987496,0.7968164611395487
