num_path,num_step,cue,best_word,temporary_best_word,q-value,current_word,neighbours,similarity,adequacy,originality,likeability,likeability_to_cue,goal_value
1,0,visage,visage,visage,0.0,visage_0,impassible,0.7776479721069336,0.9974489215358444,0.19565799946277992,0.7019437797303854,0.0,1.0148471073971397
1,0,visage,visage,visage,0.0,visage_0,émacié,0.8325424790382385,1.0,0.056292929793139435,0.6471654088850458,0.0,1.0148471073971397
1,1,visage,impassible,impassible,0.4217741680833114,impassible_1,sourire,0.5842256546020508,0.9431395576601407,0.21412242661692854,0.6802956911029512,0.6610366919962879,1.0148471073971397
1,1,visage,impassible,impassible,0.4217741680833114,impassible_1,émacié,0.6063001155853271,0.8550714047168199,0.277971770140648,0.645936419369739,0.6610366919962879,1.0148471073971397
1,2,visage,sourire,sourire,-0.16186368599023576,sourire_2,dévisager,0.4591245651245117,0.9408305028428471,0.4565427661973548,0.7694828679510335,0.6754297370421205,0.9553005724837024
1,2,visage,sourire,sourire,-0.16186368599023576,sourire_2,émacié,0.4243966042995453,0.8049210931000743,0.35717733017895026,0.6498664227891982,0.6754297370421205,0.9553005724837024
1,3,visage,dévisager,dévisager,0.29168188787659705,dévisager_3,rictus,0.3269593119621277,0.9104782858568485,0.43737891991278727,0.74348188969846,0.7554056942936072,0.8992479528549934
1,3,visage,dévisager,dévisager,0.29168188787659705,dévisager_3,grimace,0.3203177750110626,0.833070377381243,0.4487575107450528,0.6991106560517899,0.7554056942936072,0.8992479528549934
1,4,visage,rictus,rictus,-0.24725962791253625,rictus_4,écarquiller,0.2327418476343155,0.8243668727594872,0.5743006961832938,0.7387918107896252,0.7442453657975957,0.846484241720364
1,4,visage,rictus,rictus,-0.24725962791253625,rictus_4,grimace,0.2534673511981964,0.8433661188910923,0.6165960481011622,0.7659337521056311,0.7442453657975957,0.846484241720364
1,5,visage,grimace,grimace,0.23260274968378053,grimace_5,inexpressif,0.1782141923904419,0.7368378184343362,0.525251780299814,0.6641125057932399,0.6748351662248023,0.7968164611395487
1,5,visage,grimace,grimace,0.23260274968378053,grimace_5,crisper,0.17237809300422668,0.853039014492782,0.6270616468778841,0.7763678130562227,0.6748351662248023,0.7968164611395487
1,6,visage,dévisager,crisper,0.7274905876629489,crisper,,,,,,0.6953356124123531,0.7500629562253548
