num_path,num_step,cue,best_word,temporary_best_word,q-value,current_word,neighbours,similarity,adequacy,originality,likeability,likeability_to_cue,goal_value
1,0,gauche,gauche,gauche,0.0,gauche_0,parti,0.8034324049949646,1.0,0.10673223620323849,0.6822709231652442,0.0,1.0148471073971397
1,0,gauche,gauche,gauche,0.0,gauche_0,électorat,0.7773867249488831,0.9523503641686918,0.09182827125655263,0.6328229831389418,0.0,1.0148471073971397
1,1,gauche,parti,parti,0.4168559539420261,parti_1,progressiste,0.6204489469528198,0.9891418552849545,0.28795021443332713,0.7429905691840856,0.6967040277458046,1.0148471073971397
1,1,gauche,parti,parti,0.4168559539420261,parti_1,centriste,0.6135728359222412,1.0,0.1673305569906217,0.700966286368344,0.6967040277458046,1.0148471073971397
1,2,gauche,progressiste,progressiste,0.8488918193887626,progressiste_2,militant,0.4656447768211365,0.9745158190866832,0.3380051204004129,0.7555898681066465,0.7501313639762123,0.9553005724837024
1,2,gauche,progressiste,progressiste,0.8488918193887626,progressiste_2,droite,0.4903970956802368,0.9370386469209485,0.36900545712829846,0.7387612632997903,0.7501313639762123,0.9553005724837024
1,3,gauche,militant,militant,1.2989641432944987,militant_3,partisan,0.32517069578170776,0.8271046204377308,0.4458229555592269,0.693533154754426,0.7337377264195122,0.8992479528549934
1,3,gauche,militant,militant,1.2989641432944987,militant_3,droite,0.3275012969970703,0.876590724886231,0.5089419938336825,0.7482521768538327,0.7337377264195122,0.8992479528549934
1,4,gauche,droite,droite,0.7612151992942086,droite_4,communiste,0.2899274528026581,0.8668680237078571,0.4179668887848709,0.7105865287642893,0.6682701735860745,0.846484241720364
1,4,gauche,droite,droite,0.7612151992942086,droite_4,communiste,0.2899274528026581,0.8268680237078571,0.523966888784871,0.7237431470796782,0.6682701735860745,0.846484241720364
1,5,gauche,communiste,communiste,0.23052992563403707,communiste_5,social-démocrate,0.1636059731245041,0.9056805996306669,0.6698895358377476,0.8242782474122704,0.6636584463545699,0.7968164611395487
1,5,gauche,communiste,communiste,0.23052992563403707,communiste_5,social-démocrate,0.1636059731245041,0.755680599630667,0.6718895358377475,0.7272038908527315,0.6636584463545699,0.7968164611395487
1,6,gauche,progressiste,social-démocrate,0.7373953722022175,social-démocrate,,,,,,0.6817975016618524,0.7500629562253548
