num_path,num_step,cue,best_word,temporary_best_word,q-value,current_word,neighbours,similarity,adequacy,originality,likeability,likeability_to_cue,goal_value
1,0,masse,masse,masse,0.0,masse_0,quantité,0.7118406295776367,0.8475920500580251,0.29097336016161524,0.6519528573710499,0.0,1.0148471073971397
1,0,masse,masse,masse,0.0,masse_0,inertie,0.716084897518158,0.9327159900801567,0.1692710731056262,0.6517709899684504,0.0,1.0148471073971397
1,1,masse,quantité,quantité,0.40927643749347753,quantité_1,calorifique,0.499345064163208,0.9689345060792063,0.27594218906553664,0.7241690515170415,0.7429302327732515,1.0148471073971397
1,1,masse,quantité,quantité,0.40927643749347753,quantité_1,concentration,0.49579164385795593,0.8255790749484907,0.384345105226778,0.6691490666491113,0.7429302327732515,1.0148471073971397
1,2,masse,calorifique,calorifique,0.836606923523453,calorifique_2,volumique,0.33762726187705994,0.8316255957979498,0.4888332957501015,0.7144644636521406,0.6903592523344414,0.9553005724837024
1,2,masse,calorifique,calorifique,0.836606923523453,calorifique_2,volumique,0.33762726187705994,0.9276255957979499,0.4868332957501015,0.7733788134409265,0.6903592523344414,0.9553005724837024
1,3,masse,volumique,volumique,1.291126483762759,volumique_3,kilogramme,0.23364782333374023,0.9026896413074459,0.5954715651809092,0.796541848372017,0.6629417490985423,0.8992479528549934
1,3,masse,volumique,volumique,1.291126483762759,volumique_3,enthalpie,0.23342575132846832,0.7776106703855507,0.6206747023450218,0.7243512091409895,0.6629417490985423,0.8992479528549934
1,4,masse,kilogramme,kilogramme,1.7654499576420148,kilogramme_4,calculer,0.14545142650604248,0.716063040014156,0.5985306692819248,0.6759857368490028,0.7280525456240505,0.846484241720364
1,4,masse,kilogramme,kilogramme,1.7654499576420148,kilogramme_4,épaisseur,0.14402104914188385,0.8832700888089304,0.5940210519032638,0.7848628157091415,0.7280525456240505,0.846484241720364
1,5,masse,épaisseur,épaisseur,1.2500446011392092,épaisseur_5,diamètre,0.11977768689393997,0.7360157338203306,0.7537764943879642,0.7420060657390302,0.7858602461749141,0.7968164611395487
1,5,masse,épaisseur,épaisseur,1.2500446011392092,épaisseur_5,surface,0.11241713911294937,0.8863742565943883,0.698784990160818,0.8220594518389993,0.7858602461749141,0.7968164611395487
1,6,masse,épaisseur,surface,1.756355348814072,surface,,,,,,0.7718882180749352,0.7500629562253548
