num_path,num_step,cue,best_word,temporary_best_word,q-value,current_word,neighbours,similarity,adequacy,originality,likeability,likeability_to_cue,goal_value
1,0,soeur,soeur,soeur,0.0,soeur_0,tante,0.8234795331954956,0.9889662464276685,0.1663867783970849,0.6870185774560965,0.0,1.0148471073971397
1,0,soeur,soeur,soeur,0.0,soeur_0,fille,0.8386411070823669,1.0,0.1661693940965911,0.7086109209857399,0.0,1.0148471073971397
1,1,soeur,fille,fille,0.42344095339715004,fille_1,mari,0.6851236820220947,0.8491255672543856,0.24393704277470038,0.6281854581400119,0.7314854917403535,1.0148471073971397
1,1,soeur,fille,fille,0.42344095339715004,fille_1,frère,0.6823491454124451,0.9245109103963595,0.12069546461513056,0.640271827924038,0.7314854917403535,1.0148471073971397
1,2,soeur,frère,frère,-0.17020286647112537,frère_2,fils,0.5016788244247437,0.9911678881204964,0.3353674957603177,0.7553392442292037,0.6793134869380271,0.9553005724837024
1,2,soeur,frère,frère,-0.17020286647112537,frère_2,fils,0.5016788244247437,0.8061678881204964,0.3123674957603177,0.637453620248304,0.6793134869380271,0.9553005724837024
1,3,soeur,fils,fils,0.27980680146524994,fils_3,garçon,0.38954079151153564,0.8703367924077101,0.47678414439112277,0.7349484543539844,0.6175224643592299,0.8992479528549934
1,3,soeur,fils,fils,0.27980680146524994,fils_3,mère,0.5025321245193481,0.8572532319340641,0.2517924107455315,0.6456008780768856,0.6175224643592299,0.8992479528549934
1,4,soeur,garçon,garçon,-0.26126807316000233,garçon_4,grand-mère,0.2650359570980072,0.884937293246707,0.5243887136826799,0.7595199955762965,0.7047553721878026,0.846484241720364
1,4,soeur,garçon,garçon,-0.26126807316000233,garçon_4,aîné,0.3108942210674286,0.8219742889869013,0.41146795515250995,0.6804999687741897,0.7047553721878026,0.846484241720364
1,5,soeur,grand-mère,grand-mère,0.21699086530398082,grand-mère_5,mari,0.2472773641347885,0.8623584476537073,0.49712549886192103,0.7351424505432634,0.7176158008705387,0.7968164611395487
1,5,soeur,grand-mère,grand-mère,0.21699086530398082,grand-mère_5,aîné,0.23183712363243103,0.8600429740071501,0.5431297479285798,0.7511053273046695,0.7176158008705387,0.7968164611395487
1,6,soeur,fille,aîné,-0.29443691815473894,aîné,,,,,,0.657938530326677,0.7500629562253548
