num_path,num_step,cue,best_word,temporary_best_word,q-value,current_word,neighbours,similarity,adequacy,originality,likeability,likeability_to_cue,goal_value
1,0,sens,sens,sens,0.0,sens_0,esprit,0.7932910323143005,1.0,0.18141906760922785,0.6951680841143572,0.0,1.0148471073971397
1,0,sens,sens,sens,0.0,sens_0,conscience,0.7713851928710938,0.8881235175276512,0.08273372627253946,0.5873571005271265,0.0,1.0148471073971397
1,1,sens,esprit,esprit,0.42008024417930434,esprit_1,spirituel,0.5499218702316284,0.9501414849534421,0.26036357840455704,0.7028847555850104,0.6061703247190331,1.0148471073971397
1,1,sens,esprit,esprit,0.42008024417930434,esprit_1,intellect,0.5645128488540649,0.831773480709746,0.21986005568018147,0.6071374689651882,0.6061703247190331,1.0148471073971397
1,2,sens,spirituel,spirituel,0.8420896562262721,spirituel_2,pensée,0.4968564510345459,0.9696856078263703,0.41962438155882453,0.7723712126995776,0.7583654797237391,0.9553005724837024
1,2,sens,spirituel,spirituel,0.8420896562262721,spirituel_2,intuition,0.44155746698379517,0.8159162120520974,0.36290239830489335,0.6596739855731185,0.7583654797237391,0.9553005724837024
1,3,sens,pensée,pensée,1.2963573162802409,pensée_3,spiritualiser,0.32378289103507996,0.8778119174233956,0.4359456541243565,0.7218966650351182,0.685072035267496,0.8992479528549934
1,3,sens,pensée,pensée,1.2963573162802409,pensée_3,intuition,0.3560921549797058,0.8600329096287498,0.5233052897988034,0.7443404002557285,0.685072035267496,0.8992479528549934
1,4,sens,intuition,intuition,0.7576304281304247,intuition_4,métaphysique,0.23156841099262238,0.759946468474475,0.6383761906678976,0.7187512396159034,0.7674743939519911,0.846484241720364
1,4,sens,intuition,intuition,0.7576304281304247,intuition_4,spiritualiser,0.22979623079299927,0.8363065055191847,0.6210038624215244,0.7620272150576362,0.7674743939519911,0.846484241720364
1,5,sens,spiritualiser,spiritualiser,1.2365161714647428,spiritualiser_5,intériorité,0.1767866313457489,0.7301605518470874,0.5606682906306132,0.6722400775472895,0.7888954965542586,0.7968164611395487
1,5,sens,spiritualiser,spiritualiser,1.2365161714647428,spiritualiser_5,désir,0.16809311509132385,0.8889330082113889,0.6493594854165283,0.8072840987750501,0.7888954965542586,0.7968164611395487
1,6,sens,spiritualiser,désir,1.7391330808736183,désir,,,,,,0.6861210530137675,0.7500629562253548
