num_path,num_step,cue,best_word,temporary_best_word,q-value,current_word,neighbours,similarity,adequacy,originality,likeability,likeability_to_cue,goal_value
1,0,objet,objet,objet,0.0,objet_0,forme,0.737507164478302,0.9238279525785926,0.08958622888395926,0.6222606465361689,0.0,1.0148471073971397
1,0,objet,objet,objet,0.0,objet_0,constitutif,0.7301859855651855,0.9616544462963144,0.22927258683957205,0.6968650821545521,0.0,1.0148471073971397
1,1,objet,constitutif,constitutif,0.4205044936893531,constitutif_1,distinct,0.529793381690979,0.9450110733258332,0.3245981557747622,0.7225786302527007,0.701825463923995,1.0148471073971397
1,1,objet,constitutif,constitutif,0.4205044936893531,constitutif_1,définir,0.5591339468955994,0.8521615318721927,0.3093554012715697,0.6647390491167751,0.701825463923995,1.0148471073971397
1,2,objet,distinct,distinct,0.8474373744032433,distinct_2,définir,0.43179580569267273,0.8247988528519199,0.4748594207366186,0.7049296073649072,0.6659650100814929,0.9553005724837024
1,2,objet,distinct,distinct,0.8474373744032433,distinct_2,élément,0.460296094417572,0.9409545023519992,0.31772553091849604,0.7160865746883623,0.6659650100814929,0.9553005724837024
1,3,objet,élément,élément,0.2876338749544083,élément_3,entité,0.2963501214981079,0.7894997797373987,0.5045549997474077,0.691385299244602,0.6377201840692178,0.8992479528549934
1,3,objet,élément,élément,0.2876338749544083,élément_3,déterminer,0.2908650040626526,0.932110063564507,0.4951739992398707,0.7833576217573344,0.6377201840692178,0.8992479528549934
1,4,objet,déterminer,déterminer,0.7586612921799936,déterminer_4,caractéristique,0.22882431745529175,0.8879529401413989,0.5838982699202963,0.7825414206293245,0.6897620511077599,0.846484241720364
1,4,objet,déterminer,déterminer,0.7586612921799936,déterminer_4,caractéristique,0.22882431745529175,0.9099529401413988,0.5498982699202962,0.787657698660813,0.6897620511077599,0.846484241720364
1,5,objet,caractéristique,caractéristique,1.2439546564151058,caractéristique_5,constituer,0.17477883398532867,0.7421999777786171,0.5886656161075203,0.6899491379892383,0.6828654762263082,0.7968164611395487
1,5,objet,caractéristique,caractéristique,1.2439546564151058,caractéristique_5,comporter,0.17644433677196503,0.9129974556031967,0.6970083803448236,0.8386624010707394,0.6828654762263082,0.7968164611395487
1,6,objet,comporter,comporter,1.7544161413979036,comporter,,,,,,0.7235624560876436,0.7500629562253548
