num_path,num_step,cue,best_word,temporary_best_word,q-value,current_word,neighbours,similarity,adequacy,originality,likeability,likeability_to_cue,goal_value
1,0,rapport,rapport,rapport,0.0,rapport_0,proposition,0.7507858276367188,0.9140059503368225,0.12005654602559385,0.6120841801369068,0.0,1.0148471073971397
1,0,rapport,rapport,rapport,0.0,rapport_0,synthèse,0.7519656419754028,0.972392320129239,0.24229663121241457,0.7094142833444901,0.0,1.0148471073971397
1,1,rapport,synthèse,synthèse,0.4236417939868376,synthèse_1,conclusion,0.554031491279602,0.8645924367036409,0.3746797240755427,0.689365661513409,0.676452157971576,1.0148471073971397
1,1,rapport,synthèse,synthèse,0.4236417939868376,synthèse_1,analyse,0.6148924231529236,0.880309175371239,0.3304893761562863,0.6855688464568103,0.676452157971576,1.0148471073971397
1,2,rapport,conclusion,conclusion,-0.15772856748409508,conclusion_2,exposé,0.39100590348243713,0.9105468080359578,0.3606883527150607,0.7225145302625092,0.7624336740643675,0.9553005724837024
1,2,rapport,conclusion,conclusion,-0.15772856748409508,conclusion_2,réflexion,0.3699572682380676,0.8013567261687475,0.3936062055666056,0.6622481066069481,0.7624336740643675,0.9553005724837024
1,3,rapport,exposé,exposé,0.28407492196060663,exposé_3,évaluation,0.26463884115219116,0.8928185217195431,0.5227364019940152,0.7647406705371628,0.7425935489833695,0.8992479528549934
1,3,rapport,exposé,exposé,0.28407492196060663,exposé_3,introductif,0.2886694073677063,0.9035411545431022,0.5820323824530725,0.7942064990792662,0.7425935489833695,0.8992479528549934
1,4,rapport,introductif,introductif,0.7578145585166749,introductif_4,analyse,0.20317082107067108,0.7739336079549277,0.5059630337066534,0.6806066582301724,0.6928076562243047,0.846484241720364
1,4,rapport,introductif,introductif,0.7578145585166749,introductif_4,analyse,0.20317082107067108,0.9369336079549276,0.6199630337066534,0.8270430024649238,0.6928076562243047,0.846484241720364
1,5,rapport,conclusion,analyse,1.252954248702815,analyse,,,,,,0.637518741360699,0.7968164611395487
