num_path,num_step,cue,best_word,temporary_best_word,q-value,current_word,neighbours,similarity,adequacy,originality,likeability,likeability_to_cue,goal_value
1,0,flamme,flamme,flamme,0.0,flamme_0,flammèche,0.8046581745147705,0.9763986217622391,0.19592121456438055,0.7046549877293709,0.0,1.0148471073971397
1,0,flamme,flamme,flamme,0.0,flamme_0,brûler,0.8082678914070129,0.983980090839263,0.21652923747733038,0.7050576076780435,0.0,1.0148471073971397
1,1,flamme,brûler,brûler,0.42255262507022595,brûler_1,enflammer,0.6357413530349731,0.9415754930727636,0.29323044969514017,0.7146279492001592,0.6584284725447532,1.0148471073971397
1,1,flamme,brûler,brûler,0.42255262507022595,brûler_1,flammèche,0.6108734607696533,0.9067228969495141,0.18505216552601528,0.6363899590756185,0.6584284725447532,1.0148471073971397
1,2,flamme,enflammer,enflammer,0.8474978355209808,enflammer_2,incandescent,0.45564940571784973,0.8554602567482136,0.46597201320356785,0.7212419250816321,0.7221272922325044,0.9553005724837024
1,2,flamme,enflammer,enflammer,0.8474978355209808,enflammer_2,brasier,0.5105393528938293,0.9450553401171586,0.2334131209416138,0.6879123555322576,0.7221272922325044,0.9553005724837024
1,3,flamme,incandescent,incandescent,1.2889831736704633,incandescent_3,embraser,0.4064454734325409,0.8676619498267146,0.3852468334252417,0.6961118135190899,0.6920828022986985,0.8992479528549934
1,3,flamme,incandescent,incandescent,1.2889831736704633,incandescent_3,flammèche,0.3528471887111664,0.8074609913524265,0.46083485488696874,0.6854576698667463,0.6920828022986985,0.8992479528549934
1,4,flamme,embraser,embraser,0.7381991388364875,embraser_4,flammèche,0.2695271074771881,0.8692620678053364,0.5944697422258486,0.774953934815707,0.7463226465302962,0.846484241720364
1,4,flamme,embraser,embraser,0.7381991388364875,embraser_4,rougeoyer,0.2426382303237915,0.7648081699966475,0.5913011534190464,0.705776714407047,0.7463226465302962,0.846484241720364
1,5,flamme,flammèche,flammèche,1.2203165621103231,flammèche_5,braise,0.1849210560321808,0.7489568489606248,0.6006366626789943,0.6980302448286125,0.6364240881879684,0.7968164611395487
1,5,flamme,flammèche,flammèche,1.2203165621103231,flammèche_5,flamboyer,0.1697893887758255,0.8497719181458264,0.583654849822477,0.7577718998620028,0.6364240881879684,0.7968164611395487
1,6,flamme,flamboyer,flamboyer,0.7105554217909367,flamboyer,,,,,,0.7649921401439276,0.7500629562253548
