num_path,num_step,cue,best_word,temporary_best_word,q-value,current_word,neighbours,similarity,adequacy,originality,likeability,likeability_to_cue,goal_value
1,0,pierre,pierre,pierre,0.0,pierre_0,marc,0.7227872610092163,0.8785481573522106,0.18799821004773898,0.6345479067785651,0.0,1.0148471073971397
1,0,pierre,pierre,pierre,0.0,pierre_0,marc,0.7227872610092163,1.0,0.275998210047739,0.7385875902889266,0.0,1.0148471073971397
1,1,pierre,marc,marc,0.4309351207229467,marc_1,isabelle,0.5071060657501221,0.946711037169941,0.28471585024672524,0.7194969322828261,0.7010323050804435,1.0148471073971397
1,1,pierre,marc,marc,0.4309351207229467,marc_1,alain,0.5633090734481812,0.8266354016106913,0.3106415125069141,0.6474262895985788,0.7010323050804435,1.0148471073971397
1,2,pierre,isabelle,isabelle,-0.14290242305563172,isabelle_2,véronique,0.4219214916229248,0.8306209655091046,0.4239650497109513,0.6885610448872398,0.7670669087750138,0.9553005724837024
1,2,pierre,isabelle,isabelle,-0.14290242305563172,isabelle_2,alain,0.4230199456214905,0.8467545805792039,0.416171108058084,0.7001508005635374,0.7670669087750138,0.9553005724837024
1,3,pierre,alain,alain,-0.706689866035673,alain_3,jean,0.34660109877586365,0.8913285133933961,0.5307318959188977,0.767547746467774,0.7818591828866039,0.8992479528549934
1,3,pierre,alain,alain,-0.706689866035673,alain_3,sylvie,0.2883809506893158,0.9184658679890836,0.42727694174243797,0.7457550570243604,0.7818591828866039,0.8992479528549934
1,4,pierre,jean,jean,-0.23961491763247778,jean_4,véronique,0.22671756148338318,0.9171801978251182,0.5058412847671218,0.7722396258394162,0.7139393332205775,0.846484241720364
1,4,pierre,jean,jean,-0.23961491763247778,jean_4,robert,0.19686831533908844,0.8832615368024485,0.6370132978455645,0.7985131603371426,0.7139393332205775,0.846484241720364
1,5,pierre,robert,robert,0.24839231202171685,robert,,,,,,0.7889133171387032,0.7968164611395487
