num_path,num_step,cue,best_word,temporary_best_word,q-value,current_word,neighbours,similarity,adequacy,originality,likeability,likeability_to_cue,goal_value
1,0,chien,chien,chien,0.0,chien_0,toutou,0.8347316980361938,0.9314793099190934,0.029814872861670033,0.581453932836847,0.0,1.0148471073971397
1,0,chien,chien,chien,0.0,chien_0,toutou,0.8347316980361938,1.0,0.18181487286167003,0.708736775383599,0.0,1.0148471073971397
1,1,chien,toutou,toutou,0.42347241699661486,toutou_1,sociabiliser,0.5948663353919983,1.0,0.2392882484479654,0.7223954147625308,0.7083453085756747,1.0148471073971397
1,1,chien,toutou,toutou,0.42347241699661486,toutou_1,chiens,0.6933039426803589,0.8559980845073977,0.23274990465496656,0.631500623266308,0.7083453085756747,1.0148471073971397
1,2,chien,sociabiliser,sociabiliser,0.8503594938379626,sociabiliser_2,chat,0.42889276146888733,0.8274578338840153,0.3579412134609117,0.6664158232586209,0.6664650962691177,0.9553005724837024
1,2,chien,sociabiliser,sociabiliser,0.8503594938379626,sociabiliser_2,fox-terrier,0.4336835443973541,0.8960183728772778,0.36550890125373436,0.7114052696180818,0.6664650962691177,0.9553005724837024
1,3,chien,fox-terrier,fox-terrier,0.2893856681215574,fox-terrier_3,chiens,0.40058091282844543,0.944878882894413,0.3125702593928188,0.7200005736815961,0.6741686625539498,0.8992479528549934
1,3,chien,fox-terrier,fox-terrier,0.2893856681215574,fox-terrier_3,aboyer,0.3026562035083771,0.8700430562444962,0.5302859411795863,0.752929349994827,0.6741686625539498,0.8992479528549934
1,4,chien,aboyer,aboyer,0.7528060174065159,aboyer_4,molosse,0.21919357776641846,0.7743486970167666,0.47882850534952176,0.6726211240981187,0.6277218317118773,0.846484241720364
1,4,chien,aboyer,aboyer,0.7528060174065159,aboyer_4,molosse,0.21919357776641846,0.7963486970167665,0.5638285053495218,0.7167371079715478,0.6277218317118773,0.846484241720364
1,5,chien,molosse,molosse,0.22036923396931185,molosse_5,muselière,0.15142343938350677,0.8293175311810549,0.5923425883844787,0.7488593411956977,0.7269026480888849,0.7968164611395487
1,5,chien,molosse,molosse,0.22036923396931185,molosse_5,doberman,0.14426371455192566,0.8094049828066913,0.6347679808104242,0.7501697562138199,0.7269026480888849,0.7968164611395487
1,6,chien,molosse,doberman,0.7087075577378796,doberman,,,,,,0.6946983995518601,0.7500629562253548
