num_path,num_step,cue,best_word,temporary_best_word,q-value,current_word,neighbours,similarity,adequacy,originality,likeability,likeability_to_cue,goal_value
1,0,début,début,début,0.0,début_0,débuter,0.8104539513587952,1.0,0.1270779638528381,0.6948486202764027,0.0,1.0148471073971397
1,0,début,début,début,0.0,début_0,fin,0.888735830783844,0.9403664159238525,0.0,0.6067459472911649,0.0,1.0148471073971397
1,1,début,débuter,débuter,0.42000037821981573,débuter_1,premier,0.5911223888397217,0.9280201776004359,0.2266899021716257,0.6693969529603897,0.7593040182184345,1.0148471073971397
1,1,début,débuter,débuter,0.42000037821981573,débuter_1,terminer,0.5974956750869751,0.8188616507559268,0.3096034029617791,0.6388621970435169,0.7593040182184345,1.0148471073971397
1,2,début,premier,premier,-0.1663621603893718,premier_2,année,0.4448097050189972,0.9112792410112758,0.46659899523162607,0.7542941040937059,0.7128940955654905,0.9553005724837024
1,2,début,premier,premier,-0.1663621603893718,premier_2,année,0.4448097050189972,0.8442792410112757,0.39359899523162606,0.6863893640651131,0.7128940955654905,0.9553005724837024
1,3,début,année,année,0.28338622251312906,année_3,quinzaine,0.28910306096076965,0.9146540989865762,0.444664899871135,0.74752583185345,0.699913767852047,0.8992479528549934
1,3,début,année,année,0.28338622251312906,année_3,achever,0.3106807768344879,0.9369254348148166,0.4456436855636491,0.7690889575495218,0.699913767852047,0.8992479528549934
1,4,début,achever,achever,0.7508464736867612,achever_4,dernier,0.21256235241889954,0.8657583787099317,0.565049619317298,0.7624788113212395,0.6613214624275419,0.846484241720364
1,4,début,achever,achever,0.7508464736867612,achever_4,fin,0.2933940887451172,0.8497563923250734,0.46304008096734367,0.7141835929834287,0.6613214624275419,0.846484241720364
1,5,début,dernier,dernier,0.22984511608698,dernier_5,prochain,0.13278236985206604,0.7728556142038164,0.6648435234816342,0.7360715776094385,0.6270723777011764,0.7968164611395487
1,5,début,dernier,dernier,0.22984511608698,dernier_5,fin,0.2222892791032791,0.8455273857164156,0.6289445236446608,0.7715487745587127,0.6270723777011764,0.7968164611395487
1,6,début,débuter,fin,0.723528194441771,fin,,,,,,0.6686850250312536,0.7500629562253548
