num_path,num_step,cue,best_word,temporary_best_word,q-value,current_word,neighbours,similarity,adequacy,originality,likeability,likeability_to_cue,goal_value
1,0,mari,mari,mari,0.0,mari_0,mère,0.8607779741287231,0.9074287539832996,0.12703548887954016,0.6134859074594342,0.0,1.0148471073971397
1,0,mari,mari,mari,0.0,mari_0,fille,0.8372838497161865,0.9697718378496922,0.16008872822888617,0.6880417038274144,0.0,1.0148471073971397
1,1,mari,fille,fille,0.41829864910756864,fille_1,marier,0.650719940662384,0.8511805895975393,0.24773125037650012,0.6294257314108869,0.6295115334857804,1.0148471073971397
1,1,mari,fille,fille,0.41829864910756864,fille_1,soeur,0.686234176158905,0.8933744471613589,0.2192331275411904,0.6509006814226581,0.6295115334857804,1.0148471073971397
1,2,mari,soeur,soeur,-0.1726879573860518,soeur_2,garçon,0.5383702516555786,0.8049048150960761,0.41093990338112985,0.668375314512556,0.7437968836618306,0.9553005724837024
1,2,mari,soeur,soeur,-0.1726879573860518,soeur_2,père,0.5353005528450012,0.8955828421369595,0.23196166456555672,0.6617202510223381,0.7437968836618306,0.9553005724837024
1,3,mari,garçon,garçon,0.2555807281211616,garçon_3,mère,0.4942701458930969,0.9714267888475331,0.3723759533882548,0.7601205419338276,0.7506225999968086,0.8992479528549934
1,3,mari,garçon,garçon,0.2555807281211616,garçon_3,mère,0.4942701458930969,0.9334267888475332,0.2983759533882548,0.714655605563085,0.7506225999968086,0.8992479528549934
1,4,mari,mère,mère,0.7207988753908702,mère_4,fils,0.2926863133907318,0.8405764782078093,0.47363654342983075,0.7129088983589765,0.7046000285817668,0.846484241720364
1,4,mari,mère,mère,0.7207988753908702,mère_4,grand-mère,0.3203684091567993,0.840081324269733,0.5037163328621864,0.7246809883874062,0.7046000285817668,0.846484241720364
1,5,mari,grand-mère,grand-mère,0.19034806205763077,grand-mère_5,frère,0.235159769654274,0.9272247939844876,0.5910902352944842,0.8113218976215116,0.7118658655988354,0.7968164611395487
1,5,mari,grand-mère,grand-mère,0.19034806205763077,grand-mère_5,maman,0.2203914225101471,0.757807062974969,0.5177110619888111,0.6754837233086927,0.7118658655988354,0.7968164611395487
1,6,mari,garçon,frère,0.6939744211781215,frère,,,,,,0.6751740705406706,0.7500629562253548
