num_path,num_step,cue,best_word,temporary_best_word,q-value,current_word,neighbours,similarity,adequacy,originality,likeability,likeability_to_cue,goal_value
1,0,doigt,doigt,doigt,0.0,doigt_0,lèvre,0.7794419527053833,0.9591294057016806,0.13348812881050634,0.6651611689591357,0.0,1.0148471073971397
1,0,doigt,doigt,doigt,0.0,doigt_0,bout,0.7716524600982666,0.889221177219607,0.1265600495322883,0.6254445651453336,0.0,1.0148471073971397
1,1,doigt,lèvre,lèvre,0.412578515390499,lèvre_1,sourire,0.5803864002227783,0.8716619857525184,0.28559494579721856,0.6616853643396081,0.6543330414928875,1.0148471073971397
1,1,doigt,lèvre,lèvre,0.412578515390499,lèvre_1,nez,0.5925967693328857,0.9672124045400653,0.342743751286867,0.7407971400087274,0.6543330414928875,1.0148471073971397
1,2,doigt,nez,nez,0.8440660235433959,nez_2,narine,0.3979169428348541,0.9475151312933849,0.4935432024723942,0.7886910524028491,0.7396447064949959,0.9553005724837024
1,2,doigt,nez,nez,0.8440660235433959,nez_2,oreille,0.40905171632766724,0.8020024273032147,0.45733413252520705,0.68140932166468,0.7396447064949959,0.9553005724837024
1,3,doigt,narine,narine,1.3024136435231826,narine_3,bouche,0.35911422967910767,0.9065557267472228,0.5209583017949501,0.7728104009016955,0.7539692661057349,0.8992479528549934
1,3,doigt,narine,narine,1.3024136435231826,narine_3,paupière,0.28248798847198486,0.9208998218909779,0.47329388363624303,0.7648461622690931,0.7539692661057349,0.8992479528549934
1,4,doigt,bouche,bouche,0.7708042555348581,bouche_4,cou,0.19911472499370575,0.9092237961559868,0.5138504129512285,0.7707650051103072,0.6981366172157035,0.846484241720364
1,4,doigt,bouche,bouche,0.7708042555348581,bouche_4,oreille,0.24618415534496307,0.8799966792102171,0.5631070393600872,0.7697162317354376,0.6981366172157035,0.846484241720364
1,5,doigt,cou,cou,0.2518744463823439,cou_5,oreille,0.18058893084526062,0.8449539972372897,0.6019020360571077,0.7617387077676862,0.6366586612652306,0.7968164611395487
1,5,doigt,cou,cou,0.2518744463823439,cou_5,nuque,0.15337783098220825,0.7243630765344894,0.6763294905022139,0.7081237686844217,0.6366586612652306,0.7968164611395487
1,6,doigt,oreille,oreille,-0.2568949919606217,oreille,,,,,,0.7645291613707422,0.7500629562253548
