num_path,num_step,cue,best_word,temporary_best_word,q-value,current_word,neighbours,similarity,adequacy,originality,likeability,likeability_to_cue,goal_value
1,0,jambe,jambe,jambe,0.0,jambe_0,épaule,0.8309428095817566,1.0,0.038371440971069884,0.6533490870805081,0.0,1.0148471073971397
1,0,jambe,jambe,jambe,0.0,jambe_0,pied,0.8086705803871155,1.0,0.06526205522902746,0.648770106492904,0.0,1.0148471073971397
1,1,jambe,épaule,épaule,0.4096254949208421,épaule_1,cou,0.6345983743667603,0.8333860150944694,0.33195603720723316,0.6540495650288387,0.653119099264843,1.0148471073971397
1,1,jambe,épaule,épaule,0.4096254949208421,épaule_1,nuque,0.6694422364234924,0.9907819841049517,0.1288717580924403,0.6879406655534491,0.653119099264843,1.0148471073971397
1,2,jambe,nuque,nuque,0.8278988844599194,nuque_2,genou,0.5503811240196228,0.9831915687305645,0.34106336556420713,0.7497766727326016,0.6587887772098404,0.9553005724837024
1,2,jambe,nuque,nuque,0.8278988844599194,nuque_2,tête,0.4936870038509369,0.8593683984679186,0.330771361679535,0.6726203796029936,0.6587887772098404,0.9553005724837024
1,3,jambe,genou,genou,1.2765179095221444,genou_3,cuisse,0.37656477093696594,0.8983996482278876,0.4135681889217626,0.7328453646809546,0.651282185066918,0.8992479528549934
1,3,jambe,genou,genou,1.2765179095221444,genou_3,poitrine,0.3757600486278534,0.9122747481717118,0.4291797155100513,0.7425036564017137,0.651282185066918,0.8992479528549934
1,4,jambe,poitrine,poitrine,0.7373318354088245,poitrine_4,bras,0.36215463280677795,0.8960723663837986,0.5056055828766164,0.7620585882561491,0.6581619123636145,0.846484241720364
1,4,jambe,poitrine,poitrine,0.7373318354088245,poitrine_4,tête,0.2804119288921356,0.8553352330724108,0.4810708281646944,0.7270812452822975,0.6581619123636145,0.846484241720364
1,5,jambe,bras,bras,1.2162254220427708,bras_5,ventre,0.21650837361812592,0.7453106206637573,0.6223404803224482,0.7035370006584198,0.6445020527264701,0.7968164611395487
1,5,jambe,bras,bras,1.2162254220427708,bras_5,hanche,0.22816045582294464,0.9187103789656761,0.4565099045210341,0.7585501756070443,0.6445020527264701,0.7968164611395487
1,6,jambe,hanche,hanche,0.7066588506596447,hanche,,,,,,0.7175391020616387,0.7500629562253548
