num_path,num_step,cue,best_word,temporary_best_word,q-value,current_word,neighbours,similarity,adequacy,originality,likeability,likeability_to_cue,goal_value
1,0,colline,colline,colline,0.0,colline_0,serpenter,0.8046784996986389,0.867407446186027,0.07990776132467076,0.5863643448545024,0.0,1.0148471073971397
1,0,colline,colline,colline,0.0,colline_0,promontoire,0.8286761045455933,1.0,0.15389751675312222,0.6863923154954287,0.0,1.0148471073971397
1,1,colline,promontoire,promontoire,0.4178863020245722,promontoire_1,surplomber,0.6807289719581604,1.0,0.27272211254561946,0.7403385464588808,0.7300862891708706,1.0148471073971397
1,1,colline,promontoire,promontoire,0.4178863020245722,promontoire_1,plain,0.6221094727516174,0.9463958359529996,0.27289341644414533,0.7128251642988507,0.7300862891708706,1.0148471073971397
1,2,colline,surplomber,surplomber,0.8492591617900075,surplomber_2,percher,0.4878169894218445,0.8807795290152531,0.24676154271316317,0.6478814953271499,0.6187505199493928,0.9553005724837024
1,2,colline,surplomber,surplomber,0.8492591617900075,surplomber_2,à-pic,0.5067345499992371,0.9676738215277834,0.2989653645714966,0.7226334526013636,0.6187505199493928,0.9553005724837024
1,3,colline,à-pic,à-pic,0.29109238181942276,à-pic_3,rocheux,0.37387555837631226,0.8439799853242135,0.38461399617030173,0.6861412613267862,0.6156633080316924,0.8992479528549934
1,3,colline,à-pic,à-pic,0.29109238181942276,à-pic_3,majestueux,0.3652917444705963,0.9375958244657632,0.5051868801681648,0.7874287022826456,0.6156633080316924,0.8992479528549934
1,4,colline,majestueux,majestueux,0.7631375691763358,majestueux_4,rocher,0.2706551253795624,0.7875895195839377,0.5514892219783025,0.706929551593497,0.7173060812555914,0.846484241720364
1,4,colline,majestueux,majestueux,0.7631375691763358,majestueux_4,percher,0.2732798457145691,0.8433433336112359,0.5032135491325603,0.7274366359134219,0.7173060812555914,0.846484241720364
1,5,colline,percher,percher,0.23337566772460028,percher_5,serpenter,0.20228327810764313,0.8825624937742684,0.6538116964161302,0.804415076606323,0.6776496718312006,0.7968164611395487
1,5,colline,percher,percher,0.23337566772460028,percher_5,serpenter,0.20228327810764313,0.8985624937742684,0.5228116964161302,0.7670073761787642,0.6776496718312006,0.7968164611395487
1,6,colline,serpenter,serpenter,0.7352753215912938,serpenter,,,,,,0.7312786870723598,0.7500629562253548
