num_path,num_step,cue,best_word,temporary_best_word,q-value,current_word,neighbours,similarity,adequacy,originality,likeability,likeability_to_cue,goal_value
1,0,jeunesse,jeunesse,jeunesse,0.0,jeunesse_0,jeune,0.7805180549621582,0.9145406920235699,0.1587858716374171,0.6415502407089303,0.0,1.0148471073971397
1,0,jeunesse,jeunesse,jeunesse,0.0,jeunesse_0,éducation,0.7697813510894775,0.977540399345067,0.24077547226513557,0.7136469246422111,0.0,1.0148471073971397
1,1,jeunesse,éducation,éducation,0.42469995431126784,éducation_1,citoyenneté,0.5553609728813171,0.9547397041389329,0.33981271644686856,0.7412050078610886,0.6310731031986725,1.0148471073971397
1,1,jeunesse,éducation,éducation,0.42469995431126784,éducation_1,école,0.5433406829833984,0.9334317624348458,0.314673936796362,0.7158217772990683,0.6310731031986725,1.0148471073971397
1,2,jeunesse,citoyenneté,citoyenneté,0.856289429427255,citoyenneté_2,éducatif,0.47221946716308594,0.8171962188979984,0.4004555190903886,0.6724934456631577,0.6675074789854248,0.9553005724837024
1,2,jeunesse,citoyenneté,citoyenneté,0.856289429427255,citoyenneté_2,civique,0.4139209985733032,0.7976267272640686,0.4767746298318671,0.6857064854049774,0.6675074789854248,0.9553005724837024
1,3,jeunesse,civique,civique,0.28889090765757375,civique_3,culture,0.2509807050228119,0.9365678646601759,0.5508115955282131,0.803563161548088,0.700922400699339,0.8992479528549934
1,3,jeunesse,civique,civique,0.28889090765757375,civique_3,culturel,0.2505575120449066,0.8924309118848253,0.5351894177855221,0.7672350534619796,0.700922400699339,0.8992479528549934
1,4,jeunesse,culture,culture,0.7649697098308474,culture_4,éducatif,0.23435693979263306,0.8129411771049174,0.5888233398633672,0.7354182985920131,0.6871603019498812,0.846484241720364
1,4,jeunesse,culture,culture,0.7649697098308474,culture_4,éducatif,0.23435693979263306,0.8349411771049174,0.5138233398633671,0.7227993240513299,0.6871603019498812,0.846484241720364
1,5,jeunesse,éducatif,éducatif,0.2372032240487597,éducatif_5,culturel,0.1699533313512802,0.8348526345705422,0.668490326611326,0.7782058629512889,0.6737002832065591,0.7968164611395487
1,5,jeunesse,éducatif,éducatif,0.2372032240487597,éducatif_5,pédagogique,0.11634799093008041,0.7998716350002434,0.5814969738433607,0.725283036495283,0.6737002832065591,0.7968164611395487
1,6,jeunesse,culturel,culturel,0.7325505745016947,culturel,,,,,,0.7013878465795249,0.7500629562253548
