num_path,num_step,cue,best_word,temporary_best_word,q-value,current_word,neighbours,similarity,adequacy,originality,likeability,likeability_to_cue,goal_value
1,0,herbe,herbe,herbe,0.0,herbe_0,liseron,0.755704402923584,0.9436334398885893,0.25388613028011126,0.7000637490163535,0.0,1.0148471073971397
1,0,herbe,herbe,herbe,0.0,herbe_0,gazon,0.7550125122070312,0.8774018303469673,0.16233249163651253,0.6224741930700256,0.0,1.0148471073971397
1,1,herbe,liseron,liseron,0.42130416040480345,liseron_1,chiendent,0.5489165186882019,0.8500321103184096,0.21402103198161135,0.6178157026971315,0.6791433455478181,1.0148471073971397
1,1,herbe,liseron,liseron,0.42130416040480345,liseron_1,pissenlit,0.5640798807144165,0.9077237402312817,0.258141074895929,0.6727988694245592,0.6791433455478181,1.0148471073971397
1,2,herbe,pissenlit,pissenlit,-0.16420789908834166,pissenlit_2,giroflée,0.42847326397895813,0.8744082031114746,0.47124253334166805,0.7320967773750412,0.700542665884444,0.9553005724837024
1,2,herbe,pissenlit,pissenlit,-0.16420789908834166,pissenlit_2,achillée,0.42225709557533264,0.8896618596276984,0.38272238775451073,0.7149520978087228,0.700542665884444,0.9553005724837024
1,3,herbe,giroflée,giroflée,0.27999115213449305,giroflée_3,campanule,0.31741568446159363,0.812437385380911,0.4351220806691016,0.6802075389953169,0.7279424365315404,0.8992479528549934
1,3,herbe,giroflée,giroflée,0.27999115213449305,giroflée_3,achillée,0.32834601402282715,0.7807652410417036,0.5262616134102958,0.6929449512877233,0.7279424365315404,0.8992479528549934
1,4,herbe,achillée,achillée,-0.27158459825732445,achillée_4,serpolet,0.2238772064447403,0.9291245403417802,0.6284701600561129,0.8261515438948915,0.7477566039325111,0.846484241720364
1,4,herbe,achillée,achillée,-0.27158459825732445,achillée_4,renoncule,0.2436247617006302,0.7681411573200212,0.50241090107619,0.6767461546194111,0.7477566039325111,0.846484241720364
1,5,herbe,achillée,serpolet,0.22333222728630747,serpolet,,,,,,0.737459040347025,0.7968164611395487
