num_path,num_step,cue,best_word,temporary_best_word,q-value,current_word,neighbours,similarity,adequacy,originality,likeability,likeability_to_cue,goal_value
1,0,position,position,position,0.0,position_0,posture,0.7351291179656982,0.9761120458459592,0.26810963171473995,0.724254873730645,0.0,1.0148471073971397
1,0,position,position,position,0.0,position_0,opposition,0.7189425826072693,0.8954884979956009,0.15245012047024759,0.6159806109163709,0.0,1.0148471073971397
1,1,position,posture,posture,0.4273519415833763,posture_1,attitude,0.5628529191017151,0.8995832516619632,0.24793775206966423,0.6741724564811162,0.7318804973680485,1.0148471073971397
1,1,position,posture,posture,0.4273519415833763,posture_1,tactique,0.47951948642730713,0.9419416399457321,0.3934335048110342,0.7493572552873331,0.7318804973680485,1.0148471073971397
1,2,position,tactique,tactique,0.8609794785559246,tactique_2,défensive,0.3247273862361908,0.9010113861113404,0.37318136678792,0.713663489148957,0.7518489243053684,0.9553005724837024
1,2,position,tactique,tactique,0.8609794785559246,tactique_2,adversaire,0.3607105016708374,0.9378281291698196,0.5197220195405756,0.7930481509319869,0.7518489243053684,0.9553005724837024
1,3,position,adversaire,adversaire,1.3204163731679959,adversaire_3,défensif,0.24379786849021912,0.8841994011789147,0.6132548158458521,0.791529869590714,0.6854324657840777,0.8992479528549934
1,3,position,adversaire,adversaire,1.3204163731679959,adversaire_3,force,0.22901950776576996,0.8010240948166917,0.5527185457009339,0.7159096897494479,0.6854324657840777,0.8992479528549934
1,4,position,défensif,défensif,0.7934868523519261,défensif_4,adverse,0.1825186312198639,0.7568514427915,0.6039987039449218,0.7049125880011562,0.681376914922883,0.846484241720364
1,4,position,défensif,défensif,0.7934868523519261,défensif_4,offensive,0.1457148790359497,0.7862085186873213,0.5642565138916427,0.7097021750472852,0.681376914922883,0.846484241720364
1,5,position,offensive,offensive,0.25929133568365637,offensive_5,offensif,0.14350108802318573,0.7099805420563323,0.6215636202886737,0.6798377956573177,0.6903280417131352,0.7968164611395487
1,5,position,offensive,offensive,0.25929133568365637,offensive_5,défensive,0.14318135380744934,0.8918021496197582,0.5738974668147208,0.7809294902958516,0.6903280417131352,0.7968164611395487
1,6,position,défensive,défensive,0.7553195929727321,défensive,,,,,,0.8103318301943363,0.7500629562253548
