num_path,num_step,cue,best_word,temporary_best_word,q-value,current_word,neighbours,similarity,adequacy,originality,likeability,likeability_to_cue,goal_value
1,0,passage,passage,passage,0.0,passage_0,demi-tour,0.7239840030670166,1.0,0.29223449824442815,0.7416605819904426,0.0,1.0148471073971397
1,0,passage,passage,passage,0.0,passage_0,descente,0.722865879535675,0.8675700719560251,0.2149480463776978,0.6304497513759177,0.0,1.0148471073971397
1,1,passage,demi-tour,demi-tour,0.4317033686483257,demi-tour_1,virage,0.5381296277046204,0.8578794853284325,0.35109825069411676,0.6755713873552001,0.6510836641464821,1.0148471073971397
1,1,passage,demi-tour,demi-tour,0.4317033686483257,demi-tour_1,descendre,0.5493748188018799,1.0,0.24172128072946542,0.7383482005490152,0.6510836641464821,1.0148471073971397
1,2,passage,descendre,descendre,-0.13742135806370548,descendre_2,descente,0.42168939113616943,0.9645926465070926,0.36713292076762666,0.7578266774165806,0.7972651074654842,0.9553005724837024
1,2,passage,descendre,descendre,-0.13742135806370548,descendre_2,arriver,0.4027283489704132,0.816168400031688,0.44898398916237375,0.6866665389972196,0.7972651074654842,0.9553005724837024
1,3,passage,descente,descente,0.3132101681695141,descente_3,raidillon,0.3148810565471649,0.9088754912076084,0.4511944653232322,0.7530292118470332,0.6563537999743055,0.8992479528549934
1,3,passage,descente,descente,0.3132101681695141,descente_3,longer,0.2938813269138336,0.8988798134052971,0.5006297975510654,0.7617404892250603,0.6563537999743055,0.8992479528549934
1,4,passage,longer,longer,0.7788333022620308,longer_4,bifurquer,0.22720643877983093,0.8233602900375417,0.5633898830179269,0.7347382034907054,0.6682812968331463,0.846484241720364
1,4,passage,longer,longer,0.7788333022620308,longer_4,bifurquer,0.22720643877983093,0.9013602900375418,0.6493898830179269,0.814573138216952,0.6682812968331463,0.846484241720364
1,5,passage,descendre,bifurquer,1.2708555263861778,bifurquer,,,,,,0.7911015116968535,0.7968164611395487
