num_path,num_step,cue,best_word,temporary_best_word,q-value,current_word,neighbours,similarity,adequacy,originality,likeability,likeability_to_cue,goal_value
1,0,cause,cause,cause,0.0,cause_0,invoquer,0.7445297241210938,1.0,0.2010803314533159,0.7180656164693998,0.0,1.0148471073971397
1,0,cause,cause,cause,0.0,cause_0,conséquence,0.7792401313781738,0.94905252931102,0.2046197923239232,0.6922648037857145,0.0,1.0148471073971397
1,1,cause,invoquer,invoquer,0.425804627268065,invoquer_1,raison,0.5945380926132202,0.9734677247406476,0.2864986854417604,0.725329352435538,0.6547820172142352,1.0148471073971397
1,1,cause,invoquer,invoquer,0.425804627268065,invoquer_1,raison,0.5945380926132202,0.8344677247406477,0.20449868544176036,0.6118744860699601,0.6547820172142352,1.0148471073971397
1,2,cause,raison,raison,0.8534251885276646,raison_2,justifier,0.4345398247241974,0.9241173835373974,0.43489712650421075,0.7535575656515732,0.7193974244829893,0.9553005724837024
1,2,cause,raison,raison,0.8534251885276646,raison_2,considérer,0.40269526839256287,0.9391639647872149,0.5010083973883361,0.7871456789970072,0.7193974244829893,0.9553005724837024
1,3,cause,considérer,considérer,1.3113864651559908,considérer_3,légitime,0.31208181381225586,0.9282449803102913,0.4444910872979728,0.759668553336871,0.7653445235030489,0.8992479528549934
1,3,cause,considérer,considérer,1.3113864651559908,considérer_3,prétendre,0.33991631865501404,0.8620687157585654,0.551014396210663,0.753764651126957,0.7653445235030489,0.8992479528549934
1,4,cause,légitime,légitime,0.7764916152764602,légitime_4,fait,0.24195237457752228,0.8965756084518978,0.60892080349249,0.79850974653512,0.6352997645483728,0.846484241720364
1,4,cause,légitime,légitime,0.7764916152764602,légitime_4,justifier,0.26368948817253113,0.7795335003046641,0.4355683635304937,0.6607072897998822,0.6352997645483728,0.846484241720364
1,5,cause,considérer,fait,1.264497991480149,fait,,,,,,0.7593409247115436,0.7968164611395487
