num_path,num_step,cue,best_word,temporary_best_word,q-value,current_word,neighbours,similarity,adequacy,originality,likeability,likeability_to_cue,goal_value
1,0,passion,passion,passion,0.0,passion_0,désir,0.7633539438247681,0.8582533844327166,0.19794241699602974,0.6177047163063502,0.0,1.0148471073971397
1,0,passion,passion,passion,0.0,passion_0,amoureux,0.7612277269363403,0.8705141653869156,0.11031818535918475,0.5918906122247015,0.0,1.0148471073971397
1,1,passion,désir,désir,0.4007144022273026,désir_1,amour,0.6370092034339905,0.9427871658464848,0.2064257325121748,0.6891545397092526,0.6786486535307464,1.0148471073971397
1,1,passion,désir,désir,0.4007144022273026,désir_1,sentiment,0.5676401853561401,0.962135378954644,0.30083194004542957,0.7257541079193942,0.6786486535307464,1.0148471073971397
1,2,passion,sentiment,sentiment,0.8284411523578662,sentiment_2,ressentir,0.41690945625305176,0.8600025532536594,0.3365989567990834,0.6746936013626134,0.7508749927371795,0.9553005724837024
1,2,passion,sentiment,sentiment,0.8284411523578662,sentiment_2,émotion,0.4586050808429718,0.8857753898977516,0.34090542117505884,0.6943353185112499,0.7508749927371795,0.9553005724837024
1,3,passion,émotion,émotion,0.26319983886475307,émotion_3,inassouvi,0.2941671311855316,0.7749520457735274,0.4323892569812921,0.6582727603306289,0.7453368275139359,0.8992479528549934
1,3,passion,émotion,émotion,0.26319983886475307,émotion_3,ressentir,0.33977243304252625,0.842041040890159,0.527128577005445,0.7319960327338345,0.7453368275139359,0.8992479528549934
1,4,passion,ressentir,ressentir,0.7213868588344634,ressentir_4,éprouver,0.270744651556015,0.9276154179625071,0.43541146689435567,0.7584388992887046,0.7183161404181885,0.846484241720364
1,4,passion,ressentir,ressentir,0.7213868588344634,ressentir_4,éprouver,0.270744651556015,0.9086154179625072,0.4714114668943557,0.7584633923269319,0.7183161404181885,0.846484241720364
1,5,passion,éprouver,éprouver,1.1993816464861053,éprouver_5,sensation,0.16248615086078644,0.8401109045903913,0.6000247937990308,0.7571583604984908,0.792766410988876,0.7968164611395487
1,5,passion,éprouver,éprouver,1.1993816464861053,éprouver_5,angoisse,0.16504891216754913,0.8954101993364721,0.6894294970470576,0.8247661446497805,0.792766410988876,0.7968164611395487
1,6,passion,éprouver,angoisse,1.7063690673636633,angoisse,,,,,,0.714417270164979,0.7500629562253548
