num_path,num_step,cue,best_word,temporary_best_word,q-value,current_word,neighbours,similarity,adequacy,originality,likeability,likeability_to_cue,goal_value
1,0,école,école,école,0.0,école_0,collège,0.8383553624153137,0.8943192092414535,0.13636302110516205,0.6247887459497931,0.0,1.0148471073971397
1,0,école,école,école,0.0,école_0,enseignant,0.8256008625030518,0.9049827368892345,0.049963960459902326,0.6025460407744679,0.0,1.0148471073971397
1,1,école,collège,collège,0.40248540963816337,collège_1,enseignant,0.6729078888893127,1.0,0.15367673399857545,0.6837261537807638,0.6303726964257813,1.0148471073971397
1,1,école,collège,collège,0.40248540963816337,collège_1,enseignant,0.6729078888893127,0.8654941301157586,0.22867673399857547,0.6462567137144959,0.6303726964257813,1.0148471073971397
1,2,école,enseignant,enseignant,0.8197051712340694,enseignant_2,enseignement,0.5313906669616699,0.8091761845516035,0.33754217752084886,0.6408487396744726,0.6211847269164952,0.9553005724837024
1,2,école,enseignant,enseignant,0.8197051712340694,enseignant_2,pédagogique,0.5449352860450745,0.8886024075178898,0.3236281106886536,0.6872507454526149,0.6211847269164952,0.9553005724837024
1,3,école,pédagogique,pédagogique,1.2526927144762974,pédagogique_3,élève,0.5237159729003906,0.8853876040739582,0.4146256606415897,0.7220789448893071,0.6473961188519926,0.8992479528549934
1,3,école,pédagogique,pédagogique,1.2526927144762974,pédagogique_3,élève,0.5237159729003906,0.8703876040739582,0.2536256606415897,0.6569233251133596,0.6473961188519926,0.8992479528549934
1,4,école,élève,élève,1.7084004624848759,élève_4,professeur,0.3067101836204529,0.9160052282409684,0.5799216102189861,0.8010612852759847,0.7153833691169079,0.846484241720364
1,4,école,élève,élève,1.7084004624848759,élève_4,lycée,0.35734692215919495,0.9462511210677182,0.3443297906753243,0.7293568478866254,0.7153833691169079,0.846484241720364
1,5,école,professeur,professeur,2.1970447233737813,professeur,,,,,,0.7526374473196262,0.7968164611395487
