num_path,num_step,cue,best_word,temporary_best_word,q-value,current_word,neighbours,similarity,adequacy,originality,likeability,similarity_to_cue,adequacy_to_cue,originality_to_cue,likeability_to_cue,goal_value
1,0,toit,toit,toit,0.0,toit_0,toiture,0.7951353192329407,0.9123627955353505,0.0792060138440906,0.7397795528683284,1.0,1.0,0.0,0.0,0.9726925386872654
1,0,toit,toit,toit,0.0,toit_0,chaume,0.7642195224761963,0.8935567702788053,0.0763819704966274,0.7215689238146737,1.0,1.0,0.0,0.0,0.9726925386872654
1,1,toit,toiture,toiture,0.44177175354526577,toiture_1,appentis,0.5989871621131897,1.0,0.2746483193511222,0.8533179513641601,0.5902720093727112,0.9069099567271982,0.18123583767999704,0.757488563463523,0.9726925386872654
1,1,toit,toiture,toiture,0.44177175354526577,toiture_1,tuile,0.5881982445716858,0.8116431300585135,0.1925678734999334,0.6768370351435711,0.5902720093727112,0.9069099567271982,0.18123583767999704,0.757488563463523,0.9726925386872654
1,2,toit,appentis,appentis,0.9119281067144894,appentis_2,faîtage,0.43437182903289795,0.8830979857893188,0.38901711173973696,0.7829357405266103,0.5261662006378174,0.8416381183206432,0.37700002447640224,0.7476357871117318,0.9313758492402814
1,2,toit,appentis,appentis,0.9119281067144894,appentis_2,façade,0.43131929636001587,0.9437431661625354,0.3422007195007211,0.8193581921191783,0.5261662006378174,0.8416381183206432,0.37700002447640224,0.7476357871117318,0.9313758492402814
1,3,toit,façade,façade,0.38392369243421365,façade_3,faîtage,0.3250724673271179,0.9630839829475296,0.5209023548864435,0.8750332123173318,0.4445110559463501,0.8012460835184978,0.3308102188293182,0.7032261142199873,0.8918141530300733
1,3,toit,façade,façade,0.38392369243421365,façade_3,encorbellement,0.3164660930633545,0.8302278688945589,0.38589770276933333,0.742275958493986,0.4445110559463501,0.8012460835184978,0.3308102188293182,0.7032261142199873,0.8918141530300733
1,4,toit,toiture,faîtage,0.8797284572560282,faîtage,,,,,,0.4280974566936493,0.8053636643844436,0.3125125778673177,0.7081329471454637,0.8539329038792403
