num_path,num_step,cue,best_word,temporary_best_word,q-value,current_word,neighbours,similarity,adequacy,originality,likeability,similarity_to_cue,adequacy_to_cue,originality_to_cue,likeability_to_cue,goal_value
1,0,pierre,pierre,pierre,0.0,pierre_0,jean,0.803948700428009,0.9090911624782299,0.08139070848596736,0.717635150416022,1.0,1.0,0.0,0.0,0.9726925386872654
1,0,pierre,pierre,pierre,0.0,pierre_0,jacques,0.7517344951629639,1.0,0.2394455400705668,0.8364399493572483,1.0,1.0,0.0,0.0,0.9726925386872654
1,1,pierre,jacques,jacques,0.46593685266749574,jacques_1,jean,0.6520532369613647,0.9714239227994969,0.19488636214228588,0.812817871834088,0.5034703612327576,0.9633470862772433,0.3381604961221736,0.836430535260567,0.9726925386872654
1,1,pierre,jacques,jacques,0.46593685266749574,jacques_1,claude,0.5954958200454712,0.9535946254205248,0.32288474962418884,0.8197309607125517,0.5034703612327576,0.9633470862772433,0.3381604961221736,0.836430535260567,0.9726925386872654
1,2,pierre,claude,claude,-0.0723035418261827,claude_2,jean,0.5344196557998657,0.8944908984642356,0.35854252180966545,0.7869579263827292,0.49074116349220276,0.9760731638810038,0.32277154301788946,0.8458284850289476,0.9313758492402814
1,2,pierre,claude,claude,-0.0723035418261827,claude_2,alain,0.4510314464569092,0.8409622374818847,0.36721196476886453,0.7423294789571565,0.49074116349220276,0.9760731638810038,0.32277154301788946,0.8458284850289476,0.9313758492402814
1,3,pierre,jean,jean,-0.6084080225405707,jean_3,alain,0.3430714011192322,0.8636696015091793,0.35451575828233184,0.758734507586094,0.607899010181427,0.824297318779378,0.3609506264932216,0.7309549869979418,0.8918141530300733
1,3,pierre,jean,jean,-0.6084080225405707,jean_3,marc,0.32605215907096863,0.9532892704080204,0.5401108994260126,0.8727452473652778,0.607899010181427,0.824297318779378,0.3609506264932216,0.7309549869979418,0.8918141530300733
1,4,pierre,claude,marc,-0.11317524895676956,marc,,,,,,0.445576012134552,0.8823641585205226,0.3270572855450273,0.770316594207643,0.8539329038792403
