num_path,num_step,cue,best_word,temporary_best_word,q-value,current_word,neighbours,similarity,adequacy,originality,likeability,similarity_to_cue,adequacy_to_cue,originality_to_cue,likeability_to_cue,goal_value
1,0,garçon,garçon,garçon,0.0,garçon_0,fille,0.9276164174079895,0.981592212482887,0.08447679721628129,0.7758157080342463,1.0,1.0,0.0,0.0,0.9726925386872654
1,0,garçon,garçon,garçon,0.0,garçon_0,gamin,0.8080626130104065,0.9838893830424916,0.08466541220940421,0.7888879286675836,1.0,1.0,0.0,0.0,0.9726925386872654
1,1,garçon,gamin,gamin,0.45404884749507957,gamin_1,fille,0.7431296110153198,0.9435592164429603,0.2159795747771792,0.7856678638279927,0.6161267757415771,0.85649190070807,0.2087027737463389,0.7274107498804198,0.9726925386872654
1,1,garçon,gamin,gamin,0.45404884749507957,gamin_1,gosse,0.6610826253890991,0.8751239139342488,0.2241662761648614,0.7359060911763361,0.6161267757415771,0.85649190070807,0.2087027737463389,0.7274107498804198,0.9726925386872654
1,2,garçon,fille,fille,-0.09270732121973857,fille_2,fillette,0.5154464244842529,0.8545490649209418,0.36313146878358427,0.7533219513638131,0.8552346229553223,1.0,0.1688507194853121,0.8214878975634986,0.9313758492402814
1,2,garçon,fille,fille,-0.09270732121973857,fille_2,gosse,0.5053176283836365,0.8645319432793521,0.31491759495020677,0.7530920208538233,0.8552346229553223,1.0,0.1688507194853121,0.8214878975634986,0.9313758492402814
1,3,garçon,fillette,fillette,-0.6372207956888557,fillette_3,mère,0.4077497124671936,0.961832898519022,0.4562890032753229,0.8627387069860324,0.6068196296691895,0.9231445928760617,0.2516399291651532,0.7889439246158961,0.8918141530300733
1,3,garçon,fillette,fillette,-0.6372207956888557,fillette_3,grand-mère,0.35974305868148804,0.833663342794863,0.5054710057342041,0.769670257034174,0.6068196296691895,0.9231445928760617,0.2516399291651532,0.7889439246158961,0.8918141530300733
1,4,garçon,fille,mère,-0.14448965719986595,mère,,,,,,0.5678308606147766,0.8771575958970794,0.2627083797331269,0.7531541023309752,0.8539329038792403
