num_path,num_step,cue,best_word,temporary_best_word,q-value,current_word,neighbours,similarity,adequacy,originality,likeability,similarity_to_cue,adequacy_to_cue,originality_to_cue,likeability_to_cue,goal_value
1,0,jambe,jambe,jambe,0.0,jambe_0,genou,0.8712770938873291,1.0,0.11975997427851257,0.8069612679203718,1.0,1.0,0.0,0.0,0.9726925386872654
1,0,jambe,jambe,jambe,0.0,jambe_0,bras,0.8582901954650879,0.98102227591179,0.08474989395046785,0.781989045604034,1.0,1.0,0.0,0.0,0.9726925386872654
1,1,jambe,genou,genou,0.45856718230827664,genou_1,bras,0.6994869112968445,0.9904749957415515,0.16882579823104074,0.8233237587962299,0.7425558567047119,0.9863800321484446,0.1403479465972697,0.8007945420413719,0.9726925386872654
1,1,jambe,genou,genou,0.45856718230827664,genou_1,épaule,0.6822256445884705,0.9934837867373107,0.1317737270065101,0.8050096392907059,0.7425558567047119,0.9863800321484446,0.1403479465972697,0.8007945420413719,0.9726925386872654
1,2,jambe,bras,bras,0.9212249873355178,bras_2,épaule,0.5644133687019348,0.846762044493782,0.2439246184665817,0.7167415350655492,0.716582179069519,0.8808495006256258,0.289954288067919,0.7607816201552681,0.9313758492402814
1,2,jambe,bras,bras,0.9212249873355178,bras_2,hanche,0.4981900155544281,0.835818994439937,0.2527225614764784,0.7103502493347319,0.716582179069519,0.8808495006256258,0.289954288067919,0.7607816201552681,0.9313758492402814
1,3,jambe,épaule,épaule,0.3675664087918348,épaule_3,nuque,0.40647757053375244,0.7916661705316199,0.4712232454770992,0.7293555412569981,0.6618872880935669,0.8872799209760152,0.21665662397897367,0.7428301707970663,0.8918141530300733
1,3,jambe,épaule,épaule,0.3675664087918348,épaule_3,hanche,0.3988361656665802,0.969641229015216,0.4628617799990858,0.8683964732095297,0.6618872880935669,0.8872799209760152,0.21665662397897367,0.7428301707970663,0.8918141530300733
1,4,jambe,genou,hanche,0.8617119888366989,hanche,,,,,,0.6309537291526794,0.9347902245304013,0.22427059777705086,0.7792069619966946,0.8539329038792403
