num_path,num_step,cue,best_word,temporary_best_word,q-value,current_word,neighbours,similarity,adequacy,originality,likeability,similarity_to_cue,adequacy_to_cue,originality_to_cue,likeability_to_cue,goal_value
1,0,façon,façon,façon,0.0,façon_0,manière,0.9515303373336792,1.0,0.10465801112151524,0.8041474421588212,1.0,1.0,0.0,0.0,0.9726925386872654
1,0,façon,façon,façon,0.0,façon_0,pouvoir,0.8073113560676575,0.9365582163768229,0.18816361839217627,0.7820790336652224,1.0,1.0,0.0,0.0,0.9726925386872654
1,1,façon,manière,manière,0.4578637258678889,manière_1,pouvoir,0.6332619786262512,0.9001660780492975,0.2438045697530128,0.7632251056587835,0.9030624628067017,1.0,0.03230704219482653,0.7869324969077311,0.9726925386872654
1,1,façon,manière,manière,0.4578637258678889,manière_1,sorte,0.6304010152816772,0.990700974635895,0.30462172375327107,0.8519275518371058,0.9030624628067017,1.0,0.03230704219482653,0.7869324969077311,0.9726925386872654
1,2,façon,sorte,sorte,0.927672479155349,sorte_2,pouvoir,0.5081000328063965,0.9738106410175884,0.39704861476481984,0.85413343360775,0.5914469957351685,0.9390623759949291,0.3414815509604198,0.8143414208242127,0.9313758492402814
1,2,façon,sorte,sorte,0.927672479155349,sorte_2,supposer,0.48110148310661316,0.9761020486949215,0.44734916222812016,0.869417453575344,0.5914469957351685,0.9390623759949291,0.3414815509604198,0.8143414208242127,0.9313758492402814
1,3,façon,supposer,supposer,1.4121828802391145,supposer_3,pouvoir,0.4033300578594208,0.8202489400397104,0.36354017443418657,0.7259287336866626,0.5417816042900085,0.9692656863281228,0.21469737359387178,0.8129885747869658,0.8918141530300733
1,3,façon,supposer,supposer,1.4121828802391145,supposer_3,agir,0.3884570300579071,0.9761803440475187,0.455595862812735,0.8714197217361787,0.5417816042900085,0.9692656863281228,0.21469737359387178,0.8129885747869658,0.8918141530300733
1,4,façon,sorte,agir,1.907084272415641,agir,,,,,,0.5567828416824341,0.8198979854621762,0.2548861124359348,0.7014447167418856,0.8539329038792403
