num_path,num_step,cue,best_word,temporary_best_word,q-value,current_word,neighbours,similarity,adequacy,originality,likeability,similarity_to_cue,adequacy_to_cue,originality_to_cue,likeability_to_cue,goal_value
1,0,cause,cause,cause,0.0,cause_0,raison,0.7895205020904541,1.0,0.09389508007359587,0.8133759634850348,1.0,1.0,0.0,0.0,0.9726925386872654
1,0,cause,cause,cause,0.0,cause_0,conséquence,0.7792401313781738,1.0,0.10461979232392321,0.8082458612940298,1.0,1.0,0.0,0.0,0.9726925386872654
1,1,cause,raison,raison,0.46017085619944237,raison_1,fait,0.5970491170883179,0.8828017838650771,0.2438894486821888,0.7540289527193976,0.5790425539016724,1.0,0.18646128936522297,0.8329002052815624,0.9726925386872654
1,1,cause,raison,raison,0.46017085619944237,raison_1,tort,0.5964832901954651,0.9287261274853829,0.27325195274569813,0.789477940989225,0.5790425539016724,1.0,0.18646128936522297,0.8329002052815624,0.9726925386872654
1,2,cause,tort,tort,-0.08563279322506773,tort_2,fait,0.46822312474250793,0.9527838076794396,0.34621787691359435,0.8283370155162088,0.438371866941452,0.9065563083341192,0.4221655291606013,0.809120459440637,0.9313758492402814
1,2,cause,tort,tort,-0.08563279322506773,tort_2,prétendre,0.45745760202407837,0.8266533654844468,0.29170708033928294,0.7164092458700814,0.438371866941452,0.9065563083341192,0.4221655291606013,0.809120459440637,0.9313758492402814
1,3,cause,fait,fait,0.3886074983439141,fait_3,prétendre,0.35484835505485535,0.9438149954913919,0.5032737103514153,0.8572893006343816,0.4628162384033203,0.8682199300842917,0.397970402841062,0.7715082868770291,0.8918141530300733
1,3,cause,fait,fait,0.3886074983439141,fait_3,nier,0.34149888157844543,0.8143715350569736,0.49975988652846653,0.7518293617238403,0.4628162384033203,0.8682199300842917,0.397970402841062,0.7715082868770291,0.8918141530300733
1,4,cause,raison,prétendre,0.8799762852449913,prétendre,,,,,,0.4617345929145813,0.8521062235405126,0.44972322502373807,0.7733231075421625,0.8539329038792403
