num_path,num_step,cue,best_word,temporary_best_word,q-value,current_word,neighbours,similarity,adequacy,originality,likeability,similarity_to_cue,adequacy_to_cue,originality_to_cue,likeability_to_cue,goal_value
1,0,avis,avis,avis,0.0,avis_0,consultatif,0.7245305180549622,0.9700364171316073,0.09488565314486172,0.7859410270940501,1.0,1.0,0.0,0.0,0.9726925386872654
1,0,avis,avis,avis,0.0,avis_0,compétent,0.7220664024353027,0.941347682647218,0.23145811579394013,0.7900568329736403,1.0,1.0,0.0,0.0,0.9726925386872654
1,1,avis,compétent,compétent,0.4543410735715937,compétent_1,notifier,0.5550743937492371,0.969707900619164,0.23899955591254302,0.8156437979159525,0.44413429498672485,0.871204202802376,0.39607677292324184,0.7776901680882858,0.9726925386872654
1,1,avis,compétent,compétent,0.4543410735715937,compétent_1,consultatif,0.5412647724151611,0.8052107951079518,0.3020368415360367,0.7025134641719712,0.44413429498672485,0.871204202802376,0.39607677292324184,0.7776901680882858,0.9726925386872654
1,2,avis,notifier,notifier,0.9150788883787655,notifier_2,notification,0.4740673005580902,0.8703858022148644,0.3631814182821022,0.7645674097636387,0.4421377182006836,0.8179813012855363,0.2844909138510162,0.7062086115686605,0.9313758492402814
1,2,avis,notifier,notifier,0.9150788883787655,notifier_2,intéressé,0.4275337755680084,0.8072967226272868,0.44391781279974873,0.7345413036270138,0.4421377182006836,0.8179813012855363,0.2844909138510162,0.7062086115686605,0.9313758492402814
1,3,avis,notification,notification,0.3733767785096048,notification_3,délai,0.3456096947193146,0.9801448448161442,0.42451259959553983,0.8680680047429761,0.4068782925605774,0.8227188063630853,0.44592882515945714,0.749008179731919,0.8918141530300733
1,3,avis,notification,notification,0.3733767785096048,notification_3,intéressé,0.3300958573818207,0.8201239531177973,0.549854497612136,0.7665869595463022,0.4068782925605774,0.8227188063630853,0.44592882515945714,0.749008179731919,0.8918141530300733
1,4,avis,compétent,délai,0.8674402414378305,délai,,,,,,0.371812641620636,0.8046536147317591,0.46418765388076755,0.7362399864011285,0.8539329038792403
