num_path,num_step,cue,best_word,temporary_best_word,q-value,current_word,neighbours,similarity,adequacy,originality,likeability,similarity_to_cue,adequacy_to_cue,originality_to_cue,likeability_to_cue,goal_value
1,0,mur,mur,mur,0.0,mur_0,renfoncement,0.7815981507301331,0.946955856551705,0.09808061059802958,0.7582167957200968,1.0,1.0,0.0,0.0,0.9726925386872654
1,0,mur,mur,mur,0.0,mur_0,muraille,0.7666422128677368,0.9814135172438544,0.24781215041957821,0.8291321613865331,1.0,1.0,0.0,0.0,0.9726925386872654
1,1,mur,muraille,muraille,0.4641099056748169,muraille_1,rempart,0.6208340525627136,0.8262005437554351,0.2457050905435323,0.7108340730774436,0.5332858562469482,0.8113728404311541,0.26629059458714177,0.7028029937012795,0.9726925386872654
1,1,mur,muraille,muraille,0.4641099056748169,muraille_1,pont-levis,0.5528085231781006,0.9844575754145435,0.2784777972612061,0.841288246943803,0.5332858562469482,0.8113728404311541,0.26629059458714177,0.7028029937012795,0.9726925386872654
1,2,mur,pont-levis,pont-levis,0.9312588327389513,pont-levis_2,rempart,0.4971143901348114,0.8927114101801985,0.3404498803589436,0.781515735954366,0.42388999462127686,0.9288599375418035,0.33054287932712717,0.8040076136398224,0.9313758492402814
1,2,mur,pont-levis,pont-levis,0.9312588327389513,pont-levis_2,mâchicoulis,0.4454813301563263,0.9673536789624653,0.40512419600701366,0.8554748033450246,0.42388999462127686,0.9288599375418035,0.33054287932712717,0.8040076136398224,0.9313758492402814
1,3,mur,mâchicoulis,mâchicoulis,1.412283571265137,mâchicoulis_3,rempart,0.3938378095626831,0.9859479911745656,0.3445753269571774,0.8575132472437687,0.3969007134437561,0.9133750032960507,0.36129732916770163,0.8015189562001745,0.8918141530300733
1,3,mur,mâchicoulis,mâchicoulis,1.412283571265137,mâchicoulis_3,échauguette,0.3558337390422821,0.913987767454745,0.5265063732000431,0.8374801769347433,0.3969007134437561,0.9133750032960507,0.36129732916770163,0.8015189562001745,0.8918141530300733
1,4,mur,rempart,rempart,1.9037083448185608,rempart,,,,,,0.44487202167510986,0.9302861552381042,0.3645549284217677,0.8167270890360641,0.8539329038792403
