num_path,num_step,cue,best_word,temporary_best_word,q-value,current_word,neighbours,similarity,adequacy,originality,likeability,similarity_to_cue,adequacy_to_cue,originality_to_cue,likeability_to_cue,goal_value
1,0,jambe,jambe,jambe,0.0,jambe_0,genou,0.8712770938873291,1.0,0.058759974278512574,0.6018493501719053,1.0,1.0,0.0,0.0,1.0248359617684828
1,0,jambe,jambe,jambe,0.0,jambe_0,bras,0.8582901954650879,1.0,0.19874989395046785,0.6883434600876945,1.0,1.0,0.0,0.0,1.0248359617684828
1,1,jambe,bras,bras,0.41587687457980294,bras_1,genou,0.7100709080696106,1.0,0.23609939150452194,0.7143721924083709,0.716582179069519,0.8768495006256258,0.10695428806791904,0.5760527351508323,1.0248359617684828
1,1,jambe,bras,bras,0.41587687457980294,bras_1,épaule,0.6874488592147827,0.89864857143107,0.3154630864395892,0.6766786051895708,0.716582179069519,0.8768495006256258,0.10695428806791904,0.5760527351508323,1.0248359617684828
1,2,jambe,genou,genou,0.8382609322397749,genou_2,épaule,0.5644134283065796,0.8997620513445437,0.266924579782158,0.6650309006685147,0.7425558567047119,1.0,0.2703479465972697,0.7277232236919793,0.9430656916164539
1,2,jambe,genou,genou,0.8382609322397749,genou_2,hanche,0.4981900155544281,0.993818994439937,0.37572256147647837,0.7731290656653833,0.7425558567047119,1.0,0.2703479465972697,0.7277232236919793,0.9430656916164539
1,3,jambe,hanche,hanche,1.2957767757520073,hanche_3,épaule,0.4518526792526245,0.8290513318338706,0.31063478933301275,0.6332798943398108,0.6309537291526794,0.9327902245304013,0.16727059777705083,0.6297295022367243,0.8678197603149057
1,3,jambe,hanche,hanche,1.2957767757520073,hanche_3,poignet,0.39331644773483276,0.9698745974743198,0.38496384590128463,0.7597151865643886,0.6309537291526794,0.9327902245304013,0.16727059777705083,0.6297295022367243,0.8678197603149057
1,4,jambe,poignet,poignet,0.768750632314378,poignet_4,épaule,0.35528451204299927,0.9098915936940835,0.42193395478055723,0.7321651467759749,0.6071035861968994,0.8121846838043841,0.29345857170086287,0.6157409852871751,0.7985775997238925
1,4,jambe,poignet,poignet,0.768750632314378,poignet_4,avant-bras,0.2815038859844208,0.9656330385288666,0.448135577449483,0.7809709733808576,0.6071035861968994,0.8121846838043841,0.29345857170086287,0.6157409852871751,0.7985775997238925
1,5,jambe,genou,avant-bras,1.2643489757286193,avant-bras,,,,,,0.5525902509689331,0.9654335659024644,0.26862028888455936,0.7036016904664719,0.7348601771286722
