num_path,num_step,cue,best_word,temporary_best_word,q-value,current_word,neighbours,similarity,adequacy,originality,likeability,similarity_to_cue,adequacy_to_cue,originality_to_cue,likeability_to_cue,goal_value
1,0,mer,mer,mer,0.0,mer_0,océan,0.7945870757102966,0.9791363735136911,0.2425667493799936,0.7063537189363094,1.0,1.0,0.0,0.0,1.0248359617684828
1,0,mer,mer,mer,0.0,mer_0,rivage,0.7891090512275696,1.0,0.18016494953954584,0.6938071501631781,1.0,1.0,0.0,0.0,1.0248359617684828
1,1,mer,océan,océan,0.42037943929195665,océan_1,rivage,0.5934478044509888,0.9743240191084148,0.23219783892504525,0.702233383190123,0.5891755819320679,0.9607685377014608,0.333939978503979,0.7329340494441305,1.0248359617684828
1,1,mer,océan,océan,0.42037943929195665,océan_1,île,0.5730910301208496,0.9897776719489281,0.20530389228244023,0.6804348625849204,0.5891755819320679,0.9607685377014608,0.333939978503979,0.7329340494441305,1.0248359617684828
1,2,mer,rivage,rivage,-0.16027120535263328,rivage_2,île,0.42586809396743774,0.8740979356160788,0.3481166188535951,0.6849980742552175,0.5782196521759033,0.8823962520879044,0.2709920270819308,0.6584062085625012,0.9430656916164539
1,2,mer,rivage,rivage,-0.16027120535263328,rivage_2,fleuve,0.40823131799697876,0.975895736844591,0.46193564766581013,0.7945642160411848,0.5782196521759033,0.8823962520879044,0.2709920270819308,0.6584062085625012,0.9430656916164539
1,3,mer,fleuve,fleuve,0.3026034257535494,fleuve_3,île,0.30020517110824585,0.9594500314522437,0.5293287052726474,0.8064924053656003,0.4469740688800812,0.8025184921338319,0.3690699886629689,0.6462043003341136,0.8678197603149057
1,3,mer,fleuve,fleuve,0.3026034257535494,fleuve_3,rivière,0.29754629731178284,0.8907969439436375,0.4395521604923976,0.7313435371070166,0.4469740688800812,0.8025184921338319,0.3690699886629689,0.6462043003341136,0.8678197603149057
1,4,mer,île,île,0.787271587016223,île,,,,,,0.5080134868621826,0.9868019661988328,0.3261066930640266,0.744845939487055,0.7985775997238925
