num_path,num_step,cue,best_word,temporary_best_word,q-value,current_word,neighbours,similarity,adequacy,originality,likeability,similarity_to_cue,adequacy_to_cue,originality_to_cue,likeability_to_cue,goal_value
1,0,jardin,jardin,jardin,0.0,jardin_0,potager,0.8495482206344604,0.9662058444243805,0.12174634805852923,0.6110171463159415,1.0,1.0,0.0,0.0,1.0248359617684828
1,0,jardin,jardin,jardin,0.0,jardin_0,terrasse,0.8146055936813354,1.0,0.16331608563975283,0.6720314535969645,1.0,1.0,0.0,0.0,1.0248359617684828
1,1,jardin,terrasse,terrasse,0.4117988729571204,terrasse_1,balcon,0.6509321928024292,0.861219197120359,0.17859674413101606,0.6021653525514379,0.6292127370834351,0.9535100661053781,0.2053767218260651,0.6654235376955556,1.0248359617684828
1,1,jardin,terrasse,terrasse,0.4117988729571204,terrasse_1,ombrager,0.6419141888618469,0.8376211391848308,0.23331378164389638,0.6115870298790148,0.6292127370834351,0.9535100661053781,0.2053767218260651,0.6654235376955556,1.0248359617684828
1,2,jardin,ombrager,ombrager,-0.1915133600152466,ombrager_2,verdure,0.500600278377533,0.8060600280973143,0.4120949020705475,0.662966537146602,0.526991605758667,0.8437227581528681,0.2814529704845071,0.6329655752035603,0.9430656916164539
1,2,jardin,ombrager,ombrager,-0.1915133600152466,ombrager_2,balcon,0.4682522714138031,0.956786828202558,0.4311976959211213,0.7675463509124575,0.526991605758667,0.8437227581528681,0.2814529704845071,0.6329655752035603,0.9430656916164539
1,3,jardin,balcon,balcon,0.26460680480875426,balcon_3,verdure,0.3560531735420227,0.9740261044722878,0.5393356187717632,0.8179427000459802,0.5241153240203857,0.8284283614888558,0.35336053137988455,0.6596843377578461,0.8678197603149057
1,3,jardin,balcon,balcon,0.26460680480875426,balcon_3,jardinet,0.35195139050483704,0.7933011543188264,0.5375349027407883,0.7035035691159779,0.5241153240203857,0.8284283614888558,0.35336053137988455,0.6596843377578461,0.8678197603149057
1,4,jardin,verdure,verdure,0.7521375397415229,verdure,,,,,,0.6027634739875793,1.0,0.2962321297747641,0.7446880673977105,0.7985775997238925
