num_path,num_step,cue,best_word,temporary_best_word,q-value,current_word,neighbours,similarity,adequacy,originality,likeability,likeability_to_cue,goal_value
1,0,appel,appel,appel,0.0,appel_0,offre,0.5031196475028992,0.849312001183532,0.38039665580516113,0.6478602534760094,0.0,0.976193436915058
1,0,appel,appel,appel,0.0,appel_0,candidature,0.47920292615890503,0.8829094984783535,0.38465065197013415,0.6616690791616483,0.0,0.976193436915058
1,1,appel,candidature,candidature,0.4213689105616476,candidature_1,dossier,0.553379476070404,0.8715204649620274,0.2841051468709537,0.6156282027729938,0.6928635680318185,0.976193436915058
1,1,appel,candidature,candidature,0.4213689105616476,candidature_1,offre,0.5519593954086304,0.8853642741880912,0.4010322133556371,0.671789660643713,0.6928635680318185,0.976193436915058
1,2,appel,offre,offre,0.8452679664938114,offre_2,demande,0.5876535773277283,0.9505735043918037,0.37391789493377414,0.7006583722440844,0.6590985905185702,0.913399253745156
1,2,appel,offre,offre,0.8452679664938114,offre_2,dossier,0.5385602116584778,0.833924822914027,0.2758149122162395,0.5879655174382465,0.6590985905185702,0.913399253745156
1,3,appel,demande,demande,1.2920827461185436,demande_3,dossier,0.6098155975341797,0.9945707406401728,0.2887271793270614,0.6747041128185822,0.6715433674367911,0.8546443411653494
1,3,appel,demande,demande,1.2920827461185436,demande_3,consultation,0.5651581883430481,0.8118477807392638,0.21644130278507995,0.537970586818983,0.6715433674367911,0.8546443411653494
1,4,appel,dossier,dossier,0.7470976890318518,dossier_4,consultation,0.599457859992981,0.8721263745775164,0.2893469990757427,0.6193862321122008,0.6755148988125785,0.7996688708591226
1,4,appel,dossier,dossier,0.7470976890318518,dossier_4,formulaire,0.5736165046691895,0.9528403983047785,0.3099642285224494,0.6721788954884093,0.6755148988125785,0.7996688708591226
1,5,appel,formulaire,formulaire,0.2152251951891735,formulaire_5,adresser,0.6014354825019836,0.9743959709894381,0.370081495780747,0.7141216806564272,0.7240681155690646,0.7482297281102395
1,5,appel,formulaire,formulaire,0.2152251951891735,formulaire_5,consultation,0.6005025506019592,0.9892684379547323,0.33567839280699546,0.6988200408838636,0.7240681155690646,0.7482297281102395
1,6,appel,formulaire,adresser,0.7066981833257204,adresser,,,,,,0.6470713494091561,0.7000994366911539
