num_path,num_step,cue,best_word,temporary_best_word,q-value,current_word,neighbours,similarity,adequacy,originality,likeability,similarity_to_cue,adequacy_to_cue,originality_to_cue,likeability_to_cue,goal_value
1,0,larme,larme,larme,0.0,larme_0,pleurer,0.882361650466919,1.0,0.12500527468074638,0.6368182282236828,1.0,1.0,0.0,0.0,1.0248359617684828
1,0,larme,larme,larme,0.0,larme_0,pleur,0.8666162490844727,1.0,0.03399791839076832,0.6186850705223781,1.0,1.0,0.0,0.0,1.0248359617684828
1,1,larme,pleurer,pleurer,0.4029955666138,pleurer_1,pleur,0.7535849213600159,1.0,0.1472530773807478,0.6519973864544679,0.764724850654602,1.0,0.1100546784076582,0.6253772193950762,1.0248359617684828
1,1,larme,pleurer,pleurer,0.4029955666138,pleurer_1,triste,0.6694785952568054,0.9107893787861964,0.2858487304056631,0.6761988754266793,0.764724850654602,1.0,0.1100546784076582,0.6253772193950762,1.0248359617684828
1,2,larme,triste,triste,0.8158362950283491,triste_2,pleur,0.5803514719009399,0.9416576807321526,0.36661745725016975,0.7311084564741642,0.5668367147445679,0.890041954745083,0.32735271946078415,0.6865895367669888,0.9430656916164539
1,2,larme,triste,triste,0.8158362950283491,triste_2,tristesse,0.522544801235199,0.8542682306864581,0.34640359678070015,0.6682154807266576,0.5668367147445679,0.890041954745083,0.32735271946078415,0.6865895367669888,0.9430656916164539
1,3,larme,pleur,pleur,1.2628469862427767,pleur_3,tristesse,0.409522145986557,0.8740634062610808,0.4409894487831163,0.7220356933294334,0.733234167098999,0.8745484328317557,0.1553227246663266,0.5973202982374308,0.8678197603149057
1,3,larme,pleur,pleur,1.2628469862427767,pleur_3,consoler,0.3988516330718994,0.9856433455317157,0.4978503197826376,0.8101312980996146,0.733234167098999,0.8745484328317557,0.1553227246663266,0.5973202982374308,0.8678197603149057
1,4,larme,consoler,consoler,1.7484248706889538,consoler,,,,,,0.5260218977928162,0.9576233343146453,0.27209569355796587,0.6915818889942695,0.7985775997238925
