num_path,num_step,cue,best_word,temporary_best_word,q-value,current_word,neighbours,similarity,adequacy,originality,likeability,likeability_to_cue,goal_value
1,0,acte,acte,acte,0.0,acte_0,notarié,0.5187137126922607,0.8288792355881768,0.3499525178938434,0.6230241214239239,0.0,0.976193436915058
1,0,acte,acte,acte,0.0,acte_0,civil,0.47183138132095337,0.8641563169510108,0.2987233608700465,0.6094919401108878,0.0,0.976193436915058
1,1,acte,notarié,notarié,0.4117076711272165,notarié_1,seing,0.6062485575675964,0.9520641526049509,0.17600470561809142,0.602488233136798,0.6406806744540677,0.976193436915058
1,1,acte,notarié,notarié,0.4117076711272165,notarié_1,notaire,0.5467819571495056,0.9058010573827688,0.2904181244411772,0.6275160986556588,0.6406806744540677,0.976193436915058
1,2,acte,notaire,notaire,0.8245383365623667,notaire_2,seing,0.6130772829055786,0.9270427596923015,0.19064652226533502,0.5864758067221567,0.7273426235486266,0.913399253745156
1,2,acte,notaire,notaire,0.8245383365623667,notaire_2,notarial,0.5258051753044128,0.8706011381489317,0.24223939151327323,0.5990249145555495,0.7273426235486266,0.913399253745156
1,3,acte,notarial,notarial,0.2459447517649651,notarial_3,seing,0.5885106325149536,0.9386831480329695,0.30836715407717474,0.6556790374552092,0.7904660741062147,0.8546443411653494
1,3,acte,notarial,notarial,0.2459447517649651,notarial_3,hypothèque,0.5195192098617554,0.8789608451584688,0.3354160648265997,0.6422509966463847,0.7904660741062147,0.8546443411653494
1,4,acte,seing,seing,0.6962034258374301,seing_4,hypothèque,0.5264742970466614,0.9256696963380346,0.4097957938306287,0.6982376117974666,0.6318423734023413,0.7996688708591226
1,4,acte,seing,seing,0.6962034258374301,seing_4,donation,0.49689358472824097,0.8186893225012217,0.3075992577505652,0.5967311736774726,0.6318423734023413,0.7996688708591226
1,5,acte,hypothèque,hypothèque,1.170845611072016,hypothèque_5,acquéreur,0.5139183402061462,0.9933950695368939,0.29815220227759165,0.6836959378444081,0.693903916391434,0.7482297281102395
1,5,acte,hypothèque,hypothèque,1.170845611072016,hypothèque_5,donation,0.5102654695510864,0.9780278450836644,0.41159661213239446,0.7325653955067095,0.693903916391434,0.7482297281102395
1,6,acte,notarial,donation,1.6669295279211336,donation,,,,,,0.6458736349569533,0.7000994366911539
