num_path,num_step,cue,best_word,temporary_best_word,q-value,current_word,neighbours,similarity,adequacy,originality,likeability,similarity_to_cue,adequacy_to_cue,originality_to_cue,likeability_to_cue,goal_value
1,0,rapport,rapport,rapport,0.0,rapport_0,conclusion,0.7818332314491272,1.0,0.2099270587504119,0.6887674161195022,1.0,1.0,0.0,0.0,1.0248359617684828
1,0,rapport,rapport,rapport,0.0,rapport_0,commission,0.7659118175506592,0.9591540424260909,0.1582856048853184,0.6463809856448112,1.0,1.0,0.0,0.0,1.0248359617684828
1,1,rapport,conclusion,conclusion,0.4159828635877548,conclusion_1,examiner,0.5672522187232971,0.8850902287908046,0.26008338137654474,0.6490454689716139,0.5636680126190186,0.9516765040585478,0.20940845260794058,0.666553969389278,1.0248359617684828
1,1,rapport,conclusion,conclusion,0.4159828635877548,conclusion_1,proposition,0.55218106508255,0.8313886048125884,0.24988745599742718,0.6154483770410836,0.5636680126190186,0.9516765040585478,0.20940845260794058,0.666553969389278,1.0248359617684828
1,2,rapport,examiner,examiner,-0.1779647596114624,examiner_2,formuler,0.43118157982826233,0.9057270512055805,0.36529938851184207,0.7088481450106171,0.5032939910888672,0.879329441998142,0.24327925073881504,0.6347710502427732,0.9430656916164539
1,2,rapport,examiner,examiner,-0.1779647596114624,examiner_2,proposition,0.4254644215106964,0.8970495385712833,0.38540744675370797,0.70834466077395,0.5032939910888672,0.879329441998142,0.24327925073881504,0.6347710502427732,0.9430656916164539
1,3,rapport,formuler,formuler,0.2634808537370784,formuler_3,proposition,0.3416900634765625,0.961407923153296,0.45060850081815074,0.7783794245169126,0.4116581082344055,0.8733384759493407,0.3974265722661656,0.6982655255259222,0.8678197603149057
1,3,rapport,formuler,formuler,0.2634808537370784,formuler_3,commission,0.29631146788597107,0.9474901421502177,0.5475874323049863,0.8051309799931371,0.4116581082344055,0.8733384759493407,0.3974265722661656,0.6982655255259222,0.8678197603149057
1,4,rapport,formuler,commission,0.7478086586566363,commission,,,,,,0.5318250060081482,0.8552211806242903,0.30125521201990646,0.648431627549106,0.7985775997238925
