num_path,num_step,cue,best_word,temporary_best_word,q-value,current_word,neighbours,similarity,adequacy,originality,likeability,similarity_to_cue,adequacy_to_cue,originality_to_cue,likeability_to_cue,goal_value
1,0,lit,lit,lit,0.0,lit_0,drap,0.7987625002861023,1.0,0.184816444477621,0.6686324386158197,1.0,1.0,0.0,0.0,1.0248359617684828
1,0,lit,lit,lit,0.0,lit_0,baldaquin,0.78677898645401,0.9339802959079826,0.08569206538536484,0.5832360042488202,1.0,1.0,0.0,0.0,1.0248359617684828
1,1,lit,drap,drap,0.4109491192118342,drap_1,linge,0.5846688747406006,0.8901952584135407,0.2308372262461042,0.6484123180585603,0.597526490688324,0.9518657871427524,0.21158366535107626,0.6700340998680129,1.0248359617684828
1,1,lit,drap,drap,0.4109491192118342,drap_1,oreiller,0.5765584111213684,0.845194309213348,0.3100640083625955,0.6465058935139193,0.597526490688324,0.9518657871427524,0.21158366535107626,0.6700340998680129,1.0248359617684828
1,2,lit,linge,linge,-0.18315679171564647,linge_2,serviette,0.4391948878765106,0.825649713895882,0.4755801723033466,0.7023018216327809,0.46344125270843506,0.9162854905092216,0.3355357210733642,0.7074475741048524,0.9430656916164539
1,2,lit,linge,linge,-0.18315679171564647,linge_2,toilette,0.4157858192920685,0.7928618827126372,0.4514162037095015,0.6719080935557552,0.46344125270843506,0.9162854905092216,0.3355357210733642,0.7074475741048524,0.9430656916164539
1,3,lit,serviette,serviette,0.2566522407884353,serviette_3,toilette,0.32805588841438293,0.9427054015578313,0.4584952143990362,0.7718415670569434,0.4192625880241394,0.7982947117416959,0.44389053011547835,0.6719664520481188,0.8678197603149057
1,3,lit,serviette,serviette,0.2566522407884353,serviette_3,vaisselle,0.29319867491722107,0.9677067933643055,0.5542047056646311,0.8196317849906061,0.4192625880241394,0.7982947117416959,0.44389053011547835,0.6719664520481188,0.8678197603149057
1,4,lit,linge,vaisselle,0.7446052469573604,vaisselle,,,,,,0.35866793990135193,0.8094791067036814,0.44630436473887514,0.679860412225267,0.7985775997238925
