num_path,num_step,cue,best_word,temporary_best_word,q-value,current_word,neighbours,similarity,adequacy,originality,likeability,similarity_to_cue,adequacy_to_cue,originality_to_cue,likeability_to_cue,goal_value
1,0,soeur,soeur,soeur,0.0,soeur_0,frère,0.8994842171669006,1.0,0.0,0.5369490675278311,1.0,1.0,0.0,0.0,1.0248359617684828
1,0,soeur,soeur,soeur,0.0,soeur_0,mère,0.8649529218673706,0.8978252659557061,0.009150280797337124,0.5060706069233448,1.0,1.0,0.0,0.0,1.0248359617684828
1,1,soeur,frère,frère,0.37802827643983705,frère_1,père,0.7322707176208496,1.0,0.16693922099996097,0.6755467871410803,0.798970103263855,0.9849644680152665,0.17567952025459763,0.6561873379258606,1.0248359617684828
1,1,soeur,frère,frère,0.37802827643983705,frère_1,mère,0.7045252919197083,1.0,0.2866253693825694,0.7329628235964496,0.798970103263855,0.9849644680152665,0.17567952025459763,0.6561873379258606,1.0248359617684828
1,2,soeur,mère,mère,0.8050599918968288,mère_2,père,0.658073902130127,0.8265472093340077,0.20507203106207764,0.5814787007109551,0.7299074530601501,1.0,0.12945066907272046,0.6715664089741986,0.9430656916164539
1,2,soeur,mère,mère,0.8050599918968288,mère_2,fils,0.5462985634803772,0.8507489486787516,0.3347347370913678,0.6639055604685411,0.7299074530601501,1.0,0.12945066907272046,0.6715664089741986,0.9430656916164539
1,3,soeur,fils,fils,0.2352699591098505,fils_3,père,0.5966136455535889,0.9167435374588024,0.28816843300168127,0.6866681164875063,0.5474749803543091,0.838875901170383,0.25096435539452183,0.6222627767999396,0.8678197603149057
1,3,soeur,fils,fils,0.2352699591098505,fils_3,mari,0.4289470613002777,0.8804642515031821,0.34690221974129826,0.6861892620114324,0.5474749803543091,0.838875901170383,0.25096435539452183,0.6222627767999396,0.8678197603149057
1,4,soeur,père,père,0.6899820481530006,père_4,mari,0.34649595618247986,0.9123090861460298,0.4128146480573332,0.7289798476140829,0.6658046245574951,0.9660502589016293,0.16717558995240384,0.6490742291931344,0.7985775997238925
1,4,soeur,père,père,0.6899820481530006,père_4,aîné,0.342669814825058,0.8655937487761753,0.48983325207918554,0.7349194655042322,0.6658046245574951,0.9660502589016293,0.16717558995240384,0.6490742291931344,0.7985775997238925
1,5,soeur,aîné,aîné,1.1740675145980854,aîné,,,,,,0.5948681235313416,0.9925113836317748,0.2582871021325003,0.7091583143413289,0.7348601771286722
