num_path,num_step,cue,best_word,temporary_best_word,q-value,current_word,neighbours,similarity,adequacy,originality,likeability,similarity_to_cue,adequacy_to_cue,originality_to_cue,likeability_to_cue,goal_value
1,0,façon,façon,façon,0.0,façon_0,manière,0.9515303373336792,1.0,0.0,0.5459779919882883,1.0,1.0,0.0,0.0,1.0248359617684828
1,0,façon,façon,façon,0.0,façon_0,pouvoir,0.8073113560676575,1.0,0.2151636183921763,0.7101993918680684,1.0,1.0,0.0,0.0,1.0248359617684828
1,1,façon,pouvoir,pouvoir,0.42134085752489636,pouvoir_1,manière,0.7463885545730591,1.0,0.19188576122754153,0.6835297029056906,0.6146242618560791,0.9892696456770892,0.1706602954772087,0.6736104742415514,1.0248359617684828
1,1,façon,pouvoir,pouvoir,0.42134085752489636,pouvoir_1,être,0.6770036816596985,1.0,0.14008230119230175,0.668303131307903,0.6146242618560791,0.9892696456770892,0.1706602954772087,0.6736104742415514,1.0248359617684828
1,2,façon,manière,manière,-0.16398570719080163,manière_2,être,0.5135647654533386,0.8793594716921296,0.41738853605661597,0.7094481826160316,0.9030624628067017,0.939883764620512,0.11230704219482654,0.5992915372998192,0.9430656916164539
1,2,façon,manière,manière,-0.16398570719080163,manière_2,sorte,0.5058045387268066,0.9315806885571688,0.4045902617416599,0.7450974544549478,0.9030624628067017,0.939883764620512,0.11230704219482654,0.5992915372998192,0.9430656916164539
1,3,façon,sorte,sorte,0.28652223351882183,sorte_3,être,0.39816656708717346,0.9675494355967575,0.5003580880275106,0.802599290624488,0.5914469957351685,0.8380623759949292,0.3244815509604198,0.6533651706489483,0.8678197603149057
1,3,façon,sorte,sorte,0.28652223351882183,sorte_3,autre,0.38233426213264465,0.8732784957520447,0.3452002338862737,0.6842341337477691,0.5914469957351685,0.8380623759949292,0.3244815509604198,0.6533651706489483,0.8678197603149057
1,4,façon,pouvoir,être,0.7702171160962175,être,,,,,,0.5734059810638428,0.8768152504046622,0.20710030050494327,0.6167668566820487,0.7985775997238925
