num_path,num_step,cue,best_word,temporary_best_word,q-value,current_word,neighbours,similarity,adequacy,originality,likeability,similarity_to_cue,adequacy_to_cue,originality_to_cue,likeability_to_cue,goal_value
1,0,chien,chien,chien,0.0,chien_0,chiens,0.8924499750137329,1.0,0.028878532044702303,0.6031030859563996,1.0,1.0,0.0,0.0,1.0248359617684828
1,0,chien,chien,chien,0.0,chien_0,toutou,0.8347316980361938,0.9974793099190935,0.16481487286167001,0.6840741756906759,1.0,1.0,0.0,0.0,1.0248359617684828
1,1,chien,toutou,toutou,0.41480955348054827,toutou_1,chiens,0.6933039426803589,0.9839980845073977,0.18674990465496658,0.6613146947469216,0.6694650650024414,1.0,0.14485729972646383,0.649835947289192,1.0248359617684828
1,1,chien,toutou,toutou,0.41480955348054827,toutou_1,fox-terrier,0.6112761497497559,0.9157810514610566,0.252795262425497,0.6696816211803148,0.6694650650024414,1.0,0.14485729972646383,0.649835947289192,1.0248359617684828
1,2,chien,fox-terrier,fox-terrier,-0.17397903166649376,fox-terrier_2,chiens,0.5319623351097107,0.8092354164264831,0.26416449530256503,0.6088425940805703,0.6293240785598755,0.9345278982400639,0.34130597196922574,0.7149787362020699,0.9430656916164539
1,2,chien,fox-terrier,fox-terrier,-0.17397903166649376,fox-terrier_2,chat,0.4360944926738739,0.9212962677623611,0.45078768820554843,0.7511908118155757,0.6293240785598755,0.9345278982400639,0.34130597196922574,0.7149787362020699,0.9430656916164539
1,3,chien,chat,chat,0.2780522483832867,chat_3,chiens,0.417446106672287,0.8230694705331447,0.3722089727112987,0.6562838588237458,0.6068338751792908,0.9961466026759072,0.19463083049294388,0.6886916647571516,0.8678197603149057
1,3,chien,chat,chat,0.2780522483832867,chat_3,minou,0.3198138177394867,0.8149612430051734,0.4901674959155743,0.6994443718263361,0.6068338751792908,0.9961466026759072,0.19463083049294388,0.6886916647571516,0.8678197603149057
1,4,chien,minou,minou,-0.2640415987388557,minou_4,chiens,0.29584571719169617,0.8393738431536423,0.5579783539284847,0.7426357421667403,0.48400235176086426,0.8743953221431506,0.360364440845769,0.686723599174513,0.7985775997238925
1,4,chien,minou,minou,-0.2640415987388557,minou_4,matou,0.25006264448165894,0.9262703559249361,0.44263151394710143,0.7535011407994241,0.48400235176086426,0.8743953221431506,0.360364440845769,0.686723599174513,0.7985775997238925
1,5,chien,fox-terrier,matou,0.22468928653002718,matou,,,,,,0.479550302028656,0.8739447679682217,0.35641236959853856,0.6847098833934847,0.7348601771286722
