num_path,num_step,cue,best_word,temporary_best_word,q-value,current_word,neighbours,similarity,adequacy,originality,likeability,similarity_to_cue,adequacy_to_cue,originality_to_cue,likeability_to_cue,goal_value
1,0,faim,faim,faim,0.0,faim_0,affamer,0.7917216420173645,1.0,0.20545029368931006,0.7065674991352348,1.0,1.0,0.0,0.0,1.0248359617684828
1,0,faim,faim,faim,0.0,faim_0,inanition,0.7791498899459839,0.9410181816643173,0.15267865927162505,0.6466942415048998,1.0,1.0,0.0,0.0,1.0248359617684828
1,1,faim,affamer,affamer,0.420432884341688,affamer_1,inanition,0.5762341022491455,0.9951550642631748,0.2932733680523183,0.7412775116143943,0.5834448337554932,0.9450417190619145,0.27862498241584377,0.6876723003123678,1.0248359617684828
1,1,faim,affamer,affamer,0.420432884341688,affamer_1,affamé,0.5746431350708008,0.8629633713229224,0.302300842473908,0.6540248558062187,0.5834448337554932,0.9450417190619145,0.27862498241584377,0.6876723003123678,1.0248359617684828
1,2,faim,inanition,inanition,0.8495432718031659,inanition_2,mourir,0.4109914302825928,0.8212529358340945,0.4909140022609365,0.7038118459519411,0.5583012104034424,0.904067922195553,0.23689735694663266,0.6541627528075625,0.9430656916164539
1,2,faim,inanition,inanition,0.8495432718031659,inanition_2,nourriture,0.40855929255485535,0.9509384421312272,0.4276951145717641,0.7655997338248149,0.5583012104034424,0.904067922195553,0.23689735694663266,0.6541627528075625,0.9430656916164539
1,3,faim,nourriture,nourriture,1.305176782355256,nourriture_3,manger,0.31217384338378906,0.9282658770447613,0.5684154500322541,0.8033886820384138,0.4952278137207031,0.8525226509553094,0.4157269735193135,0.6948316895488521,0.8678197603149057
1,3,faim,nourriture,nourriture,1.305176782355256,nourriture_3,nourrir,0.2873397767543793,0.8501930679904471,0.4991604556972594,0.7267666953081251,0.4952278137207031,0.8525226509553094,0.4157269735193135,0.6948316895488521,0.8678197603149057
1,4,faim,nourriture,manger,1.789069012786133,manger,,,,,,0.5547555088996887,0.9136725501999766,0.32120748988558956,0.6893317424364682,0.7985775997238925
