num_path,num_step,cue,best_word,temporary_best_word,q-value,current_word,neighbours,similarity,adequacy,originality,likeability,similarity_to_cue,adequacy_to_cue,originality_to_cue,likeability_to_cue,goal_value
1,0,principe,principe,principe,0.0,principe_0,fondamental,0.8570234775543213,0.9963122719507986,0.10562145845067561,0.6218957252898342,1.0,1.0,0.0,0.0,1.0248359617684828
1,0,principe,principe,principe,0.0,principe_0,règle,0.8316627144813538,0.882945811917435,0.051886231573829725,0.5212151756748702,1.0,1.0,0.0,0.0,1.0248359617684828
1,1,principe,fondamental,fondamental,0.3992649408803378,fondamental_1,fondement,0.6938884854316711,0.9691354089621983,0.2983790583547724,0.7271123544404806,0.7140486240386963,0.959173293456776,0.29256786919838373,0.7172453461710356,1.0248359617684828
1,1,principe,fondamental,fondamental,0.3992649408803378,fondamental_1,découler,0.6375248432159424,0.9438737067685044,0.20009849210175207,0.6684147546279117,0.7140486240386963,0.959173293456776,0.29256786919838373,0.7172453461710356,1.0248359617684828
1,2,principe,fondement,fondement,0.8248340390483373,fondement_2,primauté,0.5023064017295837,0.8312306548956125,0.3339445025703263,0.6449137661706077,0.6563264727592468,1.0,0.182178971889079,0.6685403305155271,0.9430656916164539
1,2,principe,fondement,fondement,0.8248340390483373,fondement_2,découler,0.498611718416214,0.9088611686308163,0.2804375732383299,0.6744972339624112,0.6563264727592468,1.0,0.182178971889079,0.6685403305155271,0.9430656916164539
1,3,principe,découler,découler,0.2576919246348266,découler_3,primauté,0.3707296848297119,0.7974807137923299,0.47201527245710134,0.6827679492870997,0.6082843542098999,0.8433520614329206,0.29270459207834354,0.6410752781000181,0.8678197603149057
1,3,principe,découler,découler,0.2576919246348266,découler_3,notion,0.35984355211257935,0.9806805039078519,0.5173931645048663,0.8147294186859247,0.6082843542098999,0.8433520614329206,0.29270459207834354,0.6410752781000181,0.8678197603149057
1,4,principe,fondamental,notion,0.7444193392275813,notion,,,,,,0.5532907843589783,0.8635106875263521,0.30716302702773246,0.6582038487924209,0.7985775997238925
