num_path,num_step,cue,best_word,temporary_best_word,q-value,current_word,neighbours,similarity,adequacy,originality,likeability,similarity_to_cue,adequacy_to_cue,originality_to_cue,likeability_to_cue,goal_value
1,0,chambre,chambre,chambre,0.0,chambre_0,hôtel,0.7875029444694519,0.8852675768696099,0.2052177972433275,0.6255087441420789,1.0,1.0,0.0,0.0,1.0248359617684828
1,0,chambre,chambre,chambre,0.0,chambre_0,spacieux,0.7593033313751221,0.8618524457401643,0.07256225881957998,0.5537378677415541,1.0,1.0,0.0,0.0,1.0248359617684828
1,1,chambre,hôtel,hôtel,0.400168195593399,hôtel_1,climatiser,0.6268713474273682,0.9791377317730818,0.22586484309005841,0.6789546087408953,0.5750075578689575,0.9370071588491654,0.37606543059687414,0.7365724484720806,1.0248359617684828
1,1,chambre,hôtel,hôtel,0.400168195593399,hôtel_1,spacieux,0.6016558408737183,0.9534261868580647,0.17594053375172056,0.6625759888179427,0.5750075578689575,0.9370071588491654,0.37606543059687414,0.7365724484720806,1.0248359617684828
1,2,chambre,climatiser,climatiser,0.8136978573365021,climatiser_2,spacieux,0.49041619896888733,0.8510405635790541,0.2909924681389831,0.6411248957895777,0.5183120369911194,0.909838572404904,0.26622013741160544,0.6653534012808978,0.9430656916164539
1,2,chambre,climatiser,climatiser,0.8136978573365021,climatiser_2,situé,0.46195289492607117,0.9871291979179214,0.3335712296321476,0.751803721903435,0.5183120369911194,0.909838572404904,0.26622013741160544,0.6653534012808978,0.9430656916164539
1,3,chambre,situé,situé,1.2658823649082473,situé_3,spacieux,0.372327983379364,0.8667355116574668,0.4057941832927866,0.7025637158717677,0.4031836688518524,0.9012293688174386,0.452648123214141,0.7430975056154108,0.8678197603149057
1,3,chambre,situé,situé,1.2658823649082473,situé_3,minibar,0.3096800744533539,0.9666955598729879,0.5114682214141512,0.8043603137160499,0.4031836688518524,0.9012293688174386,0.452648123214141,0.7430975056154108,0.8678197603149057
1,4,chambre,situé,minibar,1.7500175032585334,minibar,,,,,,0.44959041476249695,0.8908053249298457,0.3682258001672705,0.7002703427128373,0.7985775997238925
