num_path,num_step,cue,best_word,temporary_best_word,q-value,current_word,neighbours,similarity,adequacy,originality,likeability,likeability_to_cue,goal_value
1,0,faim,faim,faim,0.0,faim_0,affamer,0.5834448337554932,0.8990417190619144,0.3576249824158438,0.6582139250016354,0.0,0.976193436915058
1,0,faim,faim,faim,0.0,faim_0,manger,0.5547555088996887,0.9276725501999766,0.23820748988558954,0.6209514047764857,0.0,0.976193436915058
1,1,faim,affamer,affamer,0.42050512202164436,affamer_1,nourriture,0.5758830904960632,0.9731126530177465,0.365499998117574,0.7107679570585311,0.639577185850235,0.976193436915058
1,1,faim,affamer,affamer,0.42050512202164436,affamer_1,manger,0.5748763084411621,0.9219913802186712,0.2541502116209282,0.6257705854185389,0.639577185850235,0.976193436915058
1,2,faim,nourriture,nourriture,0.8541487520575126,nourriture_2,manger,0.6554369330406189,0.9490502402708919,0.2667425023330049,0.6495687840342966,0.6458837563939172,0.913399253745156
1,2,faim,nourriture,nourriture,0.8541487520575126,nourriture_2,nourrir,0.6074925065040588,0.8692396951739714,0.28421019929690594,0.6149462495124235,0.6458837563939172,0.913399253745156
1,3,faim,manger,manger,0.28819113462979784,manger_3,rassasier,0.6203609108924866,0.8791284570372108,0.20000625322030458,0.5747131819741231,0.6596030415184648,0.8546443411653494
1,3,faim,manger,manger,0.28819113462979784,manger_3,bouffer,0.6135591864585876,0.9821132273645705,0.3543392593816075,0.7081474674280471,0.6596030415184648,0.8546443411653494
1,4,faim,bouffer,bouffer,0.7515669161954723,bouffer_4,boire,0.6019251942634583,0.8794631692766784,0.2507682427409379,0.5921963695538922,0.7096112538685435,0.7996688708591226
1,4,faim,bouffer,bouffer,0.7515669161954723,bouffer_4,rassasier,0.5988059639930725,0.8660381223201365,0.1727643264678139,0.5506915378954418,0.7096112538685435,0.7996688708591226
1,5,faim,boire,boire,0.19969879086916476,boire_5,rassasier,0.6069640517234802,0.9741649756115336,0.366547687827266,0.7137063905115786,0.6634143507617101,0.7482297281102395
1,5,faim,boire,boire,0.19969879086916476,boire_5,avaler,0.5963713526725769,0.8857111867783501,0.1983236748870409,0.5733591884689334,0.6634143507617101,0.7482297281102395
1,6,faim,bouffer,rassasier,0.6910679564694995,rassasier,,,,,,0.7042529985868929,0.7000994366911539
