num_path,num_step,cue,best_word,temporary_best_word,q-value,current_word,neighbours,similarity,adequacy,originality,likeability,similarity_to_cue,adequacy_to_cue,originality_to_cue,likeability_to_cue,goal_value
1,0,habitude,habitude,habitude,0.0,habitude_0,habituer,0.8174524903297424,1.0,0.22041778057668573,0.6926003746165325,1.0,1.0,0.0,0.0,1.0248359617684828
1,0,habitude,habitude,habitude,0.0,habitude_0,surtout,0.7787513732910156,1.0,0.21593858972195873,0.703106028566502,1.0,1.0,0.0,0.0,1.0248359617684828
1,1,habitude,surtout,surtout,0.41956751669950476,surtout_1,habituer,0.6461445093154907,0.9463601144092932,0.2776313174970835,0.6978416142014569,0.5575041770935059,0.9089785986808178,0.37541628765290586,0.7175561178211557,1.0248359617684828
1,1,habitude,surtout,surtout,0.41956751669950476,surtout_1,chose,0.6218123435974121,0.8433502123377805,0.2060824890107374,0.5936054161866287,0.5575041770935059,0.9089785986808178,0.37541628765290586,0.7175561178211557,1.0248359617684828
1,2,habitude,habituer,habituer,-0.1621810701922517,habituer_2,chose,0.4487559497356415,0.9367141176317523,0.397813504326071,0.7357756102829965,0.634906530380249,0.8894369747412659,0.21576040093512397,0.6342524152865412,0.9430656916164539
1,2,habitude,habituer,habituer,-0.1621810701922517,habituer_2,faire,0.42636096477508545,0.8861569089383976,0.45276168712866094,0.73305685970694,0.634906530380249,0.8894369747412659,0.21576040093512397,0.6342524152865412,0.9430656916164539
1,3,habitude,chose,chose,0.285996409474384,chose_3,penser,0.3829098343849182,0.8563646010157469,0.4257660478539324,0.7012827940739806,0.5510966777801514,0.853269755947196,0.22059575671461457,0.6197639469361799,0.8678197603149057
1,3,habitude,chose,chose,0.285996409474384,chose_3,faire,0.3615914583206177,0.9749773674673123,0.49404073772134866,0.8062337862642415,0.5510966777801514,0.853269755947196,0.22059575671461457,0.6197639469361799,0.8678197603149057
1,4,habitude,faire,faire,0.770599915961718,faire,,,,,,0.49768730998039246,0.9747687161546346,0.37906240908176875,0.758127051596136,0.7985775997238925
