num_path,num_step,cue,best_word,temporary_best_word,q-value,current_word,neighbours,similarity,adequacy,originality,likeability,likeability_to_cue,goal_value
1,0,fil,fil,fil,0.0,fil_0,billet,0.3799078166484833,0.8469123992079288,0.4950337495781905,0.6943859839129851,0.0,0.976193436915058
1,0,fil,fil,fil,0.0,fil_0,catégoriser,0.3749609589576721,0.9681501491511735,0.393787520960015,0.721626227126024,0.0,0.976193436915058
1,1,fil,catégoriser,catégoriser,0.4363581975527415,catégoriser_1,classer,0.4669719636440277,0.959653961957265,0.4500846516729715,0.7336668777840211,0.6712522055046242,0.976193436915058
1,1,fil,catégoriser,catégoriser,0.4363581975527415,catégoriser_1,commentaire,0.4104747176170349,0.9731864416401848,0.4022920222055716,0.7191038302232505,0.6712522055046242,0.976193436915058
1,2,fil,classer,classer,0.8757265577699823,classer_2,commentaire,0.44375932216644287,0.9801624641655995,0.4393421560197142,0.748287949835037,0.6901629407409957,0.913399253745156
1,2,fil,classer,classer,0.8757265577699823,classer_2,catégorie,0.43543896079063416,0.8752209776855284,0.4442552827429098,0.6892229701476716,0.6901629407409957,0.913399253745156
1,3,fil,commentaire,commentaire,1.3344487317924525,commentaire_3,billet,0.515624463558197,0.9305670235210726,0.30301261091139864,0.6541364852454735,0.7314469753327398,0.8546443411653494
1,3,fil,commentaire,commentaire,1.3344487317924525,commentaire_3,publier,0.49973389506340027,0.886973389483728,0.29767963854458585,0.6201204821924895,0.7314469753327398,0.8546443411653494
1,4,fil,billet,billet,0.7843217678124835,billet_4,publier,0.50795978307724,0.9077965834882481,0.32314273380097047,0.6449166531047321,0.6424763743944638,0.7996688708591226
1,4,fil,billet,billet,0.7843217678124835,billet_4,lire,0.5040341019630432,0.8564034889773713,0.37478101684416326,0.6437681374985484,0.6424763743944638,0.7996688708591226
1,5,fil,publier,publier,0.24563371337388584,publier_5,lire,0.5538559556007385,0.9845730442695662,0.3507942423289635,0.7091451762308125,0.7542093632497274,0.7482297281102395
1,5,fil,publier,publier,0.24563371337388584,publier_5,suite,0.4904826283454895,0.9460472283301714,0.33394730200108774,0.6698324805304815,0.7542093632497274,0.7482297281102395
1,6,fil,publier,lire,0.7358625754040291,lire,,,,,,0.7278314923891213,0.7000994366911539
