num_path,best_word,q-value,cue,step_1,step_2,step_3,step_4,step_5,similarity_1,similarity_2,similarity_3,similarity_4,similarity_5,likeability_1,likeability_2,likeability_3,likeability_4,likeability_5
1,connecter,-0.7395239372251006,machine,ordinateur,connexion,connecter,configuration,paramétrer,0.045288878455237075,-0.04519499997637487,0.2226847171208715,-0.12541367891309088,-0.1754796028121452,0.43853306770324707,0.46843916177749634,0.671159565448761,0.5744034647941589,0.6188262104988098
2,assemblage,-0.603695693223915,machine,fabrication,usinage,mécanique,assemblage,composant,-0.035865348814318576,-0.2004178320702329,-0.12951183595425675,0.1470206925621821,0.0009998303429873123,0.39421555399894714,0.509110152721405,0.5333865880966187,0.6054167747497559,0.5340006351470947
3,connecter,-0.5212145320436447,machine,ordinateur,connexion,pc,connecter,ethernet,0.0612798197204463,-0.23688330737332075,-0.16705692909873268,0.07547390563343553,-0.17175480384204442,0.43853306770324707,0.46843916177749634,0.5812762975692749,0.6516008377075195,0.5699203014373779
