num_path,best_word,q-value,cue,step_1,step_2,step_3,step_4,step_5,similarity_1,similarity_2,similarity_3,similarity_4,similarity_5,likeability_1,likeability_2,likeability_3,likeability_4,likeability_5
1,outillage,-0.8085460621477693,machine,fabrication,usinage,mécanique,assemblage,outillage,-0.14797018775422238,-0.14845324662195003,-0.08840248121218333,0.1038700614927307,0.23822554335677926,0.39421555399894714,0.509110152721405,0.5333865880966187,0.6054167747497559,0.6210112571716309
2,assemblage,-0.8423191117538654,machine,fabrication,usinage,mécanique,matériaux,assemblage,-0.0997318871944571,-0.08384872772656093,0.06422757433864454,-0.1682636644929358,0.07602114630598263,0.39421555399894714,0.509110152721405,0.5333865880966187,0.5170138478279114,0.6259477734565735
