num_path,best_word,q-value,cue,step_1,step_2,step_3,step_4,step_5,step_6,step_7,similarity_1,similarity_2,similarity_3,similarity_4,similarity_5,similarity_6,similarity_7,likeability_1,likeability_2,likeability_3,likeability_4,likeability_5,likeability_6,likeability_7
1,droite,-1.002513133889806,gauche,droite,ps,ump,socialiste,ségolène,présidentiel,bayrou,0.12205281030806339,0.027201208269348576,-0.1408304925021276,0.08870911028866763,0.016352229203381363,-0.25009524939865396,-0.04935202311771064,0.8127269744873047,0.49245136976242065,0.5499915480613708,0.6919161081314087,0.6197728514671326,0.662630558013916,0.6548972725868225
2,parti,-1.0795019988304773,gauche,socialiste,parti,progressiste,partisan,politique,ps,présidentiel,-0.02531162464444653,0.17859981452615606,0.0473260117188109,-0.12663853938974706,-0.39353416434407695,-0.21840046195739726,-0.03294776756168552,0.5388111472129822,0.7680765390396118,0.630494236946106,0.6168385744094849,0.6113024950027466,0.6206349730491638,0.6130706071853638
3,droite,-1.1791738825879161,gauche,droite,ps,ump,parti,sympathisant,électorat,présidentiel,0.2141650690232372,-0.185134991735416,-0.22021632944569408,-0.23584122682410297,-0.2999384254125149,-0.19314539448482004,-0.14915485156026984,0.8127269744873047,0.49245136976242065,0.5499915480613708,0.6123813390731812,0.6168525815010071,0.6433836817741394,0.6548897624015808
