num_path,cue,best_word,q-value,path
1,machine,machine-outil,-1.1030733157257628,"[['machine', 0], ['machine-outil', 0.6465554574959798], ['fraiseuse', 0.2654895195960031], ['usinage', 0.3815946469184093], ['fraisage', 0.16686243935136438], ['électroérosion', 0.31179185512731616], ['ugv', 0.1475716684100978], ['rectifieuse', 0.21077914962993197], ['usiner', 0.2635947327518316], ['mocn', 0.054021063921412746], ['enfonçage', 0.036372888168839754], ['machine', 0], ['machine-outil', 0.4069257560796095], ['fraiseuse', 0.23138201876377246], ['usinage', 0.3748515700500792], ['fraisage', 0.32681541377584605], ['électroérosion', 0.4702040039473425], ['ugv', 0.06631775290587213], ['rectifieuse', 0.19308114169667145], ['usiner', 0.22038353641968864], ['mocn', 0.042294954312506086], ['enfonçage', 0.07239915131902201]]"
2,machine,électroérosion,-1.1190689401459182,"[['machine', 0], ['machine-outil', 0.6465554574959798], ['fraiseuse', 0.2654895195960031], ['usinage', 0.3815946469184093], ['fraisage', 0.16686243935136438], ['électroérosion', 0.31179185512731616], ['ugv', 0.1475716684100978], ['rectifieuse', 0.21077914962993197], ['usiner', 0.2635947327518316], ['mocn', 0.054021063921412746], ['enfonçage', 0.036372888168839754], ['machine', 0], ['machine-outil', 0.4069257560796095], ['fraiseuse', 0.23138201876377246], ['usinage', 0.3748515700500792], ['fraisage', 0.32681541377584605], ['électroérosion', 0.4702040039473425], ['ugv', 0.06631775290587213], ['rectifieuse', 0.19308114169667145], ['usiner', 0.22038353641968864], ['mocn', 0.042294954312506086], ['enfonçage', 0.07239915131902201]]"
