num_path,best_word,q-value,cue,step_1,step_2,step_3,step_4,step_5,similarity_1,similarity_2,similarity_3,similarity_4,similarity_5,likeability_1,likeability_2,likeability_3,likeability_4,likeability_5
1,proposition,-0.3501673557308824,rapport,commission,adopter,sénat,proposition,rapporteur,-0.1946060053143442,-0.11739166095546127,0.03387126312013897,0.1149564325253064,0.08921811598932491,0.5063669681549072,0.526229977607727,0.5993570685386658,0.6508793830871582,0.6403641700744629
2,examiner,-0.21650612152334028,rapport,conclusion,formuler,aboutir,proposition,examiner,0.15385102187023747,0.01792641873012507,-0.22821336090259936,0.06514216744867704,0.2063047338241879,0.5256576538085938,0.49664443731307983,0.5364305377006531,0.60759437084198,0.6816366910934448
3,proposition,-0.31958424960796317,rapport,commission,adopter,proposition,sénat,rapporteur,-0.2993275042148217,-0.15173458817781466,0.13805520793846612,-0.3708634416107564,0.08996202488745365,0.5063669681549072,0.526229977607727,0.6633862853050232,0.5919582843780518,0.6403641700744629
