num_path,num_step,cue,best_word,temporary_best_word,q-value,current_word,neighbours,similarity,adequacy,originality,likeability,similarity_to_cue,adequacy_to_cue,originality_to_cue,likeability_to_cue,goal_value
1,0,masse,masse,masse,0.0,masse_0,volumique,0.4524819850921631,0.9001194458776245,0.2961927974278152,0.7360711901542142,1.0,1.0,0.0,0.0,0.9918175743648496
1,0,masse,masse,masse,0.0,masse_0,inertie,0.432171106338501,0.8408426333773122,0.4435907251155717,0.7345012443588184,1.0,1.0,0.0,0.0,0.9918175743648496
1,1,masse,volumique,volumique,0.4360634039473411,volumique_1,cinétique,0.5067159533500671,0.9836719588348755,0.3479778560377761,0.8127876630705597,0.4524819552898407,0.8351194426551392,0.38119281835339547,0.7102180777454101,0.9918175743648496
1,1,masse,volumique,volumique,0.4360634039473411,volumique_1,densité,0.5056172013282776,0.90356193281996,0.35171618872146476,0.7585498492233528,0.4524819552898407,0.8351194426551392,0.38119281835339547,0.7102180777454101,0.9918175743648496
1,2,masse,cinétique,cinétique,0.8913059261237686,cinétique_2,viscosité,0.5441411733627319,0.8105173252184174,0.3451488154923888,0.6860154404301814,0.3635096848011017,0.9052996555027073,0.4045597447022812,0.7695831004749049,0.919246270694849
1,2,masse,cinétique,cinétique,0.8913059261237686,cinétique_2,gradient,0.538121223449707,0.9878786009253823,0.3611037816822685,0.8193603305711058,0.3635096848011017,0.9052996555027073,0.4045597447022812,0.7695831004749049,0.919246270694849
1,3,masse,gradient,gradient,1.3663344410928326,gradient_3,cisaillement,0.5744613409042358,0.8759415543976593,0.20241829258394015,0.6904334589213257,0.31418830156326294,0.8457204313531881,0.548762059431758,0.7665281920790528,0.8519850101744024
1,3,masse,gradient,gradient,1.3663344410928326,gradient_3,équation,0.5716778039932251,0.99560969191605,0.36821777940225936,0.8258429526685065,0.31418830156326294,0.8457204313531881,0.548762059431758,0.7665281920790528,0.8519850101744024
1,4,masse,équation,équation,1.8597989267163586,équation,,,,,,0.2805919051170349,0.8753844468296248,0.5619165852719106,0.7904525973313801,0.7896452568833294
