num_path,num_step,cue,best_word,temporary_best_word,q-value,current_word,neighbours,similarity,adequacy,originality,likeability,similarity_to_cue,adequacy_to_cue,originality_to_cue,likeability_to_cue,goal_value
1,0,rose,rose,rose,0.0,rose_0,fleur,0.6601338386535645,0.84294092875631,0.28076722677476146,0.6889535060960593,1.0,1.0,0.0,0.0,0.9918175743648496
1,0,rose,rose,rose,0.0,rose_0,violet,0.6219766139984131,0.9183754261619351,0.16397795715749483,0.7080512850136103,1.0,1.0,0.0,0.0,0.9918175743648496
1,1,rose,violet,violet,0.42905842766219016,violet_1,bleu,0.7007799744606018,0.8297907523571079,0.28000468556225727,0.679625514382917,0.6219766139984131,0.9303754261619351,0.34197795715749485,0.7652855857827234,0.9918175743648496
1,1,rose,violet,violet,0.42905842766219016,violet_1,jaune,0.6689918041229248,0.8686905085563569,0.15915703628884587,0.6669052216243923,0.6219766139984131,0.9303754261619351,0.34197795715749485,0.7652855857827234,0.9918175743648496
1,2,rose,bleu,bleu,-0.14898958733329304,bleu_2,rouge,0.7446430325508118,0.9910346284939219,0.22700753752259956,0.7875310238417048,0.6001333594322205,0.8402181432881337,0.20591465174066698,0.673515303691563,0.919246270694849
1,2,rose,bleu,bleu,-0.14898958733329304,bleu_2,jaune,0.7431108951568604,0.8425533623686046,0.21799159224972905,0.6721391644802605,0.6001333594322205,0.8402181432881337,0.20591465174066698,0.673515303691563,0.919246270694849
1,3,rose,rouge,rouge,0.3180816009534209,rouge_3,jaune,0.7813577651977539,0.9778632534474234,0.10923760778093132,0.7239854561733748,0.540097713470459,0.9240871355526561,0.281803764978159,0.7433395637455209,0.8519850101744024
1,3,rose,rouge,rouge,0.3180816009534209,rouge_3,blanc,0.7018178701400757,0.9920459468724212,0.2963454842247457,0.7950889454359615,0.540097713470459,0.9240871355526561,0.281803764978159,0.7433395637455209,0.8519850101744024
1,4,rose,blanc,blanc,0.8038575847688108,blanc,,,,,,0.5305752754211426,1.0,0.3220811093481071,0.8165803826216902,0.7896452568833294
