num_path,num_step,cue,best_word,temporary_best_word,q-value,current_word,neighbours,similarity,adequacy,originality,likeability,similarity_to_cue,adequacy_to_cue,originality_to_cue,likeability_to_cue,goal_value
1,0,mari,mari,mari,0.0,mari_0,mère,0.7215576767921448,0.8642067034935889,0.17378262927902935,0.6820630412863646,1.0,1.0,0.0,0.0,0.9918175743648496
1,0,mari,mari,mari,0.0,mari_0,fille,0.6745692491531372,0.906840801432702,0.13362441396019306,0.6876832391876712,1.0,1.0,0.0,0.0,0.9918175743648496
1,1,mari,fille,fille,0.4239664162057054,fille_1,mère,0.7733471989631653,0.8868436938297433,0.07545824102285423,0.6579569499532698,0.674569308757782,1.0,0.31662437620500117,0.808085219995007,0.9918175743648496
1,1,mari,fille,fille,0.4239664162057054,fille_1,garçon,0.7421991229057312,1.0,0.27057694527505816,0.7965528218949588,0.674569308757782,1.0,0.31662437620500117,0.808085219995007,0.9918175743648496
1,2,mari,garçon,garçon,0.8751502280882327,garçon_2,mère,0.7460517883300781,0.91748078688968,0.2451022434886913,0.7360361143367371,0.5030381679534912,0.8943038504477908,0.31845153022567113,0.7402020012794316,0.919246270694849
1,2,mari,garçon,garçon,0.8751502280882327,garçon_2,soeur,0.6991270780563354,0.8333875548823119,0.14105426766717105,0.6505681165778486,0.5030381679534912,0.8943038504477908,0.31845153022567113,0.7402020012794316,0.919246270694849
1,3,mari,mère,mère,0.3293476889987047,mère_3,soeur,0.7461815476417542,1.0,0.2630188339709412,0.7947702139926521,0.7215577363967896,0.9572067199871561,0.11778259126003561,0.7351682799327887,0.8519850101744024
1,3,mari,mère,mère,0.3293476889987047,mère_3,père,0.7318856716156006,0.8711510266771858,0.23918555470311326,0.704601177679131,0.7215577363967896,0.9572067199871561,0.11778259126003561,0.7351682799327887,0.8519850101744024
1,4,mari,fille,soeur,0.8150439899532671,soeur,,,,,,0.636538565158844,0.9297084065972495,0.19072443426112057,0.7353095496700485,0.7896452568833294
