num_path,num_step,cue,best_word,temporary_best_word,q-value,current_word,neighbours,similarity,adequacy,originality,likeability,similarity_to_cue,adequacy_to_cue,originality_to_cue,likeability_to_cue,goal_value
1,0,passage,passage,passage,0.0,passage_0,traverser,0.5044552087783813,0.9514456269949516,0.41249765208044337,0.8044611100352113,1.0,1.0,0.0,0.0,0.9918175743648496
1,0,passage,passage,passage,0.0,passage_0,demi-tour,0.44796937704086304,0.9876279098323686,0.2823678952086788,0.8025619016059873,1.0,1.0,0.0,0.0,0.9918175743648496
1,1,passage,traverser,traverser,0.4531608839175904,traverser_1,route,0.5916343331336975,0.8500867611245133,0.19836131796565876,0.6782139630074762,0.5044552087783813,0.9974456269949515,0.3684976520804434,0.8303595590226523,0.9918175743648496
1,1,passage,traverser,traverser,0.4531608839175904,traverser_1,longer,0.5911509394645691,0.901023886361145,0.26267157579661415,0.7332378863976876,0.5044552087783813,0.9974456269949515,0.3684976520804434,0.8303595590226523,0.9918175743648496
1,2,passage,longer,longer,-0.1114840380742001,longer_2,route,0.6685441136360168,0.8845998344415319,0.23744057657355533,0.700536965020447,0.35957634449005127,0.7926348507650444,0.39560016142756,0.6862895222237331,0.919246270694849
1,2,passage,longer,longer,-0.1114840380742001,longer_2,descendre,0.615595281124115,0.9064130664047442,0.35204144487395783,0.7542302121620301,0.35957634449005127,0.7926348507650444,0.39560016142756,0.6862895222237331,0.919246270694849
1,3,passage,descendre,descendre,0.3472619472925952,descendre_3,redescendre,0.6733677983283997,1.0,0.29138542911948545,0.8054181526174621,0.38244152069091797,0.8352945628044042,0.43611930140828287,0.7284888179362039,0.8519850101744024
1,3,passage,descendre,descendre,0.3472619472925952,descendre_3,route,0.6458070874214172,0.8513004878455785,0.2898452347163572,0.695253437030085,0.38244152069091797,0.8352945628044042,0.43611930140828287,0.7284888179362039,0.8519850101744024
1,4,passage,traverser,redescendre,0.8356202329033601,redescendre,,,,,,0.3439825773239136,0.8388410319682286,0.49479596341938165,0.7463140064127162,0.7896452568833294
