num_path,num_step,cue,best_word,temporary_best_word,q-value,current_word,neighbours,similarity,adequacy,originality,likeability,similarity_to_cue,adequacy_to_cue,originality_to_cue,likeability_to_cue,goal_value
1,0,objet,objet,objet,0.0,objet_0,élément,0.5250152349472046,0.9965203077942452,0.3827633301140342,0.8348402723814207,1.0,1.0,0.0,0.0,0.9918175743648496
1,0,objet,objet,objet,0.0,objet_0,forme,0.4750157594680786,0.9654828613832631,0.27152821316259645,0.7682962401264014,1.0,1.0,0.0,0.0,0.9918175743648496
1,1,objet,élément,élément,0.4607556745041428,élément_1,constitutif,0.6195377111434937,0.8900034982646188,0.3435303080952192,0.7394315631911572,0.5250152349472046,0.8595203077942452,0.3907633301140342,0.7326030291746592,0.9918175743648496
1,1,objet,élément,élément,0.4607556745041428,élément_1,caractéristique,0.5982762575149536,0.9369666345396865,0.329103494880113,0.772363945468949,0.5250152349472046,0.8595203077942452,0.3907633301140342,0.7326030291746592,0.9918175743648496
1,2,objet,caractéristique,caractéristique,-0.0941077327198323,caractéristique_2,type,0.6190516352653503,0.9289299878140739,0.2778397923742525,0.7545102931366713,0.4351263642311096,0.8621850046889944,0.4034783645210182,0.7352988589285326,0.919246270694849
1,2,objet,caractéristique,caractéristique,-0.0941077327198323,caractéristique_2,constitutif,0.6069580912590027,0.9091641340749225,0.17155149465952288,0.7070589072711483,0.4351263642311096,0.8621850046889944,0.4034783645210182,0.7352988589285326,0.919246270694849
1,3,objet,type,type,-0.6352917271093768,type_3,différent,0.6478044986724854,1.0,0.28057902476337077,0.8060643620210114,0.40614819526672363,0.8136228253308486,0.32546533942281136,0.6816309387564953,0.8519850101744024
1,3,objet,type,type,-0.6352917271093768,type_3,spécifique,0.6445971131324768,0.9410876514576761,0.32361238819029453,0.769539814861167,0.40614819526672363,0.8136228253308486,0.32546533942281136,0.6816309387564953,0.8519850101744024
1,4,objet,caractéristique,différent,-0.14677188914772454,différent,,,,,,0.3889947533607483,0.8382580854072427,0.45219299514720185,0.7352203860748718,0.7896452568833294
