num_path,num_step,cue,best_word,temporary_best_word,q-value,current_word,neighbours,similarity,adequacy,originality,likeability,similarity_to_cue,adequacy_to_cue,originality_to_cue,likeability_to_cue,goal_value
1,0,sens,sens,sens,0.0,sens_0,signification,0.6398046016693115,0.952259492094741,0.2556519622319393,0.7638191189097636,1.0,1.0,0.0,0.0,0.9918175743648496
1,0,sens,sens,sens,0.0,sens_0,pensée,0.5979962944984436,0.8699289317391953,0.255282777026844,0.6962518633948814,1.0,1.0,0.0,0.0,0.9918175743648496
1,1,sens,signification,signification,0.4430003861362285,signification_1,signifiant,0.672766923904419,0.8234648739644527,0.16376601987419487,0.632807457434501,0.6398046016693115,0.999259492094741,0.3216519622319393,0.8177993926627126,0.9918175743648496
1,1,sens,signification,signification,0.4430003861362285,signification_1,signifier,0.652661144733429,0.836535513924535,0.313501167144769,0.6980910879085238,0.6398046016693115,0.999259492094741,0.3216519622319393,0.8177993926627126,0.9918175743648496
1,2,sens,signifier,signifier,-0.13043123547785296,signifier_2,signifiant,0.7194674015045166,0.9636317646669422,0.22411556218336645,0.7666698792502807,0.5560534000396729,0.8918166826441132,0.26536139145382853,0.7200232323702418,0.919246270694849
1,2,sens,signifier,signifier,-0.13043123547785296,signifier_2,supposer,0.6347928047180176,0.924418157242601,0.18283259987844253,0.7151873564660847,0.5560534000396729,0.8918166826441132,0.26536139145382853,0.7200232323702418,0.919246270694849
1,3,sens,signifiant,signifiant,0.331424666661005,signifiant_3,acception,0.6332888603210449,0.9881704851530242,0.2317874997209988,0.7878924457429013,0.5176148414611816,0.8027680428415259,0.3556848198838748,0.6847246086692808,0.8519850101744024
1,3,sens,signifiant,signifiant,0.331424666661005,signifiant_3,terme,0.6031714081764221,1.0,0.30097128860133016,0.8154680779458409,0.5176148414611816,0.8027680428415259,0.3556848198838748,0.6847246086692808,0.8519850101744024
1,4,sens,signification,terme,0.8222954336038646,terme,,,,,,0.5264464616775513,0.819666842640788,0.33681424367103807,0.6898477471283118,0.7896452568833294
