num_path,num_step,cue,best_word,temporary_best_word,q-value,current_word,neighbours,similarity,adequacy,originality,likeability,similarity_to_cue,adequacy_to_cue,originality_to_cue,likeability_to_cue,goal_value
1,0,toit,toit,toit,0.0,toit_0,toiture,0.5902721285820007,0.9679099721453185,0.37323576113719814,0.8033211471830054,1.0,1.0,0.0,0.0,0.9918175743648496
1,0,toit,toit,toit,0.0,toit_0,chaume,0.5284404158592224,0.8588716466699399,0.33649343149024546,0.71649814071767,1.0,1.0,0.0,0.0,0.9918175743648496
1,1,toit,toiture,toiture,0.4528758932045389,toiture_1,tuile,0.5989519953727722,0.9140578653823831,0.19867083336831465,0.7133825216103817,0.5902720093727112,0.8229099567271982,0.19223583767999705,0.6525062115841449,0.9918175743648496
1,1,toit,toiture,toiture,0.4528758932045389,toiture_1,façade,0.593336820602417,0.8773094358695307,0.31926902252620676,0.7223228279454642,0.5902720093727112,0.8229099567271982,0.19223583767999705,0.6525062115841449,0.9918175743648496
1,2,toit,façade,façade,-0.11449779340030741,façade_2,bâtiment,0.5942190289497375,0.884425587165156,0.18670326003374235,0.69991682014326,0.4445110559463501,0.8592460835184977,0.3498102188293182,0.7211403825436474,0.919246270694849
1,2,toit,façade,façade,-0.11449779340030741,façade_2,tuile,0.5768619775772095,0.934231096629477,0.27086806483808834,0.7527728870639866,0.4445110559463501,0.8592460835184977,0.3498102188293182,0.7211403825436474,0.919246270694849
1,3,toit,tuile,tuile,0.34388386069197696,tuile_3,brique,0.5941266417503357,0.8224133988281964,0.3587625002181712,0.6969789985022427,0.5089776515960693,0.8598986334589811,0.3384598729382924,0.7203820076169068,0.8519850101744024
1,3,toit,tuile,tuile,0.34388386069197696,tuile_3,ardoise,0.5915399193763733,1.0,0.28942191165206055,0.799169272593212,0.5089776515960693,0.8598986334589811,0.3384598729382924,0.7203820076169068,0.8519850101744024
1,4,toit,façade,ardoise,0.8306799262966793,ardoise,,,,,,0.4382689297199249,0.8615446048098315,0.3382387737660987,0.7197689989314316,0.7896452568833294
