num_path,num_step,cue,best_word,temporary_best_word,q-value,current_word,neighbours,similarity,adequacy,originality,likeability,similarity_to_cue,adequacy_to_cue,originality_to_cue,likeability_to_cue,goal_value
1,0,acte,acte,acte,0.0,acte_0,notarié,0.5187137126922607,0.9568792355881768,0.2839525178938434,0.7757519987808629,1.0,1.0,0.0,0.0,0.9918175743648496
1,0,acte,acte,acte,0.0,acte_0,civil,0.47183138132095337,0.9251563169510109,0.3187233608700465,0.7615058318429221,1.0,1.0,0.0,0.0,0.9918175743648496
1,1,acte,notarié,notarié,0.44598360610400334,notarié_1,notaire,0.5467819571495056,0.9168010573827688,0.21741812444117722,0.7206151108836262,0.518713653087616,0.9528792295525671,0.32695255760057784,0.7767539814904452,0.9918175743648496
1,1,acte,notarié,notarié,0.44598360610400334,notarié_1,hypothèque,0.4844886064529419,0.87244438213377,0.3090322075231756,0.7221757869763096,0.518713653087616,0.9528792295525671,0.32695255760057784,0.7767539814904452,0.9918175743648496
1,2,acte,hypothèque,hypothèque,-0.1214268407431317,hypothèque_2,notaire,0.5803437829017639,0.9806567331347543,0.22862241288547663,0.7663900514989295,0.33808499574661255,0.9347146920243465,0.5074691648342613,0.8178393539606772,0.919246270694849
1,2,acte,hypothèque,hypothèque,-0.1214268407431317,hypothèque_2,acquéreur,0.49519112706184387,0.8675189792584661,0.41875182615120515,0.7457676816539189,0.33808499574661255,0.9347146920243465,0.5074691648342613,0.8178393539606772,0.919246270694849
1,3,acte,notaire,notaire,0.3403591044578884,notaire_3,acquéreur,0.543807864189148,0.9894816739481771,0.3433674374430029,0.8151446063252621,0.34973734617233276,0.8069024223824507,0.4242683877153348,0.7019594471398153,0.8519850101744024
1,3,acte,notaire,notaire,0.3403591044578884,notaire_3,notarial,0.5201604962348938,0.9510258825976797,0.3909891793709767,0.7997372509273029,0.34973734617233276,0.8069024223824507,0.4242683877153348,0.7019594471398153,0.8519850101744024
1,4,acte,hypothèque,acquéreur,0.8311490034956033,acquéreur,,,,,,0.26284468173980713,0.7772785773302064,0.5443096222553095,0.7157920435789321,0.7896452568833294
