num_path,num_step,cue,best_word,temporary_best_word,q-value,current_word,neighbours,similarity,adequacy,originality,likeability,similarity_to_cue,adequacy_to_cue,originality_to_cue,likeability_to_cue,goal_value
1,0,question,question,question,0.0,question_0,poser,0.7728534936904907,1.0,0.2207793101788315,0.7881409207638254,1.0,1.0,0.0,0.0,0.9918175743648496
1,0,question,question,question,0.0,question_0,réponse,0.6947500705718994,0.8413386880492758,0.29183239944753875,0.6878753402011722,1.0,1.0,0.0,0.0,0.9918175743648496
1,1,question,poser,poser,0.44908083659974396,poser_1,réponse,0.6739184856414795,0.8707045969822825,0.23403662026306826,0.6953714060630813,0.7728536128997803,0.9826618064437227,0.24277923266337048,0.7846228844665638,0.9918175743648496
1,1,question,poser,poser,0.44908083659974396,poser_1,interrogation,0.640407383441925,0.826362367045466,0.2652695625490886,0.6735877862281247,0.7728536128997803,0.9826618064437227,0.24277923266337048,0.7846228844665638,0.9918175743648496
1,2,question,réponse,réponse,-0.12503070547569817,réponse_2,répondre,0.6781542301177979,0.9246007325162346,0.1453534148041799,0.7028979215329754,0.6947499513626099,0.905338659851601,0.19283247508778137,0.7157665943203184,0.919246270694849
1,2,question,réponse,réponse,-0.12503070547569817,réponse_2,interrogation,0.6327038407325745,0.9350747308971697,0.24915900699850946,0.7466113158579741,0.6947499513626099,0.905338659851601,0.19283247508778137,0.7157665943203184,0.919246270694849
1,3,question,interrogation,interrogation,0.3318105558150831,interrogation_3,répondre,0.6491926908493042,0.8539042283562843,0.24269914873103615,0.691914403791989,0.6761825084686279,0.9521807553353236,0.23360249898605878,0.7546169848327486,0.8519850101744024
1,3,question,interrogation,interrogation,0.3318105558150831,interrogation_3,interroger,0.6094107627868652,0.9785127463515775,0.3329855513418956,0.7983326031736167,0.6761825084686279,0.9521807553353236,0.23360249898605878,0.7546169848327486,0.8519850101744024
1,4,question,interroger,interroger,0.8183974540648866,interroger,,,,,,0.5981262922286987,0.9829464317303825,0.33819952734080266,0.8033232040963134,0.7896452568833294
