num_path,num_step,cue,best_word,temporary_best_word,q-value,current_word,neighbours,similarity,adequacy,originality,likeability,similarity_to_cue,adequacy_to_cue,originality_to_cue,likeability_to_cue,goal_value
1,0,table,table,table,0.0,table_0,rond,0.6174782514572144,0.9426934256388398,0.3188417982856087,0.7739312680390865,1.0,1.0,0.0,0.0,0.9918175743648496
1,0,table,table,table,0.0,table_0,ronde,0.521054744720459,0.9301166748115329,0.22739420607438152,0.7312657725010857,1.0,1.0,0.0,0.0,0.9918175743648496
1,1,table,rond,rond,0.44552842341855925,rond_1,ronde,0.6499526500701904,0.9000414308732655,0.30921750807412024,0.7410409830784237,0.6174782514572144,0.9506934256388399,0.2538417982856087,0.7572196051410126,0.9918175743648496
1,1,table,rond,rond,0.44552842341855925,rond_1,chaise,0.4611298143863678,0.9170425070869267,0.2951444624348239,0.75007204247468,0.6174782514572144,0.9506934256388399,0.2538417982856087,0.7572196051410126,0.9918175743648496
1,2,table,chaise,chaise,-0.11490795955398314,chaise_2,ronde,0.5866603851318359,0.9034470242283477,0.3165563349091585,0.7478143925192493,0.514431357383728,0.8094467423783448,0.3358093970183128,0.6840641611021336,0.919246270694849
1,2,table,chaise,chaise,-0.11490795955398314,chaise_2,asseoir,0.529952883720398,0.9660275359549222,0.31949266080665556,0.7845550192781309,0.514431357383728,0.8094467423783448,0.3358093970183128,0.6840641611021336,0.919246270694849
1,3,table,asseoir,asseoir,0.3514192275918373,asseoir_3,tabouret,0.5790935158729553,0.9875031019526441,0.2944284268634796,0.7924185668785806,0.36671340465545654,0.8908298862039753,0.40209372025785617,0.760635336251855,0.8519850101744024
1,3,table,asseoir,asseoir,0.3514192275918373,asseoir_3,canapé,0.5306986570358276,0.949104582478753,0.29699954306377957,0.7673890898323703,0.36671340465545654,0.8908298862039753,0.40209372025785617,0.760635336251855,0.8519850101744024
1,4,table,tabouret,tabouret,0.8365276167678819,tabouret,,,,,,0.3949975371360779,0.9091105059602459,0.48571189496558725,0.7929621442153624,0.7896452568833294
