num_path,num_step,cue,best_word,temporary_best_word,q-value,current_word,neighbours,similarity,adequacy,originality,likeability,likeability_to_cue,goal_value
1,0,peau,peau,peau,0.0,peau_0,épiderme,0.6471028327941895,0.8945301160866521,0.3170238017149271,0.7150668393836724,0.0,1.0012749218057624
1,0,peau,peau,peau,0.0,peau_0,hydratant,0.5668363571166992,0.8920419132310531,0.23635295130464268,0.6878275019616102,0.0,1.0012749218057624
1,0,peau,peau,peau,0.0,peau_0,teint,0.549728274345398,1.0,0.36849015357782305,0.7946378832894341,0.0,1.0012749218057624
1,0,peau,peau,peau,0.0,peau_0,cutané,0.5459931492805481,0.952716065949786,0.21493482042176112,0.718729511945788,0.0,1.0012749218057624
1,1,peau,teint,teint,0.4483407403709179,teint_1,épiderme,0.6064151525497437,0.8800875930647987,0.2658982857812091,0.6771722557418441,0.7327656035975567,1.0012749218057624
1,1,peau,teint,teint,0.4483407403709179,teint_1,hydratant,0.6045218110084534,0.9858224380838178,0.31010803940384385,0.7724755520806683,0.7327656035975567,1.0012749218057624
1,1,peau,teint,teint,0.4483407403709179,teint_1,hydrater,0.5613523721694946,0.8994123619729719,0.2629127085299545,0.701137639420009,0.7327656035975567,1.0012749218057624
1,1,peau,teint,teint,0.4483407403709179,teint_1,ride,0.5456790924072266,0.8536822849091534,0.3271406009673962,0.6878533098331955,0.7327656035975567,1.0012749218057624
1,2,peau,hydratant,hydratant,-0.1088591020603556,hydratant_2,hydrater,0.6693325042724609,0.9887596764918034,0.14694125633998562,0.7198243288028465,0.6701983522342306,0.8796486191746733
1,2,peau,hydratant,hydratant,-0.1088591020603556,hydratant_2,épiderme,0.66130131483078,0.9801662387123764,0.2750277630185504,0.7481982308723486,0.6701983522342306,0.8796486191746733
1,2,peau,hydratant,hydratant,-0.1088591020603556,hydratant_2,ride,0.5766699314117432,0.9892078177816774,0.3069920222925341,0.7756005475609593,0.6701983522342306,0.8796486191746733
1,2,peau,hydratant,hydratant,-0.1088591020603556,hydratant_2,crème,0.547210693359375,0.9128473399761063,0.3171373816075531,0.7206487909652701,0.6701983522342306,0.8796486191746733
1,3,peau,ride,ride,0.3651288800362159,ride,,,,,,0.8064138326495408,0.7727964381854512
