num_path,num_step,cue,best_word,temporary_best_word,q-value,current_word,neighbours,similarity,adequacy,originality,likeability,likeability_to_cue,goal_value
1,0,lutte,lutte,lutte,0.0,lutte_0,lutter,0.7564808130264282,0.9018943917175916,0.2603850903969399,0.6995202291944481,0.0,1.0012749218057624
1,0,lutte,lutte,lutte,0.0,lutte_0,combattre,0.5495939254760742,0.837105767477913,0.37357800011038744,0.6938488664699004,0.0,1.0012749218057624
1,0,lutte,lutte,lutte,0.0,lutte_0,mobilisation,0.5405255556106567,0.9721324227096313,0.3815225521486257,0.7834591743762057,0.0,1.0012749218057624
1,0,lutte,lutte,lutte,0.0,lutte_0,répression,0.5022459030151367,0.8972246038957319,0.2789852708206135,0.6972106348522745,0.0,1.0012749218057624
1,1,lutte,mobilisation,mobilisation,0.4455460631426108,mobilisation_1,mobiliser,0.698339581489563,0.9301968374226789,0.17255423019352426,0.6781066311904109,0.6820680019736475,1.0012749218057624
1,1,lutte,mobilisation,mobilisation,0.4455460631426108,mobilisation_1,lutter,0.6400038599967957,0.9492934583685628,0.15352555121862885,0.6911934037278818,0.6820680019736475,1.0012749218057624
1,1,lutte,mobilisation,mobilisation,0.4455460631426108,mobilisation_1,action,0.5924569964408875,1.0,0.25983342655487107,0.7618340794696022,0.6820680019736475,1.0012749218057624
1,1,lutte,mobilisation,mobilisation,0.4455460631426108,mobilisation_1,solidarité,0.5716129541397095,0.8206020085690562,0.20025972927456456,0.6187693021977934,0.6820680019736475,1.0012749218057624
1,2,lutte,action,action,-0.1143141474414292,action_2,mobiliser,0.7350665926933289,0.8520933523147083,0.26114967024654273,0.6661534834846244,0.7609046133862181,0.8796486191746733
1,2,lutte,action,action,-0.1143141474414292,action_2,solidarité,0.6109088063240051,0.9927279962044634,0.33202961507299084,0.7782787214133343,0.7609046133862181,0.8796486191746733
1,2,lutte,action,action,-0.1143141474414292,action_2,initiative,0.5998339056968689,0.8661774211007097,0.3381063031150267,0.696943902799522,0.7609046133862181,0.8796486191746733
1,2,lutte,action,action,-0.1143141474414292,action_2,renforcement,0.5991177558898926,0.9660802941846679,0.2415647144092851,0.7249940355355656,0.7609046133862181,0.8796486191746733
1,3,lutte,action,solidarité,0.360343378118236,solidarité,,,,,,0.683845385138157,0.7727964381854512
