num_path,num_step,cue,best_word,temporary_best_word,q-value,current_word,neighbours,similarity,adequacy,originality,likeability,likeability_to_cue,goal_value
1,0,enfant,enfant,enfant,0.0,enfant_0,parent,0.7980417013168335,0.8875738140748337,0.15929171389911612,0.649703861359486,0.0,1.0012749218057624
1,0,enfant,enfant,enfant,0.0,enfant_0,adulte,0.7335328459739685,0.9896368669653824,0.18113156718475254,0.732186504575585,0.0,1.0012749218057624
1,0,enfant,enfant,enfant,0.0,enfant_0,famille,0.6748325824737549,0.8648960681175115,0.23845761069126936,0.6580854500893188,0.0,1.0012749218057624
1,0,enfant,enfant,enfant,0.0,enfant_0,adolescent,0.6743062138557434,0.8887856843061389,0.3247910268109856,0.7053582171638617,0.0,1.0012749218057624
1,1,enfant,adulte,adulte,0.4327278956924556,adulte_1,adolescent,0.7550124526023865,0.9264018104322854,0.22633253008394066,0.6957376977440756,0.648466370283845,1.0012749218057624
1,1,enfant,adulte,adulte,0.4327278956924556,adulte_1,parent,0.7231104373931885,0.8596383049202726,0.11379199608597874,0.6020429828183486,0.648466370283845,1.0012749218057624
1,1,enfant,adulte,adulte,0.4327278956924556,adulte_1,famille,0.5900986790657043,0.8328875485442482,0.22834713435729675,0.6407149940765698,0.648466370283845,1.0012749218057624
1,1,enfant,adulte,adulte,0.4327278956924556,adulte_1,jeune,0.5895792841911316,0.8348205176053461,0.23868068304910464,0.6388793219962202,0.648466370283845,1.0012749218057624
1,2,enfant,adolescent,adolescent,-0.14365641032296605,adolescent_2,parent,0.7126890420913696,0.9048145064609598,0.2024333861398353,0.6760352138185978,0.64535800933397,0.8796486191746733
1,2,enfant,adolescent,adolescent,-0.14365641032296605,adolescent_2,ados,0.6533675789833069,0.9506657015420031,0.26905356123887125,0.7271290092662241,0.64535800933397,0.8796486191746733
1,2,enfant,adolescent,adolescent,-0.14365641032296605,adolescent_2,jeune,0.6453096270561218,0.9762127984566833,0.338160625436302,0.7747105136487432,0.64535800933397,0.8796486191746733
1,2,enfant,adolescent,adolescent,-0.14365641032296605,adolescent_2,enfance,0.6114276647567749,0.9028029661821242,0.3516986075297778,0.7229295406901509,0.64535800933397,0.8796486191746733
1,3,enfant,jeune,jeune,0.33010906329555145,jeune,,,,,,0.7430990674727599,0.7727964381854512
