num_path,num_step,cue,best_word,temporary_best_word,q-value,current_word,neighbours,similarity,adequacy,originality,likeability,likeability_to_cue,goal_value
1,0,vin,vin,vin,0.0,vin_0,dégustation,0.6253077387809753,0.8618918768359206,0.31185899077334894,0.681654148726344,0.0,1.0012749218057624
1,0,vin,vin,vin,0.0,vin_0,vigneron,0.5699359774589539,0.8594040694208755,0.3013449455864159,0.6828689098181372,0.0,1.0012749218057624
1,0,vin,vin,vin,0.0,vin_0,cuvée,0.5591551065444946,0.944163914302028,0.22834163322021434,0.7145274982670595,0.0,1.0012749218057624
1,0,vin,vin,vin,0.0,vin_0,déguster,0.5550857782363892,0.9047091634062558,0.361992133105324,0.7295405001478701,0.0,1.0012749218057624
1,1,vin,déguster,déguster,0.4320663945855269,déguster_1,dégustation,0.7250320315361023,0.8401777917321799,0.27956548727637653,0.6642299256011177,0.6914170438373928,1.0012749218057624
1,1,vin,déguster,déguster,0.4320663945855269,déguster_1,apéritif,0.6193958520889282,0.8159820235942795,0.32962062622007265,0.6571227095610533,0.6914170438373928,1.0012749218057624
1,1,vin,déguster,déguster,0.4320663945855269,déguster_1,gastronomique,0.6073742508888245,0.8262229559786672,0.26728571688445046,0.6463043443817016,0.6914170438373928,1.0012749218057624
1,1,vin,déguster,déguster,0.4320663945855269,déguster_1,gastronomie,0.6049114465713501,0.9478767829348849,0.30385902718736635,0.7353279997401085,0.6914170438373928,1.0012749218057624
1,2,vin,gastronomie,gastronomie,0.8655796640691135,gastronomie_2,gastronomique,0.7383641004562378,0.9500882968712623,0.1020369737779346,0.6538855688384748,0.7740281451063175,0.8796486191746733
1,2,vin,gastronomie,gastronomie,0.8655796640691135,gastronomie_2,dégustation,0.7291777729988098,0.9333621514981232,0.12991712688570928,0.6667450205332179,0.7740281451063175,0.8796486191746733
1,2,vin,gastronomie,gastronomie,0.8655796640691135,gastronomie_2,terroir,0.6963335871696472,0.9127150147859138,0.1868275246611513,0.6851753152105452,0.7740281451063175,0.8796486191746733
1,2,vin,gastronomie,gastronomie,0.8655796640691135,gastronomie_2,saveur,0.6424946784973145,0.9967214475991084,0.30194561713541895,0.7784649041315083,0.7740281451063175,0.8796486191746733
1,3,vin,gastronomie,saveur,1.3402837353083221,saveur,,,,,,0.6561057964215542,0.7727964381854512
