num_path,num_step,cue,best_word,temporary_best_word,q-value,current_word,neighbours,similarity,adequacy,originality,likeability,likeability_to_cue,goal_value
1,0,machine,machine,machine,0.0,machine_0,ordinateur,0.5200110673904419,0.913010722684907,0.3960886335718684,0.7535552217796433,0.0,1.0012749218057624
1,0,machine,machine,machine,0.0,machine_0,calculateur,0.4537571668624878,0.9342570538982675,0.4342979551002923,0.7797186568937037,0.0,1.0012749218057624
1,0,machine,machine,machine,0.0,machine_0,mécanique,0.4460809528827667,0.8614199870259204,0.4417005511572885,0.7281348484145753,0.0,1.0012749218057624
1,0,machine,machine,machine,0.0,machine_0,automate,0.44570180773735046,0.81737807635304,0.34896839670665925,0.6716872943601713,0.0,1.0012749218057624
1,1,machine,calculateur,calculateur,0.44461093377198535,calculateur_1,ordinateur,0.5532466769218445,0.8965058262159863,0.22719181251030895,0.6875328169919355,0.6981796368645569,1.0012749218057624
1,1,machine,calculateur,calculateur,0.44461093377198535,calculateur_1,processeur,0.5340892672538757,0.9984564639962066,0.30476045694293574,0.7710642272189105,0.6981796368645569,1.0012749218057624
1,1,machine,calculateur,calculateur,0.44461093377198535,calculateur_1,automate,0.4957072138786316,0.9265706264588426,0.40840227718885325,0.7607507139870306,0.6981796368645569,1.0012749218057624
1,1,machine,calculateur,calculateur,0.44461093377198535,calculateur_1,composant,0.48815950751304626,0.900813958745747,0.31452821174659285,0.7131823694078419,0.6981796368645569,1.0012749218057624
1,2,machine,processeur,processeur,-0.11294173987472755,processeur_2,ordinateur,0.5971110463142395,0.9558100779443258,0.2508497770199074,0.7323967936142981,0.6908661290149164,0.8796486191746733
1,2,machine,processeur,processeur,-0.11294173987472755,processeur_2,composant,0.5456288456916809,0.972676883215069,0.40717352761211223,0.7925287493675306,0.6908661290149164,0.8796486191746733
1,2,machine,processeur,processeur,-0.11294173987472755,processeur_2,programmable,0.4955047369003296,0.8895503646849896,0.24653939985862947,0.6782305683856936,0.6908661290149164,0.8796486191746733
1,2,machine,processeur,processeur,-0.11294173987472755,processeur_2,calcul,0.49066051840782166,0.8440650742669732,0.30282636387624345,0.673883886285609,0.6908661290149164,0.8796486191746733
1,3,machine,composant,composant,0.36527829267348677,composant,,,,,,0.7161427212364345,0.7727964381854512
