num_path,num_step,cue,best_word,temporary_best_word,q-value,current_word,neighbours,similarity,adequacy,originality,likeability,likeability_to_cue,goal_value
1,0,passage,passage,passage,0.0,passage_0,traverser,0.5044552087783813,0.9994456269949515,0.27849765208044336,0.762016515670414,0.0,1.0012749218057624
1,0,passage,passage,passage,0.0,passage_0,descente,0.4457331895828247,0.9423815474275467,0.42094622351428,0.7771687564795005,0.0,1.0012749218057624
1,0,passage,passage,passage,0.0,passage_0,franchissement,0.4446806311607361,0.9442649149550264,0.4466902771757998,0.7837543238671867,0.0,1.0012749218057624
1,0,passage,passage,passage,0.0,passage_0,virage,0.41075849533081055,0.869222981378462,0.4360843889216993,0.7322407175940053,0.0,1.0012749218057624
1,1,passage,franchissement,franchissement,0.4456198505153561,franchissement_1,franchir,0.5601630210876465,0.8942776206076484,0.32168597533456855,0.7139593393337209,0.7556245713322332,1.0012749218057624
1,1,passage,franchissement,franchissement,0.4456198505153561,franchissement_1,traverser,0.5166940093040466,0.8126749838734793,0.36229888998014836,0.6689253791604657,0.7556245713322332,1.0012749218057624
1,1,passage,franchissement,franchissement,0.4456198505153561,franchissement_1,tronçon,0.4452759921550751,0.923330939713313,0.4682693260132248,0.7783617474739348,0.7556245713322332,1.0012749218057624
1,1,passage,franchissement,franchissement,0.4456198505153561,franchissement_1,pont,0.43820589780807495,0.8085374360251891,0.41628362747748354,0.6865105639034085,0.7556245713322332,1.0012749218057624
1,2,passage,tronçon,tronçon,-0.11010844306760076,tronçon_2,traverser,0.5318518877029419,0.8452239668923947,0.25423745393719915,0.6525771699943345,0.758151770583196,0.8796486191746733
1,2,passage,tronçon,tronçon,-0.11010844306760076,tronçon_2,déviation,0.5247461795806885,0.991492802640735,0.40194184518288434,0.7995778471233268,0.758151770583196,0.8796486191746733
1,2,passage,tronçon,tronçon,-0.11010844306760076,tronçon_2,pont,0.5073009133338928,0.8617305583290288,0.3255850147519832,0.6907840035835715,0.758151770583196,0.8796486191746733
1,2,passage,tronçon,tronçon,-0.11010844306760076,tronçon_2,franchir,0.503366231918335,0.8493366689652518,0.41223060726219823,0.7138360383891494,0.758151770583196,0.8796486191746733
1,3,passage,tronçon,déviation,0.3698738639195626,déviation,,,,,,0.7210856903728026,0.7727964381854512
