num_path,num_step,cue,best_word,temporary_best_word,q-value,current_word,neighbours,similarity,adequacy,originality,likeability,likeability_to_cue,goal_value
1,0,jeunesse,jeunesse,jeunesse,0.0,jeunesse_0,jeune,0.5610374808311462,0.9933766276698962,0.2541173941277038,0.752251524217299,0.0,1.0012749218057624
1,0,jeunesse,jeunesse,jeunesse,0.0,jeunesse_0,enfance,0.5513834357261658,0.8723011421724454,0.24640841250166562,0.6647931376290066,0.0,1.0012749218057624
1,0,jeunesse,jeunesse,jeunesse,0.0,jeunesse_0,éducation,0.5395640730857849,0.9100307236347918,0.40315461450095724,0.7505128302381106,0.0,1.0012749218057624
1,0,jeunesse,jeunesse,jeunesse,0.0,jeunesse_0,sport,0.5135064125061035,0.8703535979098542,0.30142754541172473,0.6848170702244576,0.0,1.0012749218057624
1,1,jeunesse,jeune,jeune,0.4377441506028842,jeune_1,adolescent,0.6318204998970032,0.9189307674985797,0.3107200246557636,0.7234049442958502,0.6370076445293892,1.0012749218057624
1,1,jeunesse,jeune,jeune,0.4377441506028842,jeune_1,enfance,0.564598798751831,1.0,0.25980427649392024,0.7670780937520902,0.6370076445293892,1.0012749218057624
1,1,jeunesse,jeune,jeune,0.4377441506028842,jeune_1,adulte,0.5357354879379272,0.9476283109317829,0.2586749843589437,0.7189923021706218,0.6370076445293892,1.0012749218057624
1,1,jeunesse,jeune,jeune,0.4377441506028842,jeune_1,éducateur,0.5024439096450806,0.8912444084805784,0.3518518468647963,0.7206393780582538,0.6370076445293892,1.0012749218057624
1,2,jeunesse,enfance,enfance,0.8791949435894661,enfance_2,adolescent,0.6857566833496094,0.9022672311417854,0.11753580725509846,0.6489881560661701,0.684621305812386,0.8796486191746733
1,2,jeunesse,enfance,enfance,0.8791949435894661,enfance_2,adolescence,0.5953798890113831,0.8225792309168628,0.2609590548843872,0.6443426871772959,0.684621305812386,0.8796486191746733
1,2,jeunesse,enfance,enfance,0.8791949435894661,enfance_2,enfant,0.5810667276382446,0.8227459793426769,0.30015653468548975,0.6594206113481659,0.684621305812386,0.8796486191746733
1,2,jeunesse,enfance,enfance,0.8791949435894661,enfance_2,adulte,0.5752573013305664,0.9780372083805149,0.3729041210163166,0.787026485124113,0.684621305812386,0.8796486191746733
1,3,jeunesse,adulte,adulte,1.356039410076826,adulte,,,,,,0.8149262632225902,0.7727964381854512
