num_path,num_step,cue,best_word,temporary_best_word,q-value,current_word,neighbours,similarity,adequacy,originality,likeability,likeability_to_cue,goal_value
1,0,table,table,table,0.0,table_0,rond,0.6174782514572144,0.9546934256388399,0.21284179828560873,0.7167500090422264,0.0,1.0012749218057624
1,0,table,table,table,0.0,table_0,ronde,0.521054744720459,0.9391166748115329,0.22539420607438151,0.7078575717461593,0.0,1.0012749218057624
1,0,table,table,table,0.0,table_0,chaise,0.5144314765930176,0.9774467543886517,0.369809317374981,0.7883514533298454,0.0,1.0012749218057624
1,0,table,table,table,0.0,table_0,convive,0.4402358829975128,0.9337674333407384,0.35784044762987266,0.7489448012352874,0.0,1.0012749218057624
1,1,table,chaise,chaise,0.4467691328810207,chaise_1,asseoir,0.6054872274398804,0.9639573006735113,0.28349110279568446,0.7458864804577644,0.7450760925642991,1.0012749218057624
1,1,table,chaise,chaise,0.4467691328810207,chaise_1,canapé,0.5582818388938904,0.9240657480836386,0.26890996685189994,0.7100383563015404,0.7450760925642991,1.0012749218057624
1,1,table,chaise,chaise,0.4467691328810207,chaise_1,rond,0.5357699394226074,0.9926319146164706,0.3826522794170601,0.7927587023624323,0.7450760925642991,1.0012749218057624
1,1,table,chaise,chaise,0.4467691328810207,chaise_1,fauteuil,0.5229274034500122,0.8023072029280497,0.30014939305221144,0.6389348500623677,0.7450760925642991,1.0012749218057624
1,2,table,rond,rond,0.8946400780201882,rond_2,ronde,0.5866603851318359,0.8894470242283476,0.28355633490915855,0.7022733782136119,0.6824811159428171,0.8796486191746733
1,2,table,rond,rond,0.8946400780201882,rond_2,asseoir,0.529952883720398,0.8970275359549222,0.38449266080665556,0.738182811030384,0.6824811159428171,0.8796486191746733
1,2,table,rond,rond,0.8946400780201882,rond_2,canapé,0.4729934334754944,0.911275706510171,0.26092161974514294,0.700527950526593,0.6824811159428171,0.8796486191746733
1,2,table,rond,rond,0.8946400780201882,rond_2,fauteuil,0.4198547601699829,0.9193677236123909,0.4864612485873673,0.7848236179868987,0.6824811159428171,0.8796486191746733
1,3,table,chaise,fauteuil,0.37093382772324457,fauteuil,,,,,,0.7418118869619159,0.7727964381854512
