num_path,num_step,cue,best_word,temporary_best_word,q-value,current_word,neighbours,similarity,adequacy,originality,likeability,likeability_to_cue,goal_value
1,0,rapport,rapport,rapport,0.0,rapport_0,conclusion,0.5636680126190186,0.8076765040585477,0.2544084526079406,0.6297902683640727,0.0,1.0012749218057624
1,0,rapport,rapport,rapport,0.0,rapport_0,commission,0.5318250060081482,0.8242211806242904,0.2572552120199065,0.6368266337885732,0.0,1.0012749218057624
1,0,rapport,rapport,rapport,0.0,rapport_0,synthèse,0.5039327144622803,0.9933933444354092,0.3728492538865624,0.7915399784052317,0.0,1.0012749218057624
1,0,rapport,rapport,rapport,0.0,rapport_0,examiner,0.5032939910888672,0.860329441998142,0.24427925073881504,0.6682931008448831,0.0,1.0012749218057624
1,1,rapport,synthèse,synthèse,0.44756626414986733,synthèse_1,analyse,0.6591899394989014,0.9287599161062936,0.23936509914915616,0.6993195400032388,0.6850649571349586,1.0012749218057624
1,1,rapport,synthèse,synthèse,0.44756626414986733,synthèse_1,synthétiser,0.5970848202705383,0.8548065652062296,0.37086657724113736,0.7022118549919658,0.6850649571349586,1.0012749218057624
1,1,rapport,synthèse,synthèse,0.44756626414986733,synthèse_1,évaluation,0.5785531401634216,0.9554369776312491,0.27077691950752925,0.7395406590756444,0.6850649571349586,1.0012749218057624
1,1,rapport,synthèse,synthèse,0.44756626414986733,synthèse_1,conclusion,0.5655995607376099,0.8318987097679114,0.31715497472179255,0.6693695677966547,0.6850649571349586,1.0012749218057624
1,2,rapport,évaluation,évaluation,-0.11786730153266223,évaluation_2,analyse,0.7100797891616821,0.938133851057017,0.2760937417107318,0.7190260106849093,0.8035905840142014,0.8796486191746733
1,2,rapport,évaluation,évaluation,-0.11786730153266223,évaluation_2,méthodologie,0.6312575936317444,0.9968394139079895,0.28407757387639876,0.7765216594120941,0.8035905840142014,0.8796486191746733
1,2,rapport,évaluation,évaluation,-0.11786730153266223,évaluation_2,méthodologique,0.6241561770439148,0.9617122223588431,0.21759135096387597,0.7209114192761019,0.8035905840142014,0.8796486191746733
1,2,rapport,évaluation,évaluation,-0.11786730153266223,évaluation_2,évaluer,0.60969078540802,0.925552846980708,0.3018068334338159,0.7259438064964218,0.8035905840142014,0.8796486191746733
1,3,rapport,méthodologie,méthodologie,0.35635095852669296,méthodologie,,,,,,0.8251137051682761,0.7727964381854512
