num_path,num_step,cue,best_word,temporary_best_word,q-value,current_word,neighbours,similarity,adequacy,originality,likeability,likeability_to_cue,goal_value
1,0,question,question,question,0.0,question_0,poser,0.7728534936904907,1.0,0.08977931017883152,0.6968706002618082,0.0,1.0012749218057624
1,0,question,question,question,0.0,question_0,réponse,0.6947500705718994,0.9103386880492758,0.15783239944753874,0.6612268300117233,0.0,1.0012749218057624
1,0,question,question,question,0.0,question_0,interrogation,0.6761825084686279,0.8761807553353236,0.3066024989860588,0.6986332350380855,0.0,1.0012749218057624
1,0,question,question,question,0.0,question_0,problème,0.6009712815284729,0.9313324350070371,0.20137847370241052,0.702240423800956,0.0,1.0012749218057624
1,1,question,problème,problème,0.42524137549879837,problème_1,poser,0.746131181716919,0.9005060355483867,0.15605120975413192,0.6495599435780975,0.6419937611119897,1.0012749218057624
1,1,question,problème,problème,0.42524137549879837,problème_1,résoudre,0.6382527351379395,0.9319963187829717,0.19163658961301372,0.6921032015566456,0.6419937611119897,1.0012749218057624
1,1,question,problème,problème,0.42524137549879837,problème_1,réponse,0.6028614640235901,0.8845921348942168,0.3121694701077384,0.6995456551940326,0.6419937611119897,1.0012749218057624
1,1,question,problème,problème,0.42524137549879837,problème_1,interrogation,0.5926527976989746,0.9342197378498975,0.24670780591688726,0.7101468839956029,0.6419937611119897,1.0012749218057624
1,2,question,interrogation,interrogation,0.8524593660462585,interrogation_2,poser,0.7416189908981323,0.9060886827923958,0.11394928879167582,0.6420459812868932,0.7430427684828643,0.8796486191746733
1,2,question,interrogation,interrogation,0.8524593660462585,interrogation_2,problématique,0.6225114464759827,1.0,0.25963764676852474,0.7541879352907515,0.7430427684828643,0.8796486191746733
1,2,question,interrogation,interrogation,0.8524593660462585,interrogation_2,questionnement,0.6207687854766846,1.0,0.3567466323105323,0.7887042510468414,0.7430427684828643,0.8796486191746733
1,2,question,interrogation,interrogation,0.8524593660462585,interrogation_2,réponse,0.6191275119781494,0.8349414494754301,0.32079147949326875,0.6704098854882283,0.7430427684828643,0.8796486191746733
1,3,question,interrogation,questionnement,1.3297232740143006,questionnement,,,,,,0.7151584220001913,0.7727964381854512
