num_path,num_step,cue,best_word,temporary_best_word,q-value,current_word,neighbours,similarity,adequacy,originality,likeability,likeability_to_cue,goal_value
1,0,fil,fil,fil,0.0,fil_0,billet,0.3799078166484833,0.8379123992079288,0.3950337495781905,0.6965350150162518,0.0,1.0012749218057624
1,0,fil,fil,fil,0.0,fil_0,commentaire,0.3652809262275696,0.8495940358642533,0.3441952056552924,0.6877378060613462,0.0,1.0012749218057624
1,0,fil,fil,fil,0.0,fil_0,bobine,0.3099886178970337,0.8627665824829862,0.544213880629471,0.7641524219257468,0.0,1.0012749218057624
1,0,fil,fil,fil,0.0,fil_0,filaire,0.3093448877334595,0.7946182564920953,0.41274464052211113,0.67337534743743,0.0,1.0012749218057624
1,1,fil,bobine,bobine,0.44071937502999614,bobine_1,condensateur,0.4290429949760437,0.955475586080833,0.4838333331219844,0.8044115460790967,0.7267823223535083,1.0012749218057624
1,1,fil,bobine,bobine,0.44071937502999614,bobine_1,câble,0.42071670293807983,0.9714736356363006,0.30783686692234297,0.7559379439220452,0.7267823223535083,1.0012749218057624
1,1,fil,bobine,bobine,0.44071937502999614,bobine_1,interrupteur,0.40760478377342224,0.9178139585746838,0.4193953731994367,0.7609788481935034,0.7267823223535083,1.0012749218057624
1,1,fil,bobine,bobine,0.44071937502999614,bobine_1,pince,0.403451144695282,0.9332651172600789,0.3934508965331181,0.7621999170097408,0.7267823223535083,1.0012749218057624
1,2,fil,condensateur,condensateur,0.8915035310983297,condensateur_2,interrupteur,0.49890151619911194,0.8608901500293066,0.3202417788950165,0.6893243018847842,0.7614261575675596,0.8796486191746733
1,2,fil,condensateur,condensateur,0.8915035310983297,condensateur_2,électrode,0.48098140954971313,0.994089885971175,0.42943141482620434,0.8172133253657272,0.7614261575675596,0.8796486191746733
1,2,fil,condensateur,condensateur,0.8915035310983297,condensateur_2,diode,0.4739614725112915,0.9293749621516272,0.3392543344081157,0.7375613623130992,0.7614261575675596,0.8796486191746733
1,2,fil,condensateur,condensateur,0.8915035310983297,condensateur_2,câble,0.4375201165676117,0.8424593257049507,0.44877180775521436,0.7196138144412612,0.7614261575675596,0.8796486191746733
1,3,fil,condensateur,électrode,1.3758947076460932,électrode,,,,,,0.7284404309974357,0.7727964381854512
