num_path,num_step,cue,best_word,temporary_best_word,q-value,current_word,neighbours,similarity,adequacy,originality,likeability,likeability_to_cue,goal_value
1,0,rose,rose,rose,0.0,rose_0,bonbon,0.7659851312637329,0.8951800411497829,0.21423808890057255,0.7024058333611006,0.0,0.9843744876780282
1,0,rose,rose,rose,0.0,rose_0,fuschia,0.7589967250823975,1.0,0.2637603764931883,0.8015419369203903,0.0,0.9843744876780282
1,1,rose,fuschia,fuschia,0.45429186231059054,fuschia_1,freesia,0.5567671060562134,0.8468962292997024,0.3988963633720215,0.7294386705959957,0.7572444208216768,0.9843744876780282
1,1,rose,fuschia,fuschia,0.45429186231059054,fuschia_1,violet,0.5914855599403381,1.0,0.3154567998372381,0.817494350094748,0.7572444208216768,0.9843744876780282
1,2,rose,violet,violet,0.9125718279147705,violet_2,fuchsia,0.4061967432498932,0.8596292187594541,0.3814296508695267,0.7327764775885048,0.7699844688771498,0.9113733787949074
1,2,rose,violet,violet,0.9125718279147705,violet_2,fleur,0.4127545654773712,0.9084785463653748,0.4066256556733527,0.7733776012189857,0.7699844688771498,0.9113733787949074
1,3,rose,fleur,fleur,0.37807288352079005,fleur_3,pourpre,0.30250006914138794,0.8300055353731418,0.48141587214393433,0.740328827920608,0.7848480397117922,0.843786024498962
1,3,rose,fleur,fleur,0.37807288352079005,fleur_3,gerbera,0.31267765164375305,0.9663800716541939,0.4340015396514671,0.8298659569746949,0.7848480397117922,0.843786024498962
1,4,rose,fleur,gerbera,0.8745928666397232,gerbera,,,,,,0.7633965645780502,0.7812109413171519
