num_path,num_step,cue,best_word,temporary_best_word,q-value,current_word,neighbours,similarity,adequacy,originality,likeability,likeability_to_cue,goal_value
1,0,vache,vache,vache,0.0,vache_0,montbéliarde,0.8391595482826233,0.9787318563126911,0.12381797908853553,0.7261410426253668,0.0,0.9843744876780282
1,0,vache,vache,vache,0.0,vache_0,génisse,0.8760037422180176,0.9373911300560898,0.04346269594570644,0.6712075763650122,0.0,0.9843744876780282
1,1,vache,montbéliarde,montbéliarde,0.43544163873683467,montbéliarde_1,broutard,0.6629441976547241,0.8654859805874594,0.250987219127902,0.7010596339826708,0.77873813380973,0.9843744876780282
1,1,vache,montbéliarde,montbéliarde,0.43544163873683467,montbéliarde_1,génisse,0.7374106049537659,0.9127986957956538,0.17664810911722084,0.6924138814987452,0.77873813380973,0.9843744876780282
1,2,vache,broutard,broutard,-0.13538707468700467,broutard_2,éleveur,0.5507111549377441,0.8722276073532488,0.35784767078435503,0.7367458751404781,0.8278048286520935,0.9113733787949074
1,2,vache,broutard,broutard,-0.13538707468700467,broutard_2,éleveur,0.5507111549377441,0.8242276073532488,0.268847670784355,0.6767666218361421,0.8278048286520935,0.9113733787949074
1,3,vache,éleveur,éleveur,0.320956049399388,éleveur_3,bovins,0.46042242646217346,0.9939678502171422,0.3716374550652664,0.8253001954924574,0.6903056114593354,0.843786024498962
1,3,vache,éleveur,éleveur,0.320956049399388,éleveur_3,engraissement,0.46201062202453613,0.9641352710045525,0.3495310413423043,0.792497384951379,0.6903056114593354,0.843786024498962
1,4,vache,broutard,bovins,0.8163345921477618,bovins,,,,,,0.7365145439165052,0.7812109413171519
