num_path,num_step,cue,best_word,temporary_best_word,q-value,current_word,neighbours,similarity,adequacy,originality,likeability,likeability_to_cue,goal_value
1,0,doigt,doigt,doigt,0.0,doigt_0,frotter,0.7665339708328247,0.9303749994064274,0.08188232478851105,0.6784230073022146,0.0,0.9843744876780282
1,0,doigt,doigt,doigt,0.0,doigt_0,frotter,0.7665339708328247,0.9493749994064274,0.20388232478851107,0.7361226375657827,0.0,0.9843744876780282
1,1,doigt,frotter,frotter,0.43793703747193863,frotter_1,paume,0.568976104259491,0.8862914118043367,0.19396647145688614,0.6954288770315793,0.750315317252588,0.9843744876780282
1,1,doigt,frotter,frotter,0.43793703747193863,frotter_1,paume,0.568976104259491,0.9122914118043367,0.19996647145688615,0.7145809271829942,0.750315317252588,0.9843744876780282
1,2,doigt,paume,paume,-0.12951135265181984,paume_2,avant-bras,0.40503689646720886,0.9514760379474192,0.46628278085082125,0.8271252164651257,0.77374294340985,0.9113733787949074
1,2,doigt,paume,paume,-0.12951135265181984,paume_2,poignet,0.3849414885044098,0.8546663117005271,0.47623570933888265,0.7564139729441135,0.77374294340985,0.9113733787949074
1,3,doigt,avant-bras,avant-bras,0.3494266067657347,avant-bras_3,orteil,0.3629956543445587,0.7852136481961567,0.4219562798488331,0.6927031470240114,0.7168586729663808,0.843786024498962
1,3,doigt,avant-bras,avant-bras,0.3494266067657347,avant-bras_3,épaule,0.3042586147785187,0.9244261369101419,0.47495399273315186,0.809415988263446,0.7168586729663808,0.843786024498962
1,4,doigt,paume,épaule,-0.15916590229314426,épaule,,,,,,0.7155692096670077,0.7812109413171519
