num_path,num_step,cue,best_word,temporary_best_word,q-value,current_word,neighbours,similarity,adequacy,originality,likeability,likeability_to_cue,goal_value
1,0,avis,avis,avis,0.0,avis_0,défavorable,0.7200943231582642,0.8508034742302409,0.13671585884212262,0.6341411187446288,0.0,0.9843744876780282
1,0,avis,avis,avis,0.0,avis_0,défavorable,0.7200943231582642,0.9758034742302409,0.2637158588421226,0.7850640498734495,0.0,0.9843744876780282
1,1,avis,défavorable,défavorable,0.45017239054885533,défavorable_1,amendement,0.5218027234077454,0.9651927092791368,0.33189681932911963,0.7983227541496307,0.8323841047973081,0.9843744876780282
1,1,avis,défavorable,défavorable,0.45017239054885533,défavorable_1,rapporteur,0.5371860861778259,0.9827803139450921,0.31271938252822806,0.7973528916367442,0.8323841047973081,0.9843744876780282
1,2,avis,amendement,amendement,0.903659457166756,amendement_2,adopter,0.3832285404205322,0.9424121590201365,0.4345257515850192,0.8100595223189201,0.8312085399316455,0.9113733787949074
1,2,avis,amendement,amendement,0.903659457166756,amendement_2,rapporteure,0.39619001746177673,0.889276550260006,0.46982522111785213,0.7835401241162507,0.8312085399316455,0.9113733787949074
1,3,avis,adopter,adopter,1.3783309930477592,adopter_3,sous-amendement,0.36253851652145386,0.9531369411986117,0.4463091288970217,0.8218227945786829,0.8239328356948754,0.843786024498962
1,3,avis,adopter,adopter,1.3783309930477592,adopter_3,amender,0.2714405655860901,0.8908162831664445,0.5008073775743593,0.7905281316404705,0.8239328356948754,0.843786024498962
1,4,avis,défavorable,sous-amendement,1.8728401855676893,sous-amendement,,,,,,0.784029990865321,0.7812109413171519
