num_path,num_step,cue,best_word,temporary_best_word,q-value,current_word,neighbours,similarity,adequacy,originality,likeability,likeability_to_cue,goal_value
1,0,gauche,gauche,gauche,0.0,gauche_0,extrême,0.7663277387619019,0.9803016741186454,0.12301601734320015,0.7385652141748835,0.0,0.9843744876780282
1,0,gauche,gauche,gauche,0.0,gauche_0,extrême,0.7663277387619019,0.8923016741186454,0.23501601734320016,0.7024209812701874,0.0,0.9843744876780282
1,1,gauche,extrême,extrême,0.43854768162421387,extrême_1,parti,0.564010500907898,1.0,0.2651861114156243,0.7914382431092472,0.7808061938448163,0.9843744876780282
1,1,gauche,extrême,extrême,0.43854768162421387,extrême_1,droitisation,0.5505631566047668,0.9242114413704076,0.29294439178077075,0.7493715336696409,0.7808061938448163,0.9843744876780282
1,2,gauche,parti,parti,0.8903136204820186,parti_2,social-démocrate,0.4161433279514313,0.8569067225457939,0.41815607659844467,0.7407123036265031,0.7576899112151557,0.9113733787949074
1,2,gauche,parti,parti,0.8903136204820186,parti_2,progressiste,0.4140029549598694,0.985637106970863,0.43271487355979843,0.8397353471128676,0.7576899112151557,0.9113733787949074
1,3,gauche,progressiste,progressiste,1.3724041125615085,progressiste_3,sociale-libéral,0.3110308349132538,0.8490055252786125,0.4303555053605796,0.7403383215658923,0.7547798758603619,0.843786024498962
1,3,gauche,progressiste,progressiste,1.3724041125615085,progressiste_3,social-libéralisme,0.314357191324234,0.8827582931635559,0.37462363644642693,0.745231430598791,0.7547798758603619,0.843786024498962
1,4,gauche,social-libéralisme,social-libéralisme,0.8477654640864658,social-libéralisme_4,anticapitaliste,0.24265336990356445,0.7908132937188936,0.5422874820170347,0.729080950644649,0.7464097393115738,0.7812109413171519
1,4,gauche,social-libéralisme,social-libéralisme,0.8477654640864658,social-libéralisme_4,anticapitaliste,0.24265336990356445,0.7878132937188937,0.4812874820170347,0.7090932013760156,0.7464097393115738,0.7812109413171519
1,5,gauche,anticapitaliste,anticapitaliste,0.33473296641834005,anticapitaliste,,,,,,0.8298647203131634,0.7232764197487385
