num_path,num_step,cue,best_word,temporary_best_word,q-value,current_word,neighbours,similarity,adequacy,originality,likeability,likeability_to_cue,goal_value
1,0,lèvre,lèvre,lèvre,0.0,lèvre_0,gercer,0.8189961910247803,0.9758523345406808,0.1943869154311016,0.7584784676737831,0.0,0.9843744876780282
1,0,lèvre,lèvre,lèvre,0.0,lèvre_0,yeux,0.8112862706184387,1.0,0.18652486658889939,0.7723286625307544,0.0,0.9843744876780282
1,1,lèvre,yeux,yeux,0.44698854371318153,yeux_1,paupière,0.681528627872467,0.9383310804122865,0.2212154128599667,0.730116437807888,0.7407401844600403,0.9843744876780282
1,1,lèvre,yeux,yeux,0.44698854371318153,yeux_1,sourire,0.658240795135498,0.9475789272657799,0.30396631403138824,0.7667996341097213,0.7407401844600403,0.9843744876780282
1,2,lèvre,sourire,sourire,-0.10740516967889513,sourire_2,moue,0.4673576056957245,0.9966940229894575,0.3278173882902461,0.8177479919101847,0.7650726159926656,0.9113733787949074
1,2,lèvre,sourire,sourire,-0.10740516967889513,sourire_2,tendrement,0.46460187435150146,0.9134069616538069,0.3037291690464863,0.7455689922512999,0.7650726159926656,0.9113733787949074
1,3,lèvre,moue,moue,0.3691884835999242,moue_3,rougir,0.3369976878166199,0.783502651221884,0.4923344648179711,0.7098143326148894,0.7665625330736889,0.843786024498962
1,3,lèvre,moue,moue,0.3691884835999242,moue_3,visage,0.3351869285106659,0.8721464429665277,0.5387780978406288,0.7872663569938991,0.7665625330736889,0.843786024498962
1,4,lèvre,visage,visage,-0.14494143327634157,visage,,,,,,0.7971955192670023,0.7812109413171519
