num_path,num_step,cue,best_word,temporary_best_word,q-value,current_word,neighbours,similarity,adequacy,originality,likeability,likeability_to_cue,goal_value
1,0,désir,désir,désir,0.0,désir_0,assouvissement,0.7995763421058655,1.0,0.20727957835094696,0.7671646842347861,0.0,0.9843744876780282
1,0,désir,désir,désir,0.0,désir_0,ambivalence,0.7720269560813904,1.0,0.17531665507922478,0.7604288655756439,0.0,0.9843744876780282
1,1,désir,assouvissement,assouvissement,0.44569754913918946,assouvissement_1,inassouvi,0.5907662510871887,0.8149739597638939,0.3689185191605969,0.6955605608703976,0.7641837994211266,0.9843744876780282
1,1,désir,assouvissement,assouvissement,0.44569754913918946,assouvissement_1,assouvir,0.6027578711509705,0.9645778337548706,0.26423571256072576,0.7649920548389236,0.7641837994211266,0.9843744876780282
1,2,désir,assouvir,assouvir,-0.10914805907058667,assouvir_2,pulsion,0.46077457070350647,0.8020050327610487,0.29739200014654915,0.6663619098576776,0.7393353787884069,0.9113733787949074
1,2,désir,assouvir,assouvir,-0.10914805907058667,assouvir_2,charnel,0.41492652893066406,0.8987537902582896,0.44504182627290506,0.7795994439171794,0.7393353787884069,0.9113733787949074
1,3,désir,charnel,charnel,0.3579084572099813,charnel_3,irrépressible,0.31848835945129395,0.877672633329474,0.44424706070723696,0.7631396436418332,0.7815368366523705,0.843786024498962
1,3,désir,charnel,charnel,0.3579084572099813,charnel_3,âme,0.29311954975128174,0.9376866940409272,0.4122713761475801,0.7977824975374816,0.7815368366523705,0.843786024498962
1,4,désir,charnel,âme,0.8464075754696112,âme,,,,,,0.705267416176341,0.7812109413171519
