num_path,num_step,cue,best_word,temporary_best_word,q-value,current_word,neighbours,similarity,adequacy,originality,likeability,likeability_to_cue,goal_value
1,0,colline,colline,colline,0.0,colline_0,verdoyant,0.8276415467262268,0.9959705389236491,0.037593208307157816,0.7042349138556486,0.0,0.9843744876780282
1,0,colline,colline,colline,0.0,colline_0,promontoire,0.830357015132904,1.0,0.11776607260985439,0.717311214303855,0.0,0.9843744876780282
1,1,colline,promontoire,promontoire,0.4332341816564567,promontoire_1,percher,0.6153813600540161,0.9843814028344222,0.16617776868009235,0.7540462801062343,0.6539823267366082,0.9843744876780282
1,1,colline,promontoire,promontoire,0.4332341816564567,promontoire_1,surplomber,0.7061248421669006,0.8481217470651816,0.2846087346567196,0.691419455936621,0.6539823267366082,0.9843744876780282
1,2,colline,percher,percher,0.8756521297635083,percher_2,surplomber,0.5575101375579834,0.9739792656893569,0.25741240615652977,0.7700666350048955,0.7352732226254114,0.9113733787949074
1,2,colline,percher,percher,0.8756521297635083,percher_2,verdoyant,0.47254106402397156,0.8122292617823463,0.4102336320000743,0.7063797112003118,0.7352732226254114,0.9113733787949074
1,3,colline,surplomber,surplomber,1.3403254438160053,surplomber_3,verdoyant,0.39425623416900635,0.8410067437524208,0.42826367779915064,0.7362280828931063,0.7326388364960701,0.843786024498962
1,3,colline,surplomber,surplomber,1.3403254438160053,surplomber_3,rocheux,0.38884973526000977,0.9672371422164633,0.5073016204164099,0.8473250101702237,0.7326388364960701,0.843786024498962
1,4,colline,rocheux,rocheux,1.8412101902338207,rocheux,,,,,,0.7587428823513106,0.7812109413171519
