num_path,num_step,cue,best_word,temporary_best_word,q-value,current_word,neighbours,similarity,adequacy,originality,likeability,likeability_to_cue,goal_value
1,0,lit,lit,lit,0.0,lit_0,gigogne,0.8467544317245483,0.9507073790164398,0.17965377763108964,0.7278852922676439,0.0,0.9843744876780282
1,0,lit,lit,lit,0.0,lit_0,canapé,0.8168766498565674,0.9028690747498285,0.03480204341782586,0.6027546681044547,0.0,0.9843744876780282
1,1,lit,gigogne,gigogne,0.43587770114740393,gigogne_1,canapé-lit,0.7541518211364746,1.0,0.21388757465729588,0.7836421447665255,0.7258472462232666,0.9843744876780282
1,1,lit,gigogne,gigogne,0.43587770114740393,gigogne_1,mezzanine,0.6690850853919983,0.9847094321904364,0.31709795736455737,0.8024085469256872,0.7258472462232666,0.9843744876780282
1,2,lit,mezzanine,mezzanine,0.8903862159593188,mezzanine_2,wc,0.545586109161377,0.8376722895444149,0.28720153355807326,0.683560016030457,0.6921104778542095,0.9113733787949074
1,2,lit,mezzanine,mezzanine,0.8903862159593188,mezzanine_2,mini-four,0.5374812483787537,0.924811311205254,0.28552504068627427,0.7503494005338889,0.6921104778542095,0.9113733787949074
1,3,lit,mini-four,mini-four,0.35013022139406413,mini-four_3,mezzanin,0.4385141432285309,0.9515724768041837,0.3630643049325843,0.7920957686446177,0.6982615047427846,0.843786024498962
1,3,lit,mini-four,mini-four,0.35013022139406413,mini-four_3,superposer,0.4294991195201874,0.9165294130474847,0.46750589573787,0.7986086728056759,0.6982615047427846,0.843786024498962
1,4,lit,gigogne,superposer,0.8388358834707426,superposer,,,,,,0.6752946312131626,0.7812109413171519
