num_path,num_step,cue,best_word,temporary_best_word,q-value,current_word,neighbours,similarity,adequacy,originality,likeability,likeability_to_cue,goal_value
1,0,horizon,horizon,horizon,0.0,horizon_0,vaste,0.6983034610748291,0.9641881109785077,0.15757716074679412,0.7352839731103313,0.0,0.9843744876780282
1,0,horizon,horizon,horizon,0.0,horizon_0,avenir,0.7104265689849854,0.9122237166462883,0.23587312627392074,0.7157682600966158,0.0,0.9843744876780282
1,1,horizon,vaste,vaste,0.4377273713580758,vaste_1,perspective,0.5002886652946472,0.8470288665583292,0.2813051717459993,0.6906225253813162,0.766328886755072,0.9843744876780282
1,1,horizon,vaste,vaste,0.4377273713580758,vaste_1,véritable,0.48531457781791687,0.8755276572833836,0.24746815892007598,0.6989486128376998,0.766328886755072,0.9843744876780282
1,2,horizon,véritable,véritable,-0.13362909735200623,véritable_2,perspective,0.3531349003314972,0.8655121470262093,0.47761017457095767,0.7673960574803081,0.7954058568684415,0.9113733787949074
1,2,horizon,véritable,véritable,-0.13362909735200623,véritable_2,multitude,0.34368008375167847,0.7827842239235866,0.5090348327097466,0.7131821131296149,0.7954058568684415,0.9113733787949074
1,3,horizon,perspective,perspective,0.3303765723193439,perspective_3,élargir,0.2613004148006439,0.7638094370400935,0.42966684485313944,0.6795686532572227,0.7147696389259646,0.843786024498962
1,3,horizon,perspective,perspective,0.3303765723193439,perspective_3,largement,0.2403438240289688,0.9130267448181557,0.6153764335373964,0.8395510626516279,0.7147696389259646,0.843786024498962
1,4,horizon,véritable,largement,0.8293178318575104,largement,,,,,,0.7361579993557725,0.7812109413171519
