num_path,num_step,cue,best_word,temporary_best_word,q-value,current_word,neighbours,similarity,adequacy,originality,likeability,likeability_to_cue,goal_value
1,0,machine,machine,machine,0.0,machine_0,électroérosion,0.7274531722068787,1.0,0.09801920640779546,0.7393221349361502,0.0,0.9843744876780282
1,0,machine,machine,machine,0.0,machine_0,usinage,0.718496561050415,0.947367083004857,0.11373441354709453,0.6932934211258173,0.0,0.9843744876780282
1,1,machine,électroérosion,électroérosion,0.4387369118145305,électroérosion_1,enfonçage,0.6235828399658203,0.8446232190834411,0.3119560396537177,0.701914145876703,0.7724201417915834,0.9843744876780282
1,1,machine,électroérosion,électroérosion,0.4387369118145305,électroérosion_1,rectifieuse,0.642012357711792,0.9806380785004905,0.28825151817637623,0.7869350510165959,0.7724201417915834,0.9843744876780282
1,2,machine,rectifieuse,rectifieuse,0.8893770526491724,rectifieuse_2,machine-outil,0.5218414068222046,0.936196643936703,0.2568711024686374,0.7403638112029222,0.7158441150877358,0.9113733787949074
1,2,machine,rectifieuse,rectifieuse,0.8893770526491724,rectifieuse_2,ugv,0.5225229859352112,0.9072660092781991,0.24441809293230932,0.7220793555978731,0.7158441150877358,0.9113733787949074
1,3,machine,machine-outil,machine-outil,0.34662466075117615,machine-outil_3,usinage,0.4913941025733948,0.9051386454188372,0.4233278148132972,0.7810247596139053,0.7786859199423932,0.843786024498962
1,3,machine,machine-outil,machine-outil,0.34662466075117615,machine-outil_3,fraiseuse,0.4699350595474243,0.977960895091883,0.3110333978261176,0.8015154961021664,0.7786859199423932,0.843786024498962
1,4,machine,machine-outil,fraiseuse,0.8360570286519773,fraiseuse,,,,,,0.7158641289822653,0.7812109413171519
