num_path,num_step,cue,best_word,temporary_best_word,q-value,current_word,neighbours,similarity,adequacy,originality,likeability,likeability_to_cue,goal_value
1,0,position,position,position,0.0,position_0,top,0.7037113904953003,0.8315155582095265,0.2611425527533893,0.6768658279572358,0.0,0.9843744876780282
1,0,position,position,position,0.0,position_0,opposer,0.7056083083152771,0.91399128515545,0.13993706336428785,0.6793618919807107,0.0,0.9843744876780282
1,1,position,opposer,opposer,0.42374685107567067,opposer_1,opposition,0.552028477191925,0.9403718546794072,0.23398709893842212,0.7469587085779569,0.8301590955982281,0.9843744876780282
1,1,position,opposer,opposer,0.42374685107567067,opposer_1,opposition,0.552028477191925,0.9863718546794071,0.25498709893842214,0.776205440427441,0.8301590955982281,0.9843744876780282
1,2,position,opposition,opposition,0.8717045892630239,opposition_2,défendre,0.3625977039337158,0.9481468843931802,0.3482634334192266,0.7834575461681588,0.7134453792008298,0.9113733787949074
1,2,position,opposition,opposition,0.8717045892630239,opposition_2,refuser,0.3656649887561798,0.9206574642267064,0.47289970417142785,0.8037446945623123,0.7134453792008298,0.9113733787949074
1,3,position,refuser,refuser,1.344797418204875,refuser_3,partisan,0.2886841595172882,0.8815450014169919,0.5590198778250329,0.7993042424483162,0.8034636461549967,0.843786024498962
1,3,position,refuser,refuser,1.344797418204875,refuser_3,refus,0.28836408257484436,0.8134614615266439,0.4292912457859271,0.715091155571533,0.8034636461549967,0.843786024498962
1,4,position,opposer,partisan,0.8336769726922135,partisan,,,,,,0.7624297832833173,0.7812109413171519
