num_path,num_step,cue,best_word,temporary_best_word,q-value,current_word,neighbours,similarity,adequacy,originality,likeability,likeability_to_cue,goal_value
1,0,direction,direction,direction,0.0,direction_0,régionale,0.7425387501716614,0.8563746985863276,0.2043589284806858,0.6808694761853314,0.0,0.9843744876780282
1,0,direction,direction,direction,0.0,direction_0,directeur,0.7651157379150391,0.9088723962747481,0.13380145616188913,0.6707541911066704,0.0,0.9843744876780282
1,1,direction,régionale,régionale,0.4241237471268258,régionale_1,départementale,0.5995391607284546,0.8311374021958463,0.3442949584200074,0.7032000803555676,0.7048985073921097,0.9843744876780282
1,1,direction,régionale,régionale,0.4241237471268258,régionale_1,drass,0.5339046120643616,0.8174372301526619,0.36788228047543725,0.7006194575528657,0.7048985073921097,0.9843744876780282
1,2,direction,départementale,départementale,0.8538301452962107,départementale_2,draf,0.38781312108039856,0.9870869452659569,0.39807860340536255,0.825298250745631,0.6568875384401928,0.9113733787949074
1,2,direction,départementale,départementale,0.8538301452962107,départementale_2,départemental,0.43173447251319885,0.893791691492512,0.32290334151385686,0.7385267338249417,0.6568875384401928,0.9113733787949074
1,3,direction,draf,draf,1.3323113632838917,draf_3,drtefp,0.2931077182292938,0.8566836878039772,0.4582813459338624,0.7558292373388128,0.7956928820929998,0.843786024498962
1,3,direction,draf,draf,1.3323113632838917,draf_3,régional,0.3138945996761322,0.9526544981808924,0.43000285097050456,0.8128739495620472,0.7956928820929998,0.843786024498962
1,4,direction,draf,régional,0.824583344549663,régional,,,,,,0.7323186877069221,0.7812109413171519
