num_path,num_step,cue,best_word,temporary_best_word,q-value,current_word,neighbours,similarity,adequacy,originality,likeability,likeability_to_cue,goal_value
1,0,jambe,jambe,jambe,0.0,jambe_0,hanche,0.8330193161964417,1.0,0.20397119619045273,0.7721997344679479,0.0,0.9843744876780282
1,0,jambe,jambe,jambe,0.0,jambe_0,avant-bras,0.8223802447319031,1.0,0.09812325854958773,0.739722940646241,0.0,0.9843744876780282
1,1,jambe,hanche,hanche,0.44695631169747996,hanche_1,fesse,0.6309131383895874,0.8697836603208189,0.16329638300367286,0.6709917610573062,0.6750244942475585,0.9843744876780282
1,1,jambe,hanche,hanche,0.44695631169747996,hanche_1,poignet,0.6570952534675598,0.8523618545257774,0.17169196308364737,0.6669438263211077,0.6750244942475585,0.9843744876780282
1,2,jambe,fesse,fesse,-0.13138936995770056,fesse_2,avant-bras,0.4988112151622772,0.8168811195002255,0.35630278390781145,0.6950032489366131,0.707383951063319,0.9113733787949074
1,2,jambe,fesse,fesse,-0.13138936995770056,fesse_2,épaule,0.5498538017272949,0.9381340682318335,0.327408080862782,0.7687975599758741,0.707383951063319,0.9113733787949074
1,3,jambe,épaule,épaule,0.3329666753375411,épaule_3,orteil,0.37222930788993835,0.8217198493033147,0.3758695052338956,0.7053634939932791,0.7366074998205814,0.843786024498962
1,3,jambe,épaule,épaule,0.3329666753375411,épaule_3,poignet,0.38529184460639954,0.954717993950444,0.46897215783171264,0.8272996848022958,0.7366074998205814,0.843786024498962
1,4,jambe,épaule,poignet,0.8288450904133745,poignet,,,,,,0.6758222755498456,0.7812109413171519
