num_path,num_step,cue,best_word,temporary_best_word,q-value,current_word,neighbours,similarity,adequacy,originality,likeability,likeability_to_cue,goal_value
1,0,arbre,arbre,arbre,0.0,arbre_0,élaguer,0.7982497811317444,0.8766612090935699,0.11515453448052451,0.6382538528730767,0.0,0.9843744876780282
1,0,arbre,arbre,arbre,0.0,arbre_0,arbrisseau,0.8145695328712463,1.0,0.15034010770060557,0.7444328052687514,0.0,0.9843744876780282
1,1,arbre,arbrisseau,arbrisseau,0.44001457939768085,arbrisseau_1,sophora,0.6423458456993103,0.9756956964414694,0.3390400091534542,0.7996431101347488,0.8145556954874131,0.9843744876780282
1,1,arbre,arbrisseau,arbrisseau,0.44001457939768085,arbrisseau_1,planter,0.6455762982368469,0.8782597734333728,0.15299155350484414,0.6660383628069021,0.8145556954874131,0.9843744876780282
1,2,arbre,sophora,sophora,0.893831735011861,sophora_2,amélanchier,0.5315738320350647,0.9251951546075644,0.27742115200865175,0.750238969915183,0.7472927591149839,0.9113733787949074
1,2,arbre,sophora,sophora,0.893831735011861,sophora_2,amélanchier,0.5315738320350647,0.8681951546075644,0.2324211520086517,0.6836901567672999,0.7472927591149839,0.9113733787949074
1,3,arbre,amélanchier,amélanchier,0.35354813279192987,amélanchier_3,prunellier,0.4382771849632263,0.957545543569482,0.4162328995100218,0.8117950970019382,0.7346820041970978,0.843786024498962
1,3,arbre,amélanchier,amélanchier,0.35354813279192987,amélanchier_3,cornouiller,0.44189152121543884,0.9249537015414548,0.4706654764146132,0.804946047747576,0.7346820041970978,0.843786024498962
1,4,arbre,arbrisseau,prunellier,0.845550400917674,prunellier,,,,,,0.7504498512603778,0.7812109413171519
