num_path,num_step,cue,best_word,temporary_best_word,q-value,current_word,neighbours,similarity,adequacy,originality,likeability,likeability_to_cue,goal_value
1,0,fil,fil,fil,0.0,fil_0,radio,0.7969346642494202,0.8951104110643635,0.061021256740111454,0.6529657134092883,0.0,0.9843744876780282
1,0,fil,fil,fil,0.0,fil_0,leval,0.7888514399528503,0.9048055813717568,0.1523338843823382,0.6848007959198401,0.0,0.9843744876780282
1,1,fil,leval,leval,0.42510657706045296,leval_1,mathieu,0.6859996914863586,0.967321757924683,0.14738176756494342,0.728856977870743,0.7253510043892681,0.9843744876780282
1,1,fil,leval,leval,0.42510657706045296,leval_1,sirti,0.6806570887565613,0.9551410318328022,0.2957676597866759,0.7766723911668515,0.7253510043892681,0.9843744876780282
1,2,fil,sirti,sirti,0.8731810529326588,sirti_2,mouv±,0.5922698974609375,0.8291696633794248,0.2689534720276756,0.6742542026247507,0.7916984533670121,0.9113733787949074
1,2,fil,sirti,sirti,0.8731810529326588,sirti_2,mouv±,0.5922698974609375,0.9701696633794248,0.18095347202767562,0.7359711686995621,0.7916984533670121,0.9113733787949074
1,3,fil,mouv±,mouv±,0.3293305004088225,mouv±_3,radio,0.5610029697418213,0.9483727139575924,0.35013982892718004,0.7880358030674818,0.8117105558876431,0.843786024498962
1,3,fil,mouv±,mouv±,0.3293305004088225,mouv±_3,lamard,0.49122220277786255,0.8191214086855615,0.292444613719388,0.6789353897444798,0.8117105558876431,0.843786024498962
1,4,fil,mouv±,radio,0.8153929450509525,radio,,,,,,0.7841845624440854,0.7812109413171519
