num_path,num_step,cue,best_word,temporary_best_word,q-value,current_word,neighbours,similarity,adequacy,originality,likeability,likeability_to_cue,goal_value
1,0,chambre,chambre,chambre,0.0,chambre_0,salle-de-bain,0.7513176202774048,0.9791797918460938,0.08571406378724564,0.6903549952089048,0.0,0.9843744876780282
1,0,chambre,chambre,chambre,0.0,chambre_0,chambres,0.8185662627220154,1.0,0.06167412542906353,0.6930852077082087,0.0,0.9843744876780282
1,1,chambre,chambres,chambres,0.42717768000754514,chambres_1,clévacances,0.543343186378479,0.8944320297040235,0.2796722942016467,0.7284585218206253,0.6832871797590454,0.9843744876780282
1,1,chambre,chambres,chambres,0.42717768000754514,chambres_1,hôte,0.6224009394645691,0.9734406655250434,0.2667079585324571,0.7777040894112921,0.6832871797590454,0.9843744876780282
1,2,chambre,hôte,hôte,0.8755100804408611,hôte_2,chambramie,0.43774133920669556,0.9584845459150939,0.48061429291541424,0.8354897950762392,0.7099089854897421,0.9113733787949074
1,2,chambre,hôte,hôte,0.8755100804408611,hôte_2,hôtes,0.5481488108634949,0.9359488296137295,0.21952331777762477,0.7263159438290806,0.7099089854897421,0.9113733787949074
1,3,chambre,chambramie,chambramie,1.356539184511194,chambramie_3,hotes,0.4302727282047272,0.8436204650264171,0.30795088481733524,0.7025368224353937,0.8324874187199275,0.843786024498962
1,3,chambre,chambramie,chambramie,1.356539184511194,chambramie_3,gite,0.3543398678302765,0.9417254435596194,0.4976700340835755,0.8246162557184552,0.8324874187199275,0.843786024498962
1,4,chambre,chambramie,gite,0.8517467423160674,gite,,,,,,0.7363382249937038,0.7812109413171519
