num_path,num_step,cue,best_word,temporary_best_word,q-value,current_word,neighbours,similarity,adequacy,originality,likeability,likeability_to_cue,goal_value
1,0,rapport,rapport,rapport,0.0,rapport_0,rapporteur,0.7225570678710938,0.9814840489246386,0.18914508207788583,0.7508651937093973,0.0,0.9843744876780282
1,0,rapport,rapport,rapport,0.0,rapport_0,bilan,0.7092121243476868,0.9559097979948417,0.10564566699213238,0.6875578776884336,0.0,0.9843744876780282
1,1,rapport,rapporteur,rapporteur,0.44162267650784226,rapporteur_1,examiner,0.5487847924232483,0.9210178060319965,0.2481072012782224,0.7359510195842814,0.6999904562162265,0.9843744876780282
1,1,rapport,rapporteur,rapporteur,0.44162267650784226,rapporteur_1,zocchetto,0.5372729301452637,0.8437894316700343,0.25066219887588875,0.6854023865024951,0.6999904562162265,0.9843744876780282
1,2,rapport,examiner,examiner,-0.12048319051559442,examiner_2,rapporteure,0.3671346604824066,0.8248988682022611,0.43177015288814846,0.7257348012172831,0.7281122566688735,0.9113733787949074
1,2,rapport,examiner,examiner,-0.12048319051559442,examiner_2,formuler,0.3585621118545532,0.9264609081992249,0.37038645312653357,0.7812616553820013,0.7281122566688735,0.9113733787949074
1,3,rapport,formuler,formuler,0.34698887863117905,formuler_3,établir,0.2309732884168625,0.8897322389939789,0.5689223273081385,0.8100379049977757,0.7953582592801332,0.843786024498962
1,3,rapport,formuler,formuler,0.34698887863117905,formuler_3,défavorable,0.2394808530807495,0.8407302932812473,0.4631587273262224,0.7424282098896554,0.7953582592801332,0.843786024498962
1,4,rapport,formuler,établir,0.8385518487558825,établir,,,,,,0.7758910553161782,0.7812109413171519
