num_path,num_step,cue,best_word,temporary_best_word,q-value,current_word,neighbours,similarity,adequacy,originality,likeability,likeability_to_cue,goal_value
1,0,mur,mur,mur,0.0,mur_0,meurtrière,0.7461532354354858,0.8585130510469372,0.21403703345014122,0.6773287501582379,0.0,0.9843744876780282
1,0,mur,mur,mur,0.0,mur_0,chambranle,0.7527850866317749,0.8646621601158416,0.08076862009080041,0.6176081655978937,0.0,0.9843744876780282
1,1,mur,meurtrière,meurtrière,0.42323856562005246,meurtrière_1,ébrasement,0.5671132206916809,0.8400740704545002,0.3721734769704628,0.7152163503045567,0.7384451737900319,0.9843744876780282
1,1,mur,meurtrière,meurtrière,0.42323856562005246,meurtrière_1,barlong,0.5616559386253357,0.8624468525767518,0.3167154139889169,0.7158421118797578,0.7384451737900319,0.9843744876780282
1,2,mur,barlong,barlong,0.8561054716704849,barlong_2,contrebuter,0.4897131025791168,0.9939700039833379,0.44347065510480554,0.8516389842517932,0.8319123859609444,0.9113733787949074
1,2,mur,barlong,barlong,0.8561054716704849,barlong_2,tour-clocher,0.461757630109787,0.9701086486221914,0.3517071837182601,0.8070172972780404,0.8319123859609444,0.9113733787949074
1,3,mur,barlong,contrebuter,1.3411718730347064,contrebuter,,,,,,0.8040064853915261,0.843786024498962
