num_path,num_step,cue,best_word,temporary_best_word,q-value,current_word,neighbours,similarity,adequacy,originality,likeability,likeability_to_cue,goal_value
1,0,rayon,rayon,rayon,0.0,rayon_0,réfracter,0.7406461238861084,1.0,0.1525735300822111,0.7425860187741568,0.0,0.9843744876780282
1,0,rayon,rayon,rayon,0.0,rayon_0,rayons,0.7897821068763733,1.0,0.23972346179491869,0.7864143966857634,0.0,0.9843744876780282
1,1,rayon,rayons,rayons,0.4505099772519338,rayons_1,faisceau,0.502357542514801,0.8532357699753645,0.42291004175256797,0.7404915827957874,0.7547216158207455,0.9843744876780282
1,1,rayon,rayons,rayons,0.4505099772519338,rayons_1,diffracter,0.4994124472141266,0.9079412444780118,0.3228966845364506,0.7489205191868042,0.7547216158207455,0.9843744876780282
1,2,rayon,diffracter,diffracter,-0.10835351487087214,diffracter_2,diffraction,0.4000231623649597,0.7968031498885112,0.4869828600645217,0.718316216377117,0.7207192120886032,0.9113733787949074
1,2,rayon,diffracter,diffracter,-0.10835351487087214,diffracter_2,bragg,0.3633113205432892,0.837266496120353,0.48471273904534135,0.7461861802936937,0.7207192120886032,0.9113733787949074
1,3,rayon,bragg,bragg,-0.6496503144961756,bragg_3,rétrodiffusé,0.28677040338516235,0.8730431838546862,0.5096441331347429,0.7818534493587057,0.8260365314985894,0.843786024498962
1,3,rayon,bragg,bragg,-0.6496503144961756,bragg_3,biréfringent,0.2782088816165924,0.8767286559800089,0.41996192669959503,0.7605123344420816,0.8260365314985894,0.843786024498962
1,4,rayon,bragg,rétrodiffusé,-0.1651334582812397,rétrodiffusé,,,,,,0.7562005380033674,0.7812109413171519
