num_path,num_step,cue,best_word,temporary_best_word,q-value,current_word,neighbours,similarity,adequacy,originality,likeability,likeability_to_cue,goal_value
1,0,pierre,pierre,pierre,0.0,pierre_0,jacques,0.7049046158790588,0.9088141876376274,0.11738430716305412,0.6840792815545865,0.0,0.9843744876780282
1,0,pierre,pierre,pierre,0.0,pierre_0,jean,0.7589066624641418,0.8567169089375353,0.26481856668248394,0.691181699707654,0.0,0.9843744876780282
1,1,pierre,jean,jean,0.42670180300740645,jean_1,jacques,0.5315436720848083,0.9411920304759172,0.4044410791268044,0.7986871729039933,0.7119173424749639,0.9843744876780282
1,1,pierre,jean,jean,0.42670180300740645,jean_1,miroudot,0.5113973617553711,0.8611415127943041,0.24783851552105057,0.6847684909845917,0.7119173424749639,0.9843744876780282
1,2,pierre,jacques,jacques,0.8802799743138977,jacques_2,goasduff,0.3683956265449524,0.7881043429792364,0.4018025547249723,0.6876181123458847,0.7731095290055523,0.9113733787949074
1,2,pierre,jacques,jacques,0.8802799743138977,jacques_2,andré,0.3711071014404297,0.9555410942087681,0.44272672465884644,0.8220148817569402,0.7731095290055523,0.9113733787949074
1,3,pierre,andré,andré,1.3579403500544058,andré_3,souplet,0.2500969469547272,0.890281499302539,0.475600859532952,0.7853858621575766,0.7978782490453636,0.843786024498962
1,3,pierre,andré,andré,1.3579403500544058,andré_3,lucien,0.26828086376190186,0.8828978408785163,0.42255479210947966,0.7628544480047993,0.7978782490453636,0.843786024498962
1,4,pierre,andré,souplet,0.8433403094690595,souplet,,,,,,0.7301342169257774,0.7812109413171519
