num_path,num_step,cue,best_word,temporary_best_word,q-value,current_word,neighbours,similarity,adequacy,originality,likeability,likeability_to_cue,goal_value
1,0,acte,acte,acte,0.0,acte_0,authentique,0.7105593085289001,0.9132581633813767,0.26878867545816515,0.7280943602718192,0.0,0.9843744876780282
1,0,acte,acte,acte,0.0,acte_0,notarié,0.7885180115699768,0.8686722033605266,0.06555250202220195,0.6340233474839269,0.0,0.9843744876780282
1,1,acte,authentique,authentique,0.43592996814844776,authentique_1,sous-seing,0.5039637088775635,0.9903964456162957,0.35282839311776976,0.8186624593700109,0.7061642142435841,0.9843744876780282
1,1,acte,authentique,authentique,0.43592996814844776,authentique_1,seing,0.5614914298057556,0.8184281563542143,0.3888223282936545,0.7079699727238163,0.7061642142435841,0.9843744876780282
1,2,acte,sous-seing,sous-seing,0.8945019610714434,sous-seing_2,seing,0.4745945334434509,0.8054397761683193,0.3918182481817537,0.6955982708616472,0.6936285843817277,0.9113733787949074
1,2,acte,sous-seing,sous-seing,0.8945019610714434,sous-seing_2,executoire,0.37452757358551025,0.843082332812186,0.43611739717168424,0.7384127054683843,0.6936285843817277,0.9113733787949074
1,3,acte,executoire,executoire,0.3512617927398126,executoire_3,notarial,0.2578737139701843,0.9357537469663829,0.5196888711795383,0.8282919593824876,0.6862992634075741,0.843786024498962
1,3,acte,executoire,executoire,0.3512617927398126,executoire_3,seing,0.35985642671585083,0.8566827017480069,0.3473831926348374,0.7222428539780338,0.6862992634075741,0.843786024498962
1,4,acte,notarial,notarial,0.847388276460694,notarial,,,,,,0.8254174320848383,0.7812109413171519
