num_path,num_step,cue,best_word,temporary_best_word,q-value,current_word,neighbours,similarity,adequacy,originality,likeability,likeability_to_cue,goal_value
1,0,preuve,preuve,preuve,0.0,preuve_0,alléguer,0.7622252702713013,0.9828599169341427,0.08567288653116407,0.7257357997270525,0.0,0.9843744876780282
1,0,preuve,preuve,preuve,0.0,preuve_0,bien-fondé,0.7570462226867676,0.998085126509577,0.18202011306877397,0.7550837242101479,0.0,0.9843744876780282
1,1,preuve,bien-fondé,bien-fondé,0.44267730913302994,bien-fondé_1,fait,0.5900524854660034,0.879881579915493,0.1943767967747269,0.681032269645164,0.7266807933260259,0.9843744876780282
1,1,preuve,bien-fondé,bien-fondé,0.44267730913302994,bien-fondé_1,démontrer,0.5701117515563965,0.8924247496018485,0.3162311594400885,0.7352401018068475,0.7266807933260259,0.9843744876780282
1,2,preuve,démontrer,démontrer,-0.1196062873347652,démontrer_2,égard,0.39017370343208313,0.9454277249225378,0.37231055629641263,0.7948336734936191,0.7489210186245254,0.9113733787949074
1,2,preuve,démontrer,démontrer,-0.1196062873347652,démontrer_2,contester,0.4111033082008362,0.8872673104972424,0.40383218088549494,0.76235278462431,0.7489210186245254,0.9113733787949074
1,3,preuve,égard,égard,0.3512587863399127,égard_3,prévaloir,0.29779550433158875,0.8208585911439854,0.3903434321304623,0.7055408656577619,0.7805827162150293,0.843786024498962
1,3,preuve,égard,égard,0.3512587863399127,égard_3,invoquer,0.2985103130340576,0.9040349146128479,0.5857451108114853,0.8234192313770619,0.7805827162150293,0.843786024498962
1,4,preuve,égard,invoquer,0.8461670880594376,invoquer,,,,,,0.7431876105863853,0.7812109413171519
