num_path,num_step,cue,best_word,temporary_best_word,q-value,current_word,neighbours,similarity,adequacy,originality,likeability,likeability_to_cue,goal_value
1,0,soeur,soeur,soeur,0.0,soeur_0,belle-soeur,0.7968491911888123,1.0,0.2040775639361297,0.7708329942077006,0.0,0.9843744876780282
1,0,soeur,soeur,soeur,0.0,soeur_0,père,0.806842029094696,0.9343519631253172,0.11147473797588117,0.6847241564719401,0.0,0.9843744876780282
1,1,soeur,belle-soeur,belle-soeur,0.44661462663241813,belle-soeur_1,beau-frère,0.6266012787818909,0.8720951085788468,0.2140365324775854,0.6941818404522729,0.7215725351418014,0.9843744876780282
1,1,soeur,belle-soeur,belle-soeur,0.44661462663241813,belle-soeur_1,belle-mère,0.6228719353675842,1.0,0.31040829146200904,0.8139856488077423,0.7215725351418014,0.9843744876780282
1,2,soeur,belle-mère,belle-mère,0.9040174169148467,belle-mère_2,mère,0.4776689410209656,0.9597535309410667,0.3917037018433919,0.8118610066291119,0.8009212173094599,0.9113733787949074
1,2,soeur,belle-mère,belle-mère,0.9040174169148467,belle-mère_2,épouse,0.4716190695762634,0.8421344747263818,0.30486992743530333,0.6953853018785765,0.8009212173094599,0.9113733787949074
1,3,soeur,mère,mère,0.37913932387339777,mère_3,mari,0.4263806641101837,0.8461592633344771,0.3947475046617326,0.7255398250959806,0.759428398448394,0.843786024498962
1,3,soeur,mère,mère,0.37913932387339777,mère_3,grand-mère,0.3524392247200012,0.9633883041885429,0.4691535765324149,0.8376360206166534,0.759428398448394,0.843786024498962
1,4,soeur,belle-mère,grand-mère,0.8776018229028206,grand-mère,,,,,,0.6922726981354625,0.7812109413171519
