num_path,num_step,cue,best_word,temporary_best_word,q-value,current_word,neighbours,similarity,adequacy,originality,likeability,likeability_to_cue,goal_value
1,0,rôle,rôle,rôle,0.0,rôle_0,implication,0.7616441249847412,0.8996582622334941,0.18604885694713247,0.6882824729972793,0.0,0.9843744876780282
1,0,rôle,rôle,rôle,0.0,rôle_0,contexte,0.7262105941772461,0.9825116294215264,0.2518129196582805,0.7748752904311939,0.0,0.9843744876780282
1,1,rôle,contexte,contexte,0.4476252006882914,contexte_1,acteur,0.5563636422157288,0.9018512355131445,0.3041592268405172,0.7348240332903363,0.778393107272006,0.9843744876780282
1,1,rôle,contexte,contexte,0.4476252006882914,contexte_1,implication,0.5969216227531433,0.8887847171944131,0.18697112366461274,0.6982728697644985,0.778393107272006,0.9843744876780282
1,2,rôle,acteur,acteur,-0.1147624129086316,acteur_2,enjeu,0.41070646047592163,0.8782162851541768,0.33512245693452714,0.7354894603015804,0.7536708123147932,0.9113733787949074
1,2,rôle,acteur,acteur,-0.1147624129086316,acteur_2,importance,0.3719865381717682,0.7856812773227297,0.4750548552090548,0.7076080741813016,0.7536708123147932,0.9113733787949074
1,3,rôle,enjeu,enjeu,0.34126660746803666,enjeu_3,perspective,0.30184921622276306,0.9678487542341916,0.40095778207255356,0.8189682192502913,0.7577052478900494,0.843786024498962
1,3,rôle,enjeu,enjeu,0.34126660746803666,enjeu_3,préoccupation,0.2969852387905121,0.8016578214589565,0.5670223381420135,0.7427601287168492,0.7577052478900494,0.843786024498962
1,4,rôle,contexte,perspective,0.835062156155869,perspective,,,,,,0.6838754858596353,0.7812109413171519
