num_path,num_step,cue,best_word,temporary_best_word,q-value,current_word,neighbours,similarity,adequacy,originality,likeability,similarity_to_cue,adequacy_to_cue,originality_to_cue,likeability_to_cue,goal_value
1,0,masse,masse,masse,0.0,masse_0,volumique,0.7262402772903442,0.8835200665677667,0.28879396241331545,0.6420010445403002,1.0,1.0,0.0,0.0,1.0221598330523634
1,0,masse,masse,masse,0.0,masse_0,graisseur,0.7176101207733154,0.9891267066670474,0.09729933689804135,0.609404017709942,1.0,1.0,0.0,0.0,1.0221598330523634
1,1,masse,volumique,volumique,0.4049603028719842,volumique_1,hydrostatique,0.5196486115455627,0.889973963993234,0.4163299113412132,0.6997379483026323,0.4524819552898407,0.9291194426551392,0.30319281835339545,0.6738525378718763,1.0221598330523634
1,1,masse,volumique,volumique,0.4049603028719842,volumique_1,densité,0.5118576884269714,0.8641877695398307,0.3315303778816965,0.6457527686999167,0.4524819552898407,0.9291194426551392,0.30319281835339545,0.6738525378718763,1.0221598330523634
1,2,masse,hydrostatique,hydrostatique,0.8243548316845515,hydrostatique_2,viscosité,0.3794686198234558,0.8058455930723084,0.47436616373349844,0.6775951744172287,0.36847996711730957,0.9521180323827216,0.42173788709526927,0.7438612824630328,0.943114448342433
1,2,masse,hydrostatique,hydrostatique,0.8243548316845515,hydrostatique_2,cinétique,0.3756614029407501,0.9662593977024595,0.5002547174411657,0.7830861452433422,0.36847996711730957,0.9521180323827216,0.42173788709526927,0.7438612824630328,0.943114448342433
1,3,masse,cinétique,cinétique,1.2843477559097787,cinétique_3,viscosité,0.27749717235565186,0.8035310445293158,0.5835740660316382,0.7201670986887238,0.3635096848011017,0.9812996555027073,0.34155974470228123,0.7263511992438709,0.8701817797086985
1,3,masse,cinétique,cinétique,1.2843477559097787,cinétique_3,enthalpie,0.2707388699054718,0.957613745830395,0.5654164880735917,0.8049425746644697,0.3635096848011017,0.9812996555027073,0.34155974470228123,0.7263511992438709,0.8701817797086985
1,4,masse,hydrostatique,enthalpie,1.7680379546487215,enthalpie,,,,,,0.30718687176704407,0.925116853352607,0.42952718458869715,0.727214479468776,0.8028891202630183
