num_path,best_word,q-value,cue,step_1,step_2,step_3,step_4,step_5,step_6,step_7,similarity_1,similarity_2,similarity_3,similarity_4,similarity_5,similarity_6,similarity_7,likeability_1,likeability_2,likeability_3,likeability_4,likeability_5,likeability_6,likeability_7
1,couper,-1.0026034335579626,morceau,couper,découper,peler,-les,finement,hacher,émincer,0.2086384670293763,-0.03860853223310584,-0.17111863890904405,-0.023332125732235406,-0.05629921818194043,-0.22552214265788323,0.11982828539501983,0.5644883513450623,0.6256795525550842,0.6052122116088867,0.6873180270195007,0.7025781869888306,0.7209112644195557,0.8188600540161133
2,couper,-1.2921590127697682,morceau,couper,découper,peler,-les,finement,hacher,oignon,0.15826841558344507,-0.15668696747855054,-0.16661405652715028,-0.30544064292281303,-0.30067712392967627,-0.35384507828384126,-0.5091963477902545,0.5644883513450623,0.6256795525550842,0.6052122116088867,0.6873180270195007,0.7025781869888306,0.7209112644195557,0.75278240442276
3,sonorité,-0.9777844523003414,morceau,mélodie,rythmique,sonorité,guitare,instrumental,guitariste,musicien,-0.09630228343079159,0.21336881230148916,0.23615896425507726,0.12386815641640986,-0.11224741978293656,-0.2722409488177633,-0.1549242799431928,0.5130534768104553,0.7056966423988342,0.7621164321899414,0.6781273484230042,0.6363556385040283,0.6476976275444031,0.6538771986961365
