num_path,best_word,q-value,cue,step_1,step_2,step_3,step_4,step_5,step_6,step_7,similarity_1,similarity_2,similarity_3,similarity_4,similarity_5,similarity_6,similarity_7,likeability_1,likeability_2,likeability_3,likeability_4,likeability_5,likeability_6,likeability_7
1,conséquence,-1.1686647374489492,cause,conséquence,constater,provoquer,survenir,grave,engendrer,dus,0.17741919881001206,-0.23615046858160546,-0.12323683954761508,-0.19412711799912497,-0.434034403538618,-0.2384637923148804,0.031872998427086324,0.5539065599441528,0.6073334813117981,0.6149729490280151,0.6359935998916626,0.6281582117080688,0.6160424947738647,0.6210116744041443
2,entraîner,-1.0957039993902045,cause,conséquence,constater,provoquer,entraîner,engendrer,répercussion,subir,0.13797962611691278,-0.2740292766618433,-0.007991593459624607,0.18639895455008829,0.041564408855024396,-0.4385060694607197,-0.29733278439085975,0.5539065599441528,0.6073334813117981,0.6149729490280151,0.7268268465995789,0.6835978031158447,0.6328964233398438,0.6299930214881897
3,certain,-0.9047591094848986,cause,conséquence,constater,cependant,entraîner,résulter,certain,conséquent,0.05787173050764391,0.021697488787031982,0.07255935666310198,-0.018448412350696913,0.15141062431491656,0.23374024758507564,-0.2160233204315657,0.5539065599441528,0.6073334813117981,0.6205980777740479,0.6700044274330139,0.6926270723342896,0.6727631092071533,0.6783576607704163
