num_path,best_word,q-value,cue,step_1,step_2,step_3,step_4,step_5,step_6,step_7,similarity_1,similarity_2,similarity_3,similarity_4,similarity_5,similarity_6,similarity_7,likeability_1,likeability_2,likeability_3,likeability_4,likeability_5,likeability_6,likeability_7
1,démontrer,-1.0206773082737115,preuve,prouver,incontestable,évident,convaincre,démontrer,affirmer,contredire,0.18380074356806764,-0.26164761526458424,-0.17275169966125647,-0.12955591825383703,0.2236719646913031,0.10133323040604234,-0.2216339843542931,0.6529040932655334,0.5520758628845215,0.578437864780426,0.6255632638931274,0.7410894632339478,0.6703099608421326,0.643524169921875
2,preuve,-1.1956300351175246,preuve,invoquer,justifier,crainte,recours,circonstance,précédemment,requérir,-0.007743723010027528,-0.06799930319508216,-0.20917220424174102,-0.31933518565794283,-0.2816078056163852,-0.2555581176953316,-0.01013057367111321,0.5542501211166382,0.6279038786888123,0.6595721244812012,0.6819377541542053,0.6883474588394165,0.687789261341095,0.6828880310058594
3,preuve,-1.2729105857223313,preuve,invoquer,justifier,crainte,recours,circonstance,précédemment,requérir,-0.10343307465710933,-0.09638613625064862,-0.1784549675192172,-0.2264572951674101,-0.22584568935938926,-0.4251816209720656,-0.28219088218581573,0.5542501211166382,0.6279038786888123,0.6595721244812012,0.6819377541542053,0.6883474588394165,0.687789261341095,0.6828880310058594
