num_path,best_word,q-value,cue,step_1,step_2,step_3,step_4,step_5,step_6,step_7,similarity_1,similarity_2,similarity_3,similarity_4,similarity_5,similarity_6,similarity_7,likeability_1,likeability_2,likeability_3,likeability_4,likeability_5,likeability_6,likeability_7
1,supposer,-1.0063438786234942,principe,énoncer,nécessairement,supposer,découler,fondamental,fondement,notion,0.04550601648172767,-0.046358492358036005,0.27374483148522516,-0.11465943117448432,-0.26943351905624824,-0.345290966577927,0.25137543058227185,0.5569229125976562,0.5969853401184082,0.6662114262580872,0.652183473110199,0.655246376991272,0.6664297580718994,0.7019950747489929
2,supposer,-1.110768140841477,principe,énoncer,nécessairement,supposer,découler,fondamental,fondement,nécessité,-0.1728577837869659,-0.17409233631593063,0.15901698263537875,-0.11379705864726486,-0.024979861051284358,-0.18558272265035863,-0.21494466189095995,0.5569229125976562,0.5969853401184082,0.6662114262580872,0.652183473110199,0.655246376991272,0.6664297580718994,0.6460434794425964
3,principe,-1.2520633664347676,principe,énoncer,nécessairement,fondamental,supposer,découler,fondement,nécessité,-0.28522323818444056,-0.0407451387930379,-0.32211504892244097,-0.4251404529520915,-0.03292340818541381,-0.022778401542777715,-0.3047878810936354,0.5569229125976562,0.5969853401184082,0.6517673134803772,0.6555579900741577,0.6647554636001587,0.6664297580718994,0.6460434794425964
