num_path,best_word,q-value,cue,step_1,step_2,step_3,step_4,step_5,step_6,step_7,similarity_1,similarity_2,similarity_3,similarity_4,similarity_5,similarity_6,similarity_7,likeability_1,likeability_2,likeability_3,likeability_4,likeability_5,likeability_6,likeability_7
1,fleur,-0.998047364226464,rose,fleur,bouquet,feuillage,fleurir,fleuriste,oranger,arbuste,0.24062838019261232,0.1299184191372491,-0.0926366661067741,0.18499165157657244,-0.17011059065025824,-0.21391763476508352,-0.24250711801663805,0.6110442876815796,0.6788420081138611,0.5454391241073608,0.6891360282897949,0.5833696126937866,0.5325605273246765,0.5481476187705994
2,colorer,-1.1924232521666787,rose,bleu,jaune,couleur,foncer,teinte,pâle,colorer,-0.14635995143272643,-0.2090023393997145,-0.17186832232708954,-0.07150089893248118,-0.1422591920029113,-0.42583891582163647,0.03131662158316506,0.5178103446960449,0.6252169013023376,0.669265866279602,0.6806724667549133,0.6915798187255859,0.7029567360877991,0.6808624863624573
3,violet,-1.209580860073771,rose,bleu,jaune,couleur,foncer,violet,teinte,colorer,-0.31847703568034075,-0.07966126992107488,-0.2073151065690757,0.016803153086326822,0.14848527491753885,-0.30557762776155994,-0.47555842594067,0.5178103446960449,0.6252169013023376,0.669265866279602,0.6806724667549133,0.7626672387123108,0.6922438740730286,0.6815593242645264
