num_path,best_word,q-value,cue,step_1,step_2,step_3,step_4,step_5,step_6,step_7,similarity_1,similarity_2,similarity_3,similarity_4,similarity_5,similarity_6,similarity_7,likeability_1,likeability_2,likeability_3,likeability_4,likeability_5,likeability_6,likeability_7
1,bienvenue,-1.1536672114669406,objet,bienvenue,décoration,bijou,broderie,couture,vêtement,déco,0.1847029041823035,-0.1423467924540772,-0.038379328015621966,-0.3554066568340485,-0.13527923966214028,-0.3229575757225753,-0.1320661063285442,0.47606369853019714,0.5063855051994324,0.5331808924674988,0.5619407892227173,0.5150972604751587,0.5160007476806641,0.5336663126945496
2,être,-1.1003282758969497,objet,forme,sorte,lequel,qui,pouvoir,celui-ci,être,-0.2770600848627027,0.20316863689464937,-0.08959376063889885,0.04111897984660026,-0.5188820735701467,-0.3144127068820575,0.28062289222780756,0.43347251415252686,0.5600610971450806,0.6207489371299744,0.7040610313415527,0.725976288318634,0.7433587312698364,0.7902530431747437
3,sorte,-1.2368961515904475,objet,forme,sorte,lequel,celui-ci,être,ce,le,-0.009244193449890553,0.05048705718774721,-0.41874254169751735,-0.4023339416448938,-0.09843011480766897,-0.16754552512629778,-0.3120682359137157,0.43347251415252686,0.5600610971450806,0.6207489371299744,0.6721647381782532,0.7062038779258728,0.7611508369445801,0.7495973706245422
