num_path,best_word,q-value,cue,step_1,step_2,step_3,step_4,step_5,step_6,step_7,similarity_1,similarity_2,similarity_3,similarity_4,similarity_5,similarity_6,similarity_7,likeability_1,likeability_2,likeability_3,likeability_4,likeability_5,likeability_6,likeability_7
1,freiner,-0.9616247247686509,masse,mouvement,accélération,accélérer,vitesse,ralentir,freiner,stopper,-0.07154033802732306,-0.040612836885790114,0.02434981523042061,0.02900409078347163,0.04444365631350366,0.09689030394592782,-0.06405505270346469,0.4268330931663513,0.4431804418563843,0.5507591962814331,0.5236319899559021,0.5678732395172119,0.614963173866272,0.5045475363731384
2,force,-0.973318124400833,masse,mouvement,force,parti,communiste,révolutionnaire,socialisme,révolution,-0.053740513651960614,0.15540906491692277,-0.07540231148906973,-0.04883796488922032,0.1266817023956674,-0.05416901489948939,-0.08992832188701472,0.4268330931663513,0.5163347125053406,0.4396134316921234,0.5418127775192261,0.6422456502914429,0.5848427414894104,0.6016945242881775
3,élever,-1.012610935717243,masse,faible,diminuer,élever,sensiblement,proportion,inférieur,significativement,0.08432071966994983,-0.17504953343307905,0.26039050681086817,0.006625608058168808,-0.11004428263499427,-0.21292406094048072,-0.08977037361664779,0.4470245838165283,0.5554747581481934,0.6692367792129517,0.6225820779800415,0.6590091586112976,0.6455209255218506,0.6382153630256653
