num_path,best_word,q-value,cue,step_1,step_2,step_3,step_4,step_5,step_6,step_7,similarity_1,similarity_2,similarity_3,similarity_4,similarity_5,similarity_6,similarity_7,likeability_1,likeability_2,likeability_3,likeability_4,likeability_5,likeability_6,likeability_7
1,examiner,-1.0123427782084087,rapport,commission,examiner,formuler,rapporteur,saisine,adopter,proposition,-0.07132666120030623,0.18165134275645675,0.0017334726055521499,-0.3432906890600963,-0.014832731897688717,-0.10209305149183615,0.11304768974587545,0.5063669681549072,0.6334311962127686,0.5425868034362793,0.5498186945915222,0.5304277539253235,0.5524247288703918,0.6785255074501038
2,assemblée,-1.2629906409639426,rapport,commission,adopter,sénat,parlement,rapporteur,assemblée,examiner,-0.300696667286302,-0.1604928112196276,-0.3832381143286299,-0.21431774269188025,-0.24793146056311643,0.013499631752733554,-0.19517277798289065,0.5063669681549072,0.526229977607727,0.5993570685386658,0.6107450127601624,0.6289162039756775,0.620816171169281,0.5943275690078735
3,proposition,-0.9703609611368893,rapport,commission,examiner,proposition,conseil,assemblée,rapporteur,adopter,-0.12558964487447705,0.09559562669403066,0.23262880011754175,0.01991156472065425,-0.27506765444964054,-0.13423535878316512,0.1615551233906092,0.5063669681549072,0.6334311962127686,0.6445269584655762,0.549624502658844,0.5756444931030273,0.5784355998039246,0.6445115804672241
