num_path,best_word,q-value,cue,step_1,step_2,step_3,step_4,step_5,step_6,step_7,similarity_1,similarity_2,similarity_3,similarity_4,similarity_5,similarity_6,similarity_7,likeability_1,likeability_2,likeability_3,likeability_4,likeability_5,likeability_6,likeability_7
1,chiens,-1.2164467382667663,chien,chiens,chiot,lof,bouledogue,vacciner,saillie,femelle,0.22376205071991714,-0.03959365058981623,-0.2735053778954252,-0.06566309829444997,-0.4966342676490881,-0.4621861223288601,-0.1418099627961099,0.7995726466178894,0.5718080401420593,0.6382485032081604,0.699442446231842,0.7340698838233948,0.7462249994277954,0.6944578886032104
2,lof,-1.2765288743519827,chien,chiot,tatouer,vacciner,lof,saillie,femelle,fauve,0.003285915301233469,-0.036916544020771574,-0.3129387905289825,0.17130216308266177,-0.567066826688094,-0.46066429563553835,-0.35304273077042236,0.5821160674095154,0.7303395867347717,0.7621152997016907,0.8678625822067261,0.7421896457672119,0.7237969040870667,0.7157557010650635
3,lof,-1.013942406550228,chien,chiot,tatouer,vacciner,lof,saillie,femelle,male,-0.37683602360919616,-0.04181582693493087,0.03617099892374667,0.25677469714574885,-0.035455276918774536,-0.10930809714843387,0.027360758290700414,0.5821160674095154,0.7303395867347717,0.7621152997016907,0.8678625822067261,0.7421896457672119,0.7237969040870667,0.8785772323608398
