num_path,best_word,q-value,cue,step_1,step_2,step_3,step_4,step_5,step_6,step_7,similarity_1,similarity_2,similarity_3,similarity_4,similarity_5,similarity_6,similarity_7,likeability_1,likeability_2,likeability_3,likeability_4,likeability_5,likeability_6,likeability_7
1,lequel,-1.0007019486918476,acte,authentique,accomplissement,attester,accomplir,lui-même,lequel,celui,-0.03415730281740324,-0.1099958449707854,-0.24765390485138628,0.038235629501977675,-0.13527581476752426,0.19870894046041515,0.11323181648546862,0.42111995816230774,0.41078782081604004,0.4564400315284729,0.6059704422950745,0.48592662811279297,0.5769761204719543,0.61794114112854
2,authenticité,-1.1168696913893308,acte,authentique,accomplissement,authenticité,lui-même,nullement,qui,sorte,-0.056540046164049104,-0.12404163469428892,0.06478977365286007,0.013771429286460413,-0.20992126804926006,-0.14951623380281878,-0.2962872146755572,0.42111995816230774,0.41078782081604004,0.49592530727386475,0.4418918490409851,0.5067177414894104,0.5587207674980164,0.6138107776641846
3,succession,-1.0496326158165252,acte,notaire,époux,donation,succession,conjoint,défunt,testament,0.012822464497262778,-0.1290586195846477,-0.07796951216661685,0.12257175971242654,-0.11917059893350213,-0.11608875350584255,-0.11466655660170669,0.47022902965545654,0.450067400932312,0.5109477043151855,0.5967373847961426,0.545531690120697,0.5658215880393982,0.5877701044082642
