num_path,best_word,q-value,cue,step_1,step_2,step_3,step_4,step_5,step_6,step_7,similarity_1,similarity_2,similarity_3,similarity_4,similarity_5,similarity_6,similarity_7,likeability_1,likeability_2,likeability_3,likeability_4,likeability_5,likeability_6,likeability_7
1,lutter,-0.9204591774259848,lutte,lutter,contre,efficacement,efficace,agir,combattre,fléau,0.3388551511149107,0.049883340504493535,-0.061222005655463846,-0.23760288486120965,-0.15550635672407526,0.2423229916486967,0.04757713934272351,0.7576326727867126,0.7100156545639038,0.46725744009017944,0.5088098645210266,0.5323567986488342,0.6349212527275085,0.5508455038070679
2,contre,-0.8710080145553649,lutte,lutter,exclusion,contre,pauvreté,combattre,fléau,insécurité,0.18670920752708647,-0.17404182435468024,0.2490400357592507,-0.1860750020771477,0.18843932479473555,0.18712853229255794,0.020362915781372587,0.7576326727867126,0.4843442142009735,0.6867581009864807,0.5073035955429077,0.6204395890235901,0.589140772819519,0.4774669110774994
3,lutter,-1.1428123530347356,lutte,lutter,exclusion,fléau,discrimination,racisme,injustice,pauvreté,0.12867894662621074,-0.0715219975847442,-0.1078517589970628,-0.3565730979792222,-0.07545559111197633,-0.29463683122911766,-0.11009817239776498,0.7576326727867126,0.4843442142009735,0.5325849652290344,0.4987376630306244,0.5282553434371948,0.5253860950469971,0.5488020777702332
