num_path,best_word,q-value,cue,step_1,step_2,step_3,step_4,step_5,step_6,step_7,similarity_1,similarity_2,similarity_3,similarity_4,similarity_5,similarity_6,similarity_7,likeability_1,likeability_2,likeability_3,likeability_4,likeability_5,likeability_6,likeability_7
1,balnéaire,-1.013355497779807,mer,plage,baigner,baignade,balnéaire,promenade,rivage,sable,0.021294080183523093,-0.14573127553353202,-0.07083137133535056,0.06461706423232703,-0.01656986298190255,-0.15287237118800712,0.05991951022390719,0.5869025588035583,0.533791184425354,0.5534712076187134,0.6477787494659424,0.5163129568099976,0.5310236215591431,0.5623853802680969
2,littoral,-0.9917514052749988,mer,rivage,littoral,marée,côtier,océan,marin,marine,-0.17437673891938474,0.15790046938948563,0.0014519763788937434,0.14341260551192409,-0.2678976698487566,0.1546622227822247,-0.14730662916938111,0.5366166830062866,0.6323915719985962,0.5486754775047302,0.7167516946792603,0.558942973613739,0.6537802219390869,0.5440531373023987
3,plage,-1.0841755957979937,mer,rivage,plage,sable,marée,baigner,côtier,marin,-0.07512708352350037,0.04104650858006126,-0.05923686895770769,-0.1370563950934004,-0.13376002250889718,-0.1018450240960587,-0.1282958308904657,0.5366166830062866,0.5748541951179504,0.5627716779708862,0.5337335467338562,0.5555126070976257,0.5375885367393494,0.558887243270874
