num_path,best_word,q-value,cue,step_1,step_2,step_3,step_4,step_5,step_6,step_7,similarity_1,similarity_2,similarity_3,similarity_4,similarity_5,similarity_6,similarity_7,likeability_1,likeability_2,likeability_3,likeability_4,likeability_5,likeability_6,likeability_7
1,plain,-1.1587382038415872,colline,plain,boiser,flanc,longer,village,traverser,rive,0.20494699445839376,-0.2707525615028713,-0.16289821433450158,-0.267740016046871,-0.2129254301409465,-0.2645771915348896,0.00685866239375027,0.6055861711502075,0.5752382278442383,0.5797372460365295,0.5936757326126099,0.6061980128288269,0.6115530133247375,0.6139519810676575
2,plain,-1.0728567594853402,colline,plain,boiser,flanc,longer,village,traverser,rive,0.1768228095332058,-0.10177134927040304,-0.0922530805651823,-0.031173155032335143,0.0051068689685453,-0.16019181363301438,-0.3342208149275175,0.6055861711502075,0.5752382278442383,0.5797372460365295,0.5936757326126099,0.6061980128288269,0.6115530133247375,0.6139519810676575
3,village,-1.0939001187791804,colline,pittoresque,village,longer,vallée,falaise,traverser,sentier,-0.06602170247074918,0.22665953310535958,-0.39433149364624887,-0.10521400373747242,-0.13063883153375783,0.010013683676409542,-0.1833645167894421,0.5488138198852539,0.6622673869132996,0.5961629748344421,0.6239798069000244,0.6102962493896484,0.6296519637107849,0.6253418922424316
