num_path,num_step,cue,best_word,temporary_best_word,q-value,current_word,neighbours,similarity,adequacy,originality,likeability,likeability_to_cue,goal_value
1,0,question,question,question,0.0,question_0,réponse,0.8298220038414001,0.9250368564023226,0.17812634595396787,0.6343951407570201,0.0,0.9936804597614536
1,0,question,question,question,0.0,question_0,interrogation,0.7730602622032166,0.9527378988039317,0.15264485280161366,0.6472145194792511,0.0,0.9936804597614536
1,0,question,question,question,0.0,question_0,réponse,0.8298220038414001,1.0,0.21812634595396788,0.7140701791590266,0.0,0.9936804597614536
1,1,question,réponse,réponse,0.43009742984939325,réponse_1,-on,0.5408167243003845,0.8861632734693085,0.2963312119098646,0.6721356092400964,0.640724308824539,0.9936804597614536
1,1,question,réponse,réponse,0.43009742984939325,réponse_1,-ils,0.5182925462722778,0.9838365998290434,0.30523312507773676,0.7306070848151556,0.640724308824539,0.9936804597614536
1,1,question,réponse,réponse,0.43009742984939325,réponse_1,demander,0.5176560282707214,0.9777722076365224,0.36965736274689953,0.7553237679549413,0.640724308824539,0.9936804597614536
1,2,question,demander,demander,0.8705082568977651,demander_2,dire,0.37556877732276917,0.917244976099048,0.3493251499485472,0.7064004304521675,0.6888705366738476,0.8811815747034761
1,2,question,demander,demander,0.8705082568977651,demander_2,raison,0.3736081123352051,0.8849378925084133,0.4308178009593988,0.724332440490775,0.6888705366738476,0.8811815747034761
1,2,question,demander,demander,0.8705082568977651,demander_2,-t-il,0.38613104820251465,0.8678413761436773,0.47634129729107294,0.7313914151241573,0.6888705366738476,0.8811815747034761
1,3,question,-t-il,-t-il,0.3330607170029354,-t-il_3,raison,0.2759622633457184,0.7711020998784345,0.5538962517929907,0.6978763933944105,0.6715192456899424,0.7814191775324864
1,3,question,-t-il,-t-il,0.3330607170029354,-t-il_3,poser,0.35385873913764954,0.8246404602026774,0.5260452571599824,0.72313941418859,0.6715192456899424,0.7814191775324864
1,3,question,-t-il,-t-il,0.3330607170029354,-t-il_3,-t-elle,0.29925212264060974,0.9222171147115528,0.5031247854305421,0.7766917052168198,0.6715192456899424,0.7814191775324864
1,4,question,-t-elle,-t-elle,0.8318788489240188,-t-elle,,,,,,0.7141865615692674,0.692951315080577
