num_path,num_step,cue,best_word,temporary_best_word,q-value,current_word,neighbours,similarity,adequacy,originality,likeability,likeability_to_cue,goal_value
1,0,oncle,oncle,oncle,0.0,oncle_0,cousin,0.8248409628868103,0.9486174020141436,0.05647388545810124,0.73325188671123,0.0,0.9808339613045702
1,0,oncle,oncle,oncle,0.0,oncle_0,frère,0.8003090023994446,0.9465311201738511,0.08779603930511787,0.7645859362892566,0.0,0.9808339613045702
1,0,oncle,oncle,oncle,0.0,oncle_0,tante,0.8387585878372192,0.9725259167137738,0.2170897742807222,0.8019809215546309,0.0,0.9808339613045702
1,0,oncle,oncle,oncle,0.0,oncle_0,grand-oncle,0.792405903339386,0.9562418613996811,0.08100078871211897,0.7502603312286822,0.0,0.9808339613045702
1,1,oncle,tante,tante,0.4552867400625151,tante_1,fils,0.5946655869483948,1.0,0.1864169458472171,0.8290098582626143,0.7295286345526598,0.9808339613045702
1,1,oncle,tante,tante,0.4552867400625151,tante_1,père,0.6427239775657654,0.8677611655751933,0.23480019532839957,0.7279158253538915,0.7295286345526598,0.9808339613045702
1,1,oncle,tante,tante,0.4552867400625151,tante_1,mari,0.6090109348297119,0.8194555960300547,0.2172407555734383,0.6917437126943515,0.7295286345526598,0.9808339613045702
1,1,oncle,tante,tante,0.4552867400625151,tante_1,grand-oncle,0.5985371470451355,0.8440018186195957,0.23593644145019801,0.7082802326431928,0.7295286345526598,0.9808339613045702
1,2,oncle,fils,fils,0.9173307143020262,fils_2,nièce,0.4841008484363556,0.9874052620009698,0.3492971325783484,0.8559783152796822,0.8481446121992562,0.9074501518354761
1,2,oncle,fils,fils,0.9173307143020262,fils_2,neveu,0.4839099645614624,0.9363859978116827,0.29942757899964273,0.8044268953646492,0.8481446121992562,0.9074501518354761
1,2,oncle,fils,fils,0.9173307143020262,fils_2,père,0.582697331905365,1.0,0.19410623586937145,0.8334664397357883,0.8481446121992562,0.9074501518354761
1,2,oncle,fils,fils,0.9173307143020262,fils_2,cousin,0.5182603597640991,0.9768333424738286,0.3942545729699872,0.8558484558460288,0.8481446121992562,0.9074501518354761
1,3,oncle,fils,nièce,1.4044627551630777,nièce,,,,,,0.7319736383037069,0.8395567553258125
