num_path,num_step,cue,best_word,temporary_best_word,q-value,current_word,neighbours,similarity,adequacy,originality,likeability,likeability_to_cue,goal_value
1,0,objet,objet,objet,0.0,objet_0,spécifique,0.7138197422027588,0.91811269373586,0.22471359475389127,0.7719883463273687,0.0,0.9808339613045702
1,0,objet,objet,objet,0.0,objet_0,susceptible,0.7245145440101624,0.9780319208002703,0.11889585024480727,0.7899102403994623,0.0,0.9808339613045702
1,0,objet,objet,objet,0.0,objet_0,définir,0.7244438529014587,0.9060120278076895,0.16294097568551838,0.7400510097590147,0.0,0.9808339613045702
1,0,objet,objet,objet,0.0,objet_0,susceptible,0.7245145440101624,0.9700319208002703,0.29189585024480724,0.8264925168622719,0.0,0.9808339613045702
1,1,objet,susceptible,susceptible,0.4614146388894254,susceptible_1,spécifique,0.5501481294631958,0.8951661500650094,0.33421566420171966,0.7734296524926483,0.7251191168666946,0.9808339613045702
1,1,objet,susceptible,susceptible,0.4614146388894254,susceptible_1,préalable,0.5340035557746887,0.9784475351767283,0.23881700213705753,0.8177419643652223,0.7251191168666946,0.9808339613045702
1,1,objet,susceptible,susceptible,0.4614146388894254,susceptible_1,viser,0.5425797700881958,0.8083506154380069,0.313173315050164,0.7030580875746801,0.7251191168666946,0.9808339613045702
1,1,objet,susceptible,susceptible,0.4614146388894254,susceptible_1,spécifique,0.5501481294631958,0.8071661500650095,0.2892156642017197,0.7012244613905492,0.7251191168666946,0.9808339613045702
1,2,objet,préalable,préalable,-0.0793583603454116,préalable_2,modalité,0.4161165952682495,0.9539033723241293,0.4021755242590691,0.8364179634629526,0.8241132954935276,0.9074501518354761
1,2,objet,préalable,préalable,-0.0793583603454116,préalable_2,élément,0.39866840839385986,0.8826182623792189,0.4089860882235726,0.7817814120804711,0.8241132954935276,0.9074501518354761
1,2,objet,préalable,préalable,-0.0793583603454116,préalable_2,spécifique,0.40203186869621277,0.9240748579524019,0.3074980643666868,0.7966978564043313,0.8241132954935276,0.9074501518354761
1,2,objet,préalable,préalable,-0.0793583603454116,préalable_2,définir,0.3953606188297272,0.9701611757432355,0.5034418015377491,0.873273202314664,0.8241132954935276,0.9074501518354761
1,3,objet,préalable,définir,0.41209740227438535,définir,,,,,,0.7453339771506713,0.8395567553258125
