num_path,num_step,cue,best_word,temporary_best_word,q-value,current_word,neighbours,similarity,adequacy,originality,likeability,likeability_to_cue,goal_value
1,0,faim,faim,faim,0.0,faim_0,crever,0.7391547560691833,0.996329622374605,0.2065300611710594,0.8318924670764192,0.0,0.9808339613045702
1,0,faim,faim,faim,0.0,faim_0,mourir,0.7472708225250244,0.8998696964957154,0.08831848711232024,0.7128482346105458,0.0,0.9808339613045702
1,0,faim,faim,faim,0.0,faim_0,mourir,0.7472708225250244,0.9768696964957154,0.26031848711232025,0.8250108541783125,0.0,0.9808339613045702
1,0,faim,faim,faim,0.0,faim_0,rassasier,0.757414698600769,0.9842097461972388,0.14178221173459463,0.7964469184450977,0.0,0.9808339613045702
1,1,faim,crever,crever,0.46276462644296223,crever_1,inanition,0.5302314758300781,0.8950563033663349,0.2693084244376938,0.7583227944656042,0.805356727002276,0.9808339613045702
1,1,faim,crever,crever,0.46276462644296223,crever_1,pauvre,0.5285241603851318,0.9438802656958023,0.24843799464758465,0.7921898795084962,0.805356727002276,0.9808339613045702
1,1,faim,crever,crever,0.46276462644296223,crever_1,inanition,0.5302314758300781,0.9070563033663349,0.3083084244376938,0.778299569844563,0.805356727002276,0.9808339613045702
1,1,faim,crever,crever,0.46276462644296223,crever_1,repu,0.544966459274292,0.9046057515977403,0.39160767490880666,0.7940314599630681,0.805356727002276,0.9808339613045702
1,2,faim,repu,repu,-0.08393599889241332,repu_2,empiffrer,0.3988460600376129,0.9786425829533655,0.3888544489714213,0.8570485991975035,0.6903102408885905,0.9074501518354761
1,2,faim,repu,repu,-0.08393599889241332,repu_2,dormir,0.37731820344924927,0.8275160659085081,0.4679961494881603,0.7545433790438079,0.6903102408885905,0.9074501518354761
1,2,faim,repu,repu,-0.08393599889241332,repu_2,manger,0.41080594062805176,0.8832290854686523,0.3700496803804404,0.7739714796307576,0.6903102408885905,0.9074501518354761
1,2,faim,repu,repu,-0.08393599889241332,repu_2,goinfrer,0.3754469156265259,0.8802259907936517,0.4674178249792485,0.7957421086319166,0.6903102408885905,0.9074501518354761
1,3,faim,empiffrer,empiffrer,0.4034636129480935,empiffrer,,,,,,0.8152597988811675,0.8395567553258125
