num_path,num_step,cue,best_word,temporary_best_word,q-value,current_word,neighbours,similarity,adequacy,originality,likeability,likeability_to_cue,goal_value
1,0,vache,vache,vache,0.0,vache_0,troupeau,0.7385622262954712,0.9391486683625354,0.11990996214890798,0.754013278434248,0.0,0.9808339613045702
1,0,vache,vache,vache,0.0,vache_0,bétail,0.7317383885383606,0.9641078060827827,0.0912797715718012,0.7609639010785583,0.0,0.9808339613045702
1,0,vache,vache,vache,0.0,vache_0,bétail,0.7317383885383606,0.8481078060827827,0.1552797715718012,0.6896713847975281,0.0,0.9808339613045702
1,0,vache,vache,vache,0.0,vache_0,bouse,0.7581225633621216,0.9254498545981391,0.10032508488392318,0.7528969974118094,0.0,0.9808339613045702
1,1,vache,bétail,bétail,0.445032484943497,bétail_1,paître,0.5099519491195679,0.8609963776966265,0.3048067018401655,0.7452167219720467,0.843750266725829,0.9808339613045702
1,1,vache,bétail,bétail,0.445032484943497,bétail_1,cheptel,0.5121363997459412,0.9652157850909988,0.42734385942268605,0.8532161360560103,0.843750266725829,0.9808339613045702
1,1,vache,bétail,bétail,0.445032484943497,bétail_1,lait,0.5102888345718384,0.9170301904698598,0.26158095710460577,0.7722286457726666,0.843750266725829,0.9808339613045702
1,1,vache,bétail,bétail,0.445032484943497,bétail_1,troupeau,0.5847312808036804,0.9412031107670487,0.3047970734913902,0.8099811462547659,0.843750266725829,0.9808339613045702
1,2,vache,cheptel,cheptel,0.913128028631357,cheptel_2,troupeau,0.43535116314888,0.9282108787025067,0.33731793190621556,0.8068283015324005,0.8426359731587695,0.9074501518354761
1,2,vache,cheptel,cheptel,0.913128028631357,cheptel_2,éleveur,0.402768611907959,0.8531737972095959,0.4789542826618706,0.7767166954981245,0.8426359731587695,0.9074501518354761
1,2,vache,cheptel,cheptel,0.913128028631357,cheptel_2,pacage,0.37751466035842896,0.9645463391802774,0.42084707172132385,0.8537494939215885,0.8426359731587695,0.9074501518354761
1,2,vache,cheptel,cheptel,0.913128028631357,cheptel_2,éleveur,0.402768611907959,0.8251737972095958,0.4569542826618706,0.7484248286875969,0.8426359731587695,0.9074501518354761
1,3,vache,bétail,pacage,1.3997028641528853,pacage,,,,,,0.7589970927650633,0.8395567553258125
