num_path,num_step,cue,best_word,temporary_best_word,q-value,current_word,neighbours,similarity,adequacy,originality,likeability,likeability_to_cue,goal_value
1,0,jeunesse,jeunesse,jeunesse,0.0,jeunesse_0,populaire,0.7012976408004761,0.9039178393649746,0.13067591280558516,0.7319154795971644,0.0,0.9808339613045702
1,0,jeunesse,jeunesse,jeunesse,0.0,jeunesse_0,loisir,0.7250382304191589,0.8481795417197422,0.15556152963885342,0.7048296157353839,0.0,0.9808339613045702
1,0,jeunesse,jeunesse,jeunesse,0.0,jeunesse_0,éducateur,0.7131884694099426,0.8779459729934894,0.14311547816542097,0.7227363583132724,0.0,0.9808339613045702
1,0,jeunesse,jeunesse,jeunesse,0.0,jeunesse_0,sportif,0.7090513110160828,0.951868396622081,0.12174795042333293,0.7565250106705544,0.0,0.9808339613045702
1,1,jeunesse,sportif,sportif,0.4439227623414961,sportif_1,éducatif,0.4967854619026184,0.9646785063302907,0.2606724131378487,0.8174813423720935,0.8152444847796156,0.9808339613045702
1,1,jeunesse,sportif,sportif,0.4439227623414961,sportif_1,loisir,0.575469970703125,0.9690628237371797,0.3577667711170119,0.8416637486468537,0.8152444847796156,0.9808339613045702
1,1,jeunesse,sportif,sportif,0.4439227623414961,sportif_1,éducation,0.5325900316238403,0.9043005402068754,0.40474994909234707,0.8017970982657501,0.8152444847796156,0.9808339613045702
1,1,jeunesse,sportif,sportif,0.4439227623414961,sportif_1,extrascolaire,0.49135586619377136,0.8891348115408796,0.3873537935308933,0.7861626067394194,0.8152444847796156,0.9808339613045702
1,2,jeunesse,loisir,loisir,0.909130209177067,loisir_2,plein-air,0.3516046702861786,0.9522390597981326,0.36280606070641674,0.8240377951905458,0.7818978465285082,0.9074501518354761
1,2,jeunesse,loisir,loisir,0.909130209177067,loisir_2,plein-air,0.3516046702861786,0.9322390597981327,0.5418060607064168,0.8531547751773573,0.7818978465285082,0.9074501518354761
1,2,jeunesse,loisir,loisir,0.909130209177067,loisir_2,socioculturel,0.39572152495384216,0.8362114434854098,0.4881734328331339,0.765854676745902,0.7818978465285082,0.9074501518354761
1,2,jeunesse,loisir,loisir,0.909130209177067,loisir_2,extrascolaire,0.3659280836582184,0.7977008322830229,0.47569735325309154,0.7329196038515898,0.7818978465285082,0.9074501518354761
1,3,jeunesse,sportif,plein-air,1.3955563650125373,plein-air,,,,,,0.763490009286172,0.8395567553258125
