num_path,num_step,cue,best_word,temporary_best_word,q-value,current_word,neighbours,similarity,adequacy,originality,likeability,likeability_to_cue,goal_value
1,0,sens,sens,sens,0.0,sens_0,signification,0.8199015259742737,0.9682754623025358,0.18578183750373728,0.7950353050375013,0.0,0.9808339613045702
1,0,sens,sens,sens,0.0,sens_0,signifier,0.7780259847640991,1.0,0.10941158374391151,0.807206304922879,0.0,0.9808339613045702
1,0,sens,sens,sens,0.0,sens_0,conscience,0.7713851928710938,0.9981235175276512,0.20073372627253946,0.8239501514571552,0.0,0.9808339613045702
1,0,sens,sens,sens,0.0,sens_0,signification,0.8199015259742737,0.9812754623025358,0.11378183750373728,0.7841894665181594,0.0,0.9808339613045702
1,1,sens,conscience,conscience,0.46077904753814625,conscience_1,pensée,0.6456196904182434,0.8552674241516105,0.23496404289798434,0.7275117007348688,0.7877718663944694,0.9808339613045702
1,1,sens,conscience,conscience,0.46077904753814625,conscience_1,conscient,0.6303070783615112,0.9936858346494654,0.24168140293487717,0.8292404712363727,0.7877718663944694,0.9808339613045702
1,1,sens,conscience,conscience,0.46077904753814625,conscience_1,immanent,0.5612434148788452,0.965399992405019,0.30698352937447915,0.8263810493284222,0.7877718663944694,0.9808339613045702
1,1,sens,conscience,conscience,0.46077904753814625,conscience_1,individu,0.5641269087791443,0.920729138737246,0.23411054840674822,0.7665287020090997,0.7877718663944694,0.9808339613045702
1,2,sens,conscient,conscient,0.9228806750210968,conscient_2,individu,0.4150560796260834,0.8947701156315475,0.3649474687924583,0.78167754984801,0.7787611498339185,0.9074501518354761
1,2,sens,conscient,conscient,0.9228806750210968,conscient_2,réalité,0.4302208125591278,0.8866143641153126,0.37998811741448263,0.7806451313066801,0.7787611498339185,0.9074501518354761
1,2,sens,conscient,conscient,0.9228806750210968,conscient_2,supposer,0.42933544516563416,0.9905101101255497,0.2906233753369375,0.8450003394098944,0.7787611498339185,0.9074501518354761
1,2,sens,conscient,conscient,0.9228806750210968,conscient_2,propre,0.40898051857948303,0.9199931857612909,0.4663863139986379,0.8238321557248026,0.7787611498339185,0.9074501518354761
1,3,sens,conscience,supposer,1.4072682219147015,supposer,,,,,,0.7694375515463932,0.8395567553258125
