num_path,num_step,cue,best_word,temporary_best_word,q-value,current_word,neighbours,similarity,adequacy,originality,likeability,likeability_to_cue,goal_value
1,0,toit,toit,toit,0.0,toit_0,abri,0.7427918910980225,1.0,0.18519641275666388,0.8136999081271075,0.0,0.9808339613045702
1,0,toit,toit,toit,0.0,toit_0,maisonnette,0.7412309646606445,0.9879684607331264,0.23219829165389877,0.8325107750821709,0.0,0.9808339613045702
1,0,toit,toit,toit,0.0,toit_0,maisonnette,0.7412309646606445,0.9239684607331263,0.22919829165389877,0.7725621767853208,0.0,0.9808339613045702
1,0,toit,toit,toit,0.0,toit_0,bardeau,0.751859188079834,0.90835735475995,0.27036521238785083,0.7734195692377879,0.0,0.9808339613045702
1,1,toit,maisonnette,maisonnette,0.4629192034444002,maisonnette_1,mansarde,0.5199872851371765,0.9250083102159528,0.3711044630482632,0.8050563873475098,0.7661054334063694,0.9808339613045702
1,1,toit,maisonnette,maisonnette,0.4629192034444002,maisonnette_1,cheminée,0.5302709341049194,0.9450603791886287,0.3692823327678519,0.8266021473658263,0.7661054334063694,0.9808339613045702
1,1,toit,maisonnette,maisonnette,0.4629192034444002,maisonnette_1,terrasse,0.561915397644043,0.819476364200002,0.22154680885846018,0.6945159580861788,0.7661054334063694,0.9808339613045702
1,1,toit,maisonnette,maisonnette,0.4629192034444002,maisonnette_1,maison,0.5746796131134033,0.8729677511523166,0.21627727653507117,0.7363783072448721,0.7661054334063694,0.9808339613045702
1,2,toit,cheminée,cheminée,-0.07563875004028586,cheminée_2,toiture,0.37293076515197754,0.8168309946433181,0.3383342485802472,0.7147425916211285,0.7659962246760068,0.9074501518354761
1,2,toit,cheminée,cheminée,-0.07563875004028586,cheminée_2,balcon,0.3737296760082245,0.9239570332409739,0.35172515669129906,0.8005237794895137,0.7659962246760068,0.9074501518354761
1,2,toit,cheminée,cheminée,-0.07563875004028586,cheminée_2,mansarde,0.36520522832870483,0.8555815174042174,0.5202534640908755,0.7871020720895308,0.7659962246760068,0.9074501518354761
1,2,toit,cheminée,cheminée,-0.07563875004028586,cheminée_2,toiture,0.37293076515197754,0.9638309946433181,0.37833424858024717,0.8427839542923402,0.7659962246760068,0.9074501518354761
1,3,toit,toiture,toiture,0.40819470057393015,toiture,,,,,,0.7950082537530299,0.8395567553258125
