num_path,num_step,cue,best_word,temporary_best_word,q-value,current_word,neighbours,similarity,adequacy,originality,likeability,likeability_to_cue,goal_value
1,0,jambe,jambe,jambe,0.0,jambe_0,fesse,0.7971076369285583,0.998182644046784,0.22890729857273767,0.8371436857380938,0.0,0.9808339613045702
1,0,jambe,jambe,jambe,0.0,jambe_0,épaule,0.8309428095817566,0.9655893570334821,0.0723714409710699,0.7514432418449575,0.0,0.9808339613045702
1,0,jambe,jambe,jambe,0.0,jambe_0,ventre,0.7965543866157532,0.9359518328681736,0.055271750836878714,0.7399615391698203,0.0,0.9808339613045702
1,0,jambe,jambe,jambe,0.0,jambe_0,pied,0.8086705803871155,0.9031583015798299,0.12126205522902746,0.7320545713808934,0.0,0.9808339613045702
1,1,jambe,fesse,fesse,0.4640774311083809,fesse_1,genou,0.6691586375236511,0.9667243609147942,0.31405137368273783,0.8305639428312589,0.7466846899330595,0.9808339613045702
1,1,jambe,fesse,fesse,0.4640774311083809,fesse_1,hanche,0.6002551913261414,0.8362347294844383,0.24883668405522144,0.712465326358651,0.7466846899330595,0.9808339613045702
1,1,jambe,fesse,fesse,0.4640774311083809,fesse_1,épaule,0.6173050999641418,0.8816675202865858,0.3039520915226987,0.7635185238982394,0.7466846899330595,0.9808339613045702
1,1,jambe,fesse,fesse,0.4640774311083809,fesse_1,tête,0.5793161988258362,0.9875303993840545,0.36728483918265925,0.8593962654113555,0.7466846899330595,0.9808339613045702
1,2,jambe,tête,tête,0.9337180071350772,tête_2,épaule,0.4914242625236511,0.8731416694269994,0.37330732395875366,0.7715998415539057,0.803933856311926,0.9074501518354761
1,2,jambe,tête,tête,0.9337180071350772,tête_2,cou,0.4523772597312927,0.976108120186933,0.3722663334399677,0.8522018508561009,0.803933856311926,0.9074501518354761
1,2,jambe,tête,tête,0.9337180071350772,tête_2,torse,0.4145328402519226,0.8127041162969038,0.37232864489892337,0.720700166724926,0.803933856311926,0.9074501518354761
1,2,jambe,tête,tête,0.9337180071350772,tête_2,cou,0.4523772597312927,0.833108120186933,0.3032663334399677,0.7190545886201857,0.803933856311926,0.9074501518354761
1,3,jambe,tête,cou,0.4199059318902334,cou,,,,,,0.7721842935380921,0.8395567553258125
