num_path,num_step,cue,best_word,temporary_best_word,q-value,current_word,neighbours,similarity,adequacy,originality,likeability,likeability_to_cue,goal_value
1,0,habitude,habitude,habitude,0.0,habitude_0,obliger,0.7396900057792664,0.9284936031678722,0.12818681973746732,0.7569235139722333,0.0,0.9808339613045702
1,0,habitude,habitude,habitude,0.0,habitude_0,essayer,0.7614092826843262,0.9395769536299367,0.12520076022250332,0.752951954966972,0.0,0.9808339613045702
1,0,habitude,habitude,habitude,0.0,habitude_0,surtout,0.7787513732910156,1.0,0.13993858972195874,0.8208527705582994,0.0,0.9808339613045702
1,0,habitude,habitude,habitude,0.0,habitude_0,chose,0.7755476236343384,0.8676603999876842,0.2590262949260167,0.7384075759835633,0.0,0.9808339613045702
1,1,habitude,surtout,surtout,0.46000470231343227,surtout_1,essayer,0.574877917766571,0.938991573633346,0.22914917204287516,0.7930193269861663,0.7558291254755815,0.9808339613045702
1,1,habitude,surtout,surtout,0.46000470231343227,surtout_1,faire,0.5971899628639221,0.9228206509939227,0.21179922449242078,0.7731760529775303,0.7558291254755815,0.9808339613045702
1,1,habitude,surtout,surtout,0.46000470231343227,surtout_1,sembler,0.56333327293396,0.8356381708656743,0.2726257984795929,0.7135296427227716,0.7558291254755815,0.9808339613045702
1,1,habitude,surtout,surtout,0.46000470231343227,surtout_1,faire,0.5971899628639221,0.8968206509939227,0.37179922449242075,0.7881617551243799,0.7558291254755815,0.9808339613045702
1,2,habitude,essayer,essayer,-0.08694895626616872,essayer_2,contenter,0.4527233839035034,0.8991455380565199,0.39302331894494846,0.791981462444531,0.6969220968818032,0.9074501518354761
1,2,habitude,essayer,essayer,-0.08694895626616872,essayer_2,rien,0.46088922023773193,0.8010171309134648,0.33831210257556255,0.7055403883969041,0.6969220968818032,0.9074501518354761
1,2,habitude,essayer,essayer,-0.08694895626616872,essayer_2,penser,0.49976277351379395,0.848976277335359,0.41866014195396567,0.7613506230360986,0.6969220968818032,0.9074501518354761
1,2,habitude,essayer,essayer,-0.08694895626616872,essayer_2,penser,0.49976277351379395,0.9679762773353591,0.35766014195396567,0.8412814767580585,0.6969220968818032,0.9074501518354761
1,3,habitude,penser,penser,0.3965088749644769,penser,,,,,,0.8309183996396973,0.8395567553258125
