num_path,num_step,cue,best_word,temporary_best_word,q-value,current_word,neighbours,similarity,adequacy,originality,likeability,likeability_to_cue,goal_value
1,0,table,table,table,0.0,table_0,assiette,0.6974669098854065,0.8349865264203941,0.1761081995223345,0.6979320049906623,0.0,0.9808339613045702
1,0,table,table,table,0.0,table_0,salière,0.712398111820221,0.9937380996751461,0.10361856045874793,0.8068740918931597,0.0,0.9808339613045702
1,0,table,table,table,0.0,table_0,assiette,0.6974669098854065,0.944986526420394,0.2441081995223345,0.7954409472957981,0.0,0.9808339613045702
1,0,table,table,table,0.0,table_0,vaisselier,0.711195170879364,0.8784235443610844,0.2643840983433086,0.7443075375813304,0.0,0.9808339613045702
1,1,table,salière,salière,0.4565100326471474,salière_1,rond,0.48984020948410034,0.80798276249974,0.2663841882876765,0.6942627597058297,0.7431323593033002,0.9808339613045702
1,1,table,salière,salière,0.4565100326471474,salière_1,vaisselle,0.49175524711608887,0.8591748521777159,0.35508248240662454,0.751780680714062,0.7431323593033002,0.9808339613045702
1,1,table,salière,salière,0.4565100326471474,salière_1,assiette,0.5034700036048889,0.9843470504989527,0.28416073690692795,0.8289203561171506,0.7431323593033002,0.9808339613045702
1,1,table,salière,salière,0.4565100326471474,salière_1,rond,0.48984020948410034,0.8459827624997399,0.28938418828767654,0.7321737268872685,0.7431323593033002,0.9808339613045702
1,2,table,assiette,assiette,0.9185316313502925,assiette_2,écuelle,0.34866970777511597,0.8587082586564723,0.41010595830511365,0.7655763051193798,0.769128792366869,0.9074501518354761
1,2,table,assiette,assiette,0.9185316313502925,assiette_2,caquelon,0.35472574830055237,0.9627934274324657,0.4793692500311647,0.8649169627506408,0.769128792366869,0.9074501518354761
1,2,table,assiette,assiette,0.9185316313502925,assiette_2,soupière,0.3725742995738983,0.9517745693708195,0.43460620031429353,0.8435187793394923,0.769128792366869,0.9074501518354761
1,2,table,assiette,assiette,0.9185316313502925,assiette_2,nappage,0.32847875356674194,0.8197925843684978,0.546154763748694,0.7644729434335794,0.769128792366869,0.9074501518354761
1,3,table,assiette,caquelon,1.4078983340790836,caquelon,,,,,,0.7640887774765199,0.8395567553258125
