num_path,num_step,cue,best_word,temporary_best_word,q-value,current_word,neighbours,similarity,adequacy,originality,likeability,likeability_to_cue,goal_value
1,0,position,position,position,0.0,position_0,posture,0.7351291179656982,0.9331120458459592,0.21610963171473993,0.785443884419555,0.0,0.9808339613045702
1,0,position,position,position,0.0,position_0,opposition,0.7189425826072693,0.9064884979956009,0.29645012047024755,0.7818139121113198,0.0,0.9808339613045702
1,0,position,position,position,0.0,position_0,attitude,0.7038323879241943,0.8445457449799331,0.18206567116475794,0.6994131947959055,0.0,0.9808339613045702
1,0,position,position,position,0.0,position_0,divergence,0.7083295583724976,0.9976830604547513,0.26820697239752517,0.8411111434829851,0.0,0.9808339613045702
1,1,position,divergence,divergence,0.46506929554460374,divergence_1,contradictoire,0.4930560886859894,0.8143052070835772,0.4421993620234671,0.7365924246620789,0.8072141306920054,0.9808339613045702
1,1,position,divergence,divergence,0.46506929554460374,divergence_1,opposer,0.5159862637519836,0.9776035289267372,0.2677711193947902,0.8223689665753284,0.8072141306920054,0.9808339613045702
1,1,position,divergence,divergence,0.46506929554460374,divergence_1,opposition,0.5236244797706604,0.9903782702185077,0.2716864125653121,0.8411093563586871,0.8072141306920054,0.9808339613045702
1,1,position,divergence,divergence,0.46506929554460374,divergence_1,désaccord,0.5795528888702393,0.985559444912945,0.18713223386702146,0.8135316228637481,0.8072141306920054,0.9808339613045702
1,2,position,opposition,opposition,-0.06986185569186698,opposition_2,majoritaire,0.35719379782676697,0.8692245787550941,0.432448756406544,0.779083421151039,0.7584253845567169,0.9074501518354761
1,2,position,opposition,opposition,-0.06986185569186698,opposition_2,idéologique,0.35734984278678894,0.9712516270902295,0.36532752178567646,0.8421222543586456,0.7584253845567169,0.9074501518354761
1,2,position,opposition,opposition,-0.06986185569186698,opposition_2,consensus,0.3967289328575134,0.9663512409116994,0.32942488713755375,0.8343204856384976,0.7584253845567169,0.9074501518354761
1,2,position,opposition,opposition,-0.06986185569186698,opposition_2,majoritaire,0.35719379782676697,0.8142245787550941,0.365448756406544,0.7204884399372624,0.7584253845567169,0.9074501518354761
1,3,position,idéologique,idéologique,0.4138061699389254,idéologique,,,,,,0.8276330292466858,0.8395567553258125
