num_path,num_step,cue,best_word,temporary_best_word,q-value,current_word,neighbours,similarity,adequacy,originality,likeability,likeability_to_cue,goal_value
1,0,peau,peau,peau,0.0,peau_0,lisser,0.7552177309989929,0.8784704352812711,0.2342001115541768,0.7354643898691827,0.0,0.9808339613045702
1,0,peau,peau,peau,0.0,peau_0,exfoliant,0.7619309425354004,0.9817577069810429,0.26186331314984934,0.8317832632534816,0.0,0.9808339613045702
1,0,peau,peau,peau,0.0,peau_0,cutané,0.7729958295822144,0.9507141644338728,0.21268675349280414,0.7861318466372,0.0,0.9808339613045702
1,0,peau,peau,peau,0.0,peau_0,hydratant,0.7834174036979675,0.8706604883595163,0.2428917970212129,0.7327980299573423,0.0,0.9808339613045702
1,1,peau,exfoliant,exfoliant,0.46273732548722785,exfoliant_1,émollient,0.5835458636283875,0.9320543576269171,0.23455994852315915,0.784587987364787,0.7912652692797617,0.9808339613045702
1,1,peau,exfoliant,exfoliant,0.46273732548722785,exfoliant_1,démaquiller,0.5815191864967346,0.8088019895971174,0.3438650306617082,0.7095181794991701,0.7912652692797617,0.9808339613045702
1,1,peau,exfoliant,exfoliant,0.46273732548722785,exfoliant_1,purifiant,0.6093248128890991,0.9605004502965391,0.27704040955832165,0.8111239166743782,0.7912652692797617,0.9808339613045702
1,1,peau,exfoliant,exfoliant,0.46273732548722785,exfoliant_1,lotion,0.5886284708976746,0.8436982596790099,0.31829144502863366,0.7333424344949868,0.7912652692797617,0.9808339613045702
1,2,peau,purifiant,purifiant,-0.07969018567032021,purifiant_2,exfolier,0.5350233316421509,0.8725538861253621,0.27314442918089926,0.7425632293932671,0.8331848073159317,0.9074501518354761
1,2,peau,purifiant,purifiant,-0.07969018567032021,purifiant_2,antirides,0.4601489007472992,0.9949389445543096,0.430828163490327,0.8734249551176925,0.8331848073159317,0.9074501518354761
1,2,peau,purifiant,purifiant,-0.07969018567032021,purifiant_2,lotion,0.471962571144104,0.8771698089339318,0.42463280890714156,0.7844173067901336,0.8331848073159317,0.9074501518354761
1,2,peau,purifiant,purifiant,-0.07969018567032021,purifiant_2,peeling,0.4490090012550354,0.8977418031947803,0.2876352350289047,0.7631665370761141,0.8331848073159317,0.9074501518354761
1,3,peau,antirides,antirides,0.4118035151502339,antirides,,,,,,0.8387165538765821,0.8395567553258125
