num_path,num_step,cue,best_word,temporary_best_word,q-value,current_word,neighbours,similarity,adequacy,originality,likeability,likeability_to_cue,goal_value
1,0,école,école,école,0.0,école_0,lycée,0.8058933019638062,1.0,0.17610337216212166,0.8134820698368176,0.0,0.9808339613045702
1,0,école,école,école,0.0,école_0,collège,0.8383553624153137,0.9183192092414534,0.04536302110516206,0.7111840043013018,0.0,0.9808339613045702
1,0,école,école,école,0.0,école_0,collège,0.8383553624153137,0.9703192092414534,0.16736302110516205,0.7973030632610939,0.0,0.9808339613045702
1,0,école,école,école,0.0,école_0,primaire,0.8487018346786499,0.9317498133297298,0.029324658193198364,0.714288508704868,0.0,0.9808339613045702
1,1,école,lycée,lycée,0.45816202713306187,lycée_1,enseignement,0.6221646666526794,0.8274043194140311,0.2338582961420468,0.6969399476998821,0.7296619827740458,0.9808339613045702
1,1,école,lycée,lycée,0.45816202713306187,lycée_1,enseignement,0.6221646666526794,0.8464043194140312,0.2408582961420468,0.7170746183888101,0.7296619827740458,0.9808339613045702
1,1,école,lycée,lycée,0.45816202713306187,lycée_1,professeur,0.6024340391159058,0.9635331794611668,0.3234428002101732,0.8290308257969752,0.7296619827740458,0.9808339613045702
1,1,école,lycée,lycée,0.45816202713306187,lycée_1,enseignement,0.6221646666526794,0.9104043194140311,0.2658582961420468,0.7692822864871351,0.7296619827740458,0.9808339613045702
1,2,école,professeur,professeur,0.9202112432561631,professeur_2,primaire,0.4334884583950043,0.8379957665141026,0.31564835326062285,0.7305097406571363,0.754380058424367,0.9074501518354761
1,2,école,professeur,professeur,0.9202112432561631,professeur_2,préparatoire,0.41102033853530884,0.974256650886543,0.46689285943017095,0.8698280855218267,0.754380058424367,0.9074501518354761
1,2,école,professeur,professeur,0.9202112432561631,professeur_2,préparatoire,0.41102033853530884,0.9112566508865431,0.38189285943017093,0.8020940617610485,0.754380058424367,0.9074501518354761
1,2,école,professeur,professeur,0.9202112432561631,professeur_2,scolaire,0.4739850163459778,0.9323773739493592,0.3742381120122775,0.8170480572753986,0.754380058424367,0.9074501518354761
1,3,école,professeur,préparatoire,1.4108057266777507,préparatoire,,,,,,0.7287908018748445,0.8395567553258125
