num_path,num_step,cue,best_word,temporary_best_word,q-value,current_word,neighbours,similarity,adequacy,originality,likeability,likeability_to_cue,goal_value
1,0,page,page,page,0.0,page_0,index,0.7190098762512207,0.9945068437316091,0.2734072249599501,0.8368439176562343,0.0,0.9808339613045702
1,0,page,page,page,0.0,page_0,sommaire,0.7684084177017212,0.8530452042802361,0.14566660334543027,0.6984823859884428,0.0,0.9808339613045702
1,0,page,page,page,0.0,page_0,texte,0.7188100814819336,0.9574523961214451,0.2885345796170392,0.8182674360772935,0.0,0.9808339613045702
1,0,page,page,page,0.0,page_0,texte,0.7188100814819336,0.8384523961214451,0.20053457961703924,0.7019618499459149,0.0,0.9808339613045702
1,1,page,index,index,0.464002489087916,index_1,alphabétique,0.5039843320846558,0.8293985091095241,0.3288145129429565,0.7225077563854218,0.7029151352873707,0.9808339613045702
1,1,page,index,index,0.464002489087916,index_1,alphabétique,0.5039843320846558,0.917398509109524,0.3528145129429565,0.7988489584041711,0.7029151352873707,0.9808339613045702
1,1,page,index,index,0.464002489087916,index_1,consulter,0.46817997097969055,0.844779335218707,0.3782477572667814,0.7493608494176189,0.7029151352873707,0.9808339613045702
1,1,page,index,index,0.464002489087916,index_1,navigation,0.4677678346633911,0.9817365997876598,0.2595331829222324,0.8242485218775537,0.7029151352873707,0.9808339613045702
1,2,page,navigation,navigation,-0.07514387076883805,navigation_2,ajout,0.3083917200565338,0.9133975857422634,0.38053134980730896,0.8014093064236145,0.7893911522199525,0.9074501518354761
1,2,page,navigation,navigation,-0.07514387076883805,navigation_2,signet,0.31152716279029846,0.9411187953865712,0.45494713474654164,0.8396849603511715,0.7893911522199525,0.9074501518354761
1,2,page,navigation,navigation,-0.07514387076883805,navigation_2,site,0.30954256653785706,0.853663865362352,0.43458160578195726,0.7655455768802503,0.7893911522199525,0.9074501518354761
1,2,page,navigation,navigation,-0.07514387076883805,navigation_2,rubrique,0.339161217212677,0.9179232135428496,0.5256138353012442,0.8359886403587156,0.7893911522199525,0.9074501518354761
1,3,page,signet,signet,0.40791483136008583,signet,,,,,,0.8512653641782848,0.8395567553258125
