num_path,num_step,cue,best_word,temporary_best_word,q-value,current_word,neighbours,similarity,adequacy,originality,likeability,likeability_to_cue,goal_value
1,0,gauche,gauche,gauche,0.0,gauche_0,progressiste,0.7634692192077637,0.985293706422717,0.21886779085977143,0.8226938657297327,0.0,0.9808339613045702
1,0,gauche,gauche,gauche,0.0,gauche_0,communiste,0.7482466697692871,0.8641829279571906,0.263690824760174,0.7372623431508245,0.0,0.9808339613045702
1,0,gauche,gauche,gauche,0.0,gauche_0,électeur,0.7520483732223511,0.9374195078603943,0.25724333096168844,0.7933126041881109,0.0,0.9808339613045702
1,0,gauche,gauche,gauche,0.0,gauche_0,socialiste,0.8123835325241089,0.950818516663779,0.15079524863955007,0.7738578217005947,0.0,0.9808339613045702
1,1,gauche,progressiste,progressiste,0.4604649761062906,progressiste_1,réformisme,0.552396297454834,0.8684122465381877,0.3927469185511041,0.7681737882649264,0.7669742574978446,0.9808339613045702
1,1,gauche,progressiste,progressiste,0.4604649761062906,progressiste_1,communiste,0.6122854948043823,0.9049273884606729,0.24215144951781034,0.7601716476430663,0.7669742574978446,0.9808339613045702
1,1,gauche,progressiste,progressiste,0.4604649761062906,progressiste_1,social-démocrate,0.5714908838272095,0.8425875516791554,0.29933869699405147,0.7284746209288442,0.7669742574978446,0.9808339613045702
1,1,gauche,progressiste,progressiste,0.4604649761062906,progressiste_1,droite,0.6641966700553894,0.9687318653469293,0.20219396835135242,0.7994803840926875,0.7669742574978446,0.9808339613045702
1,2,gauche,droite,droite,-0.0848734181966801,droite_2,communiste,0.4169723391532898,0.7960104032866222,0.3255532486165763,0.6946261126492684,0.7799002853511651,0.9074501518354761
1,2,gauche,droite,droite,-0.0848734181966801,droite_2,socialiste,0.4740145802497864,0.9513804022875804,0.37221774206520886,0.8266696761827088,0.7799002853511651,0.9074501518354761
1,2,gauche,droite,droite,-0.0848734181966801,droite_2,parti,0.4820755124092102,0.9402006405496142,0.31168223039234244,0.8053544975266026,0.7799002853511651,0.9074501518354761
1,2,gauche,droite,droite,-0.0848734181966801,droite_2,communiste,0.4169723391532898,0.9610104032866222,0.4635532486165763,0.8602884116216013,0.7799002853511651,0.9074501518354761
1,3,gauche,droite,communiste,0.40333614674985124,communiste,,,,,,0.7651886803853745,0.8395567553258125
