num_path,num_step,cue,best_word,temporary_best_word,q-value,current_word,neighbours,similarity,adequacy,originality,likeability,likeability_to_cue,goal_value
1,0,mer,mer,mer,0.0,mer_0,île,0.7540060877799988,1.0,0.1689815427528839,0.8088014113025709,0.0,0.9808339613045702
1,0,mer,mer,mer,0.0,mer_0,baie,0.7415010929107666,0.9660521268097689,0.2510249494550511,0.8150567865210993,0.0,0.9808339613045702
1,0,mer,mer,mer,0.0,mer_0,baie,0.7415010929107666,0.9630521268097689,0.1720249494550511,0.7900392462011562,0.0,0.9808339613045702
1,0,mer,mer,mer,0.0,mer_0,sargasse,0.7477186322212219,0.9090132253985103,0.1920304858645685,0.7484038960782666,0.0,0.9808339613045702
1,1,mer,baie,baie,0.4585557063041322,baie_1,marin,0.5194637179374695,0.9809552200695846,0.42245301268959645,0.864274155430395,0.8529680672910925,0.9808339613045702
1,1,mer,baie,baie,0.4585557063041322,baie_1,poissonneux,0.525804340839386,0.8346010527020595,0.27823994484406955,0.7176568523725061,0.8529680672910925,0.9808339613045702
1,1,mer,baie,baie,0.4585557063041322,baie_1,côte,0.5427756905555725,0.9473714921373478,0.3920447141832024,0.8319904008322181,0.8529680672910925,0.9808339613045702
1,1,mer,baie,baie,0.4585557063041322,baie_1,marin,0.5194637179374695,0.8359552200695846,0.22645301268959642,0.7040036608718169,0.8529680672910925,0.9808339613045702
1,2,mer,marin,marin,0.9294157548355884,marin_2,poissonneux,0.3631730079650879,0.952243352311769,0.4798194379295377,0.8533090887650763,0.7130171825268092,0.9074501518354761
1,2,mer,marin,marin,0.9294157548355884,marin_2,sargasse,0.3651406764984131,0.8115708378203627,0.3513031484096804,0.7177544068108396,0.7130171825268092,0.9074501518354761
1,2,mer,marin,marin,0.9294157548355884,marin_2,rade,0.38361120223999023,0.9524691478419407,0.4072373483748693,0.8369882388889774,0.7130171825268092,0.9074501518354761
1,2,mer,marin,marin,0.9294157548355884,marin_2,crique,0.36100274324417114,0.8908777223286457,0.4494959376548341,0.7977681641365499,0.7130171825268092,0.9074501518354761
1,3,mer,baie,poissonneux,0.41588048906798836,poissonneux,,,,,,0.7269847246320398,0.8395567553258125
