num_path,num_step,cue,best_word,temporary_best_word,q-value,current_word,neighbours,similarity,adequacy,originality,likeability,likeability_to_cue,goal_value
1,0,direction,direction,direction,0.0,direction_0,directeur-adjoint,0.7571588754653931,0.9101231993409168,0.14694738428752543,0.7404518765044271,0.0,0.9808339613045702
1,0,direction,direction,direction,0.0,direction_0,sous-directeur,0.7692981958389282,0.9523657164233367,0.17908914036281398,0.7782451473533003,0.0,0.9808339613045702
1,0,direction,direction,direction,0.0,direction_0,délégation,0.7548406720161438,0.968344443412823,0.12744333166284266,0.7755243719983322,0.0,0.9808339613045702
1,0,direction,direction,direction,0.0,direction_0,mission,0.7556143999099731,0.9386032616775315,0.22594420138504606,0.7813122706840524,0.0,0.9808339613045702
1,1,direction,mission,mission,0.4501195773448705,mission_1,adjoindre,0.5398978590965271,0.9050659990790879,0.3719351494127011,0.7965841385734913,0.7226268085747174,0.9808339613045702
1,1,direction,mission,mission,0.4501195773448705,mission_1,coordonner,0.5906491279602051,0.8439587782185085,0.3629937108008113,0.7449091631927119,0.7226268085747174,0.9808339613045702
1,1,direction,mission,mission,0.4501195773448705,mission_1,responsable,0.5517899990081787,0.8823456935116476,0.2071428459976171,0.7328077601130348,0.7226268085747174,0.9808339613045702
1,1,direction,mission,mission,0.4501195773448705,mission_1,coordonner,0.5906491279602051,0.8659587782185085,0.27199371080081125,0.73569957806205,0.7226268085747174,0.9808339613045702
1,2,direction,adjoindre,adjoindre,0.9040571216621007,adjoindre_2,coordination,0.4036265015602112,0.9542885269000863,0.33132162560387796,0.8216568364897557,0.7763868244689962,0.9074501518354761
1,2,direction,adjoindre,adjoindre,0.9040571216621007,adjoindre_2,directeur-adjoint,0.4180750548839569,0.9821476790345148,0.40875218980051276,0.8652514067764897,0.7763868244689962,0.9074501518354761
1,2,direction,adjoindre,adjoindre,0.9040571216621007,adjoindre_2,responsable,0.42648011445999146,0.894171146155387,0.3066759100030481,0.7685285038750409,0.7763868244689962,0.9074501518354761
1,2,direction,adjoindre,adjoindre,0.9040571216621007,adjoindre_2,déléguer,0.39641615748405457,0.8203079183673121,0.39365720404797744,0.7314925614004619,0.7763868244689962,0.9074501518354761
1,3,direction,adjoindre,directeur-adjoint,1.3935074353973542,directeur-adjoint,,,,,,0.7026715087060891,0.8395567553258125
