num_path,num_step,cue,best_word,temporary_best_word,q-value,current_word,neighbours,similarity,adequacy,originality,likeability,likeability_to_cue,goal_value
1,0,acte,acte,acte,0.0,acte_0,seing,0.7142342925071716,0.8662225111304716,0.20844965146260686,0.7190592971876559,0.0,0.9808339613045702
1,0,acte,acte,acte,0.0,acte_0,pénal,0.7179815173149109,0.8362272682635244,0.19806266273014894,0.6941363357272125,0.0,0.9808339613045702
1,0,acte,acte,acte,0.0,acte_0,filiation,0.7213642597198486,0.9021532117066008,0.1559059978366746,0.7405493437584312,0.0,0.9808339613045702
1,0,acte,acte,acte,0.0,acte_0,filiation,0.7213642597198486,1.0,0.13390599783667462,0.806870020144144,0.0,0.9808339613045702
1,1,acte,filiation,filiation,0.45650901470989347,filiation_1,naissance,0.505491316318512,0.9485493303376905,0.26580081732963223,0.8014018392429901,0.8492768524541606,0.9808339613045702
1,1,acte,filiation,filiation,0.45650901470989347,filiation_1,constitutif,0.47345027327537537,0.9803225698273573,0.42060664482815147,0.8596201742810505,0.8492768524541606,0.9808339613045702
1,1,acte,filiation,filiation,0.45650901470989347,filiation_1,constitutif,0.47345027327537537,0.8503225698273573,0.42360664482815147,0.76267202749021,0.8492768524541606,0.9808339613045702
1,1,acte,filiation,filiation,0.45650901470989347,filiation_1,civil,0.49404940009117126,0.8194046871588017,0.25452561270257623,0.6986846547653178,0.8492768524541606,0.9808339613045702
1,2,acte,constitutif,constitutif,0.9262055679540135,constitutif_2,pénal,0.31015732884407043,0.8318053624150377,0.5580748506737276,0.7753187272088479,0.7093656313920937,0.9074501518354761
1,2,acte,constitutif,constitutif,0.9262055679540135,constitutif_2,résulter,0.3231424391269684,0.8216760162995461,0.38046443097093197,0.7320472769088759,0.7093656313920937,0.9074501518354761
1,2,acte,constitutif,constitutif,0.9262055679540135,constitutif_2,consentement,0.3198257088661194,0.900963821877848,0.5051578190654202,0.8183110536145637,0.7093656313920937,0.9074501518354761
1,2,acte,constitutif,constitutif,0.9262055679540135,constitutif_2,justification,0.32592880725860596,0.9532634891973993,0.444210496606236,0.849552751587143,0.7093656313920937,0.9074501518354761
1,3,acte,filiation,justification,0.41173121789193035,justification,,,,,,0.7462728618554915,0.8395567553258125
