num_path,num_step,cue,best_word,temporary_best_word,q-value,current_word,neighbours,similarity,adequacy,originality,likeability,likeability_to_cue,goal_value
1,0,fil,fil,fil,0.0,fil_0,commentaire,0.6826398372650146,0.9015748321647317,0.15151125053590025,0.7386104082826161,0.0,0.9808339613045702
1,0,fil,fil,fil,0.0,fil_0,fermé,0.666968047618866,0.8642825529437984,0.1474387550128829,0.7053976681604589,0.0,0.9808339613045702
1,0,fil,fil,fil,0.0,fil_0,dévider,0.6650862097740173,0.9109076248128044,0.28063058763550824,0.7724335586027261,0.0,0.9808339613045702
1,0,fil,fil,fil,0.0,fil_0,aiguille,0.6522769927978516,0.9924649495989788,0.31974457952900875,0.8512972239560699,0.0,0.9808339613045702
1,1,fil,aiguille,aiguille,0.4676158156628749,aiguille_1,dévider,0.44993942975997925,0.9318433971831953,0.3179801274988708,0.7985526047422883,0.8480269898502512,0.9808339613045702
1,1,fil,aiguille,aiguille,0.4676158156628749,aiguille_1,coudre,0.45708465576171875,0.9446136195701228,0.3519678082227995,0.821930391477364,0.8480269898502512,0.9808339613045702
1,1,fil,aiguille,aiguille,0.4676158156628749,aiguille_1,chas,0.4637473225593567,0.9483175578702825,0.2793229440885268,0.8107608294814541,0.8480269898502512,0.9808339613045702
1,1,fil,aiguille,aiguille,0.4676158156628749,aiguille_1,enfilage,0.4373747706413269,0.7974427437453814,0.48087531520464066,0.7330988557135096,0.8480269898502512,0.9808339613045702
1,2,fil,coudre,coudre,-0.07211007679392667,coudre_2,chaînette,0.32375767827033997,0.9498065772366481,0.4509660689056799,0.8471170704704168,0.7317864166796106,0.9074501518354761
1,2,fil,coudre,coudre,-0.07211007679392667,coudre_2,ganse,0.33055517077445984,0.9182174886228265,0.5254856591211492,0.8382877788709693,0.7317864166796106,0.9074501518354761
1,2,fil,coudre,coudre,-0.07211007679392667,coudre_2,chaînette,0.32375767827033997,0.9758065772366481,0.4589660689056799,0.8662742334021586,0.7317864166796106,0.9074501518354761
1,2,fil,coudre,coudre,-0.07211007679392667,coudre_2,ganse,0.33055517077445984,0.8942174886228265,0.5384856591211492,0.8216858533997463,0.7317864166796106,0.9074501518354761
1,3,fil,aiguille,chaînette,0.417595943597744,chaînette,,,,,,0.8346053039208603,0.8395567553258125
