num_path,num_step,cue,best_word,temporary_best_word,q-value,current_word,neighbours,similarity,adequacy,originality,likeability,likeability_to_cue,goal_value
1,0,herbe,herbe,herbe,0.0,herbe_0,plante,0.7423180937767029,0.9273059470056696,0.1165005773319529,0.7503963882410667,0.0,0.9808339613045702
1,0,herbe,herbe,herbe,0.0,herbe_0,brouter,0.7969261407852173,0.9341068533398041,0.12902687188151118,0.7622519297311645,0.0,0.9808339613045702
1,0,herbe,herbe,herbe,0.0,herbe_0,giroflée,0.744274377822876,0.9969184520248545,0.23424436528367748,0.8253393285227536,0.0,0.9808339613045702
1,0,herbe,herbe,herbe,0.0,herbe_0,foin,0.7386205792427063,0.9431664621069257,0.19187255247793145,0.7866789106763868,0.0,0.9808339613045702
1,1,herbe,giroflée,giroflée,0.4611263418045458,giroflée_1,fleurir,0.5530441999435425,0.8714835197347204,0.3193239619332022,0.7562483274842363,0.8051870586670143,0.9808339613045702
1,1,herbe,giroflée,giroflée,0.4611263418045458,giroflée_1,glaïeul,0.5470736026763916,0.8058325341026575,0.3772271434460784,0.7150925641825827,0.8051870586670143,0.9808339613045702
1,1,herbe,giroflée,giroflée,0.4611263418045458,giroflée_1,plante,0.5591211318969727,0.8961600890848418,0.2033637397390947,0.7454530994356464,0.8051870586670143,0.9808339613045702
1,1,herbe,giroflée,giroflée,0.4611263418045458,giroflée_1,achillée,0.5704232454299927,0.9644614358258138,0.3760295380078054,0.8414098088263184,0.8051870586670143,0.9808339613045702
1,2,herbe,achillée,achillée,0.9262703036849829,achillée_2,euphorbe,0.4015688896179199,0.9140124875127945,0.3798400043177486,0.8006175925247159,0.7572351499834358,0.9074501518354761
1,2,herbe,achillée,achillée,0.9262703036849829,achillée_2,euphorbe,0.4015688896179199,0.9290124875127945,0.3848400043177486,0.8171732038485588,0.7572351499834358,0.9074501518354761
1,2,herbe,achillée,achillée,0.9262703036849829,achillée_2,liseron,0.4431423246860504,0.9900936614019263,0.33777903425855876,0.8551323723881639,0.7572351499834358,0.9074501518354761
1,2,herbe,achillée,achillée,0.9262703036849829,achillée_2,serpolet,0.41399553418159485,0.8146361673068904,0.359720284008963,0.7175143906960082,0.7572351499834358,0.9074501518354761
1,3,herbe,giroflée,liseron,1.4131908588231548,liseron,,,,,,0.7102965678028669,0.8395567553258125
