num_path,num_step,cue,best_word,temporary_best_word,q-value,current_word,neighbours,similarity,adequacy,originality,likeability,likeability_to_cue,goal_value
1,0,chien,chien,chien,0.0,chien_0,doberman,0.7740433216094971,0.9511010314996416,0.0870054020521593,0.7442862389232175,0.0,0.9808339613045702
1,0,chien,chien,chien,0.0,chien_0,chat,0.8034161925315857,0.972861117476401,0.18874295892075305,0.7957504789971446,0.0,0.9808339613045702
1,0,chien,chien,chien,0.0,chien_0,fox-terrier,0.8146612048149109,0.8748522795697494,0.04327903891705362,0.6953285096533163,0.0,0.9808339613045702
1,0,chien,chien,chien,0.0,chien_0,sociabiliser,0.7725903391838074,0.9085649853718346,0.20595041453274338,0.7548740558511389,0.0,0.9808339613045702
1,1,chien,chat,chat,0.4537291294231436,chat_1,sociabiliser,0.5446211099624634,0.8825687220789424,0.322834090354451,0.7652404406662767,0.7283882017080175,0.9808339613045702
1,1,chien,chat,chat,0.4537291294231436,chat_1,fox-terrier,0.5839210152626038,0.9931013418735127,0.3583184820870638,0.8557239296822126,0.7283882017080175,0.9808339613045702
1,1,chien,chat,chat,0.4537291294231436,chat_1,aboyer,0.5706510543823242,0.8094882971843886,0.2608821012690329,0.694867859793691,0.7283882017080175,0.9808339613045702
1,1,chien,chat,chat,0.4537291294231436,chat_1,chiens,0.7003310322761536,0.9436808508182166,0.25528978900738647,0.7998820831112968,0.7283882017080175,0.9808339613045702
1,2,chien,fox-terrier,fox-terrier,0.9224516215175542,fox-terrier_2,animal,0.3790936768054962,0.8137884281385896,0.44365007771254356,0.7382829882903768,0.8162573766416977,0.9074501518354761
1,2,chien,fox-terrier,fox-terrier,0.9224516215175542,fox-terrier_2,papouille,0.38407498598098755,0.8995380534913794,0.35288797214279355,0.7853352134796673,0.8162573766416977,0.9074501518354761
1,2,chien,fox-terrier,fox-terrier,0.9224516215175542,fox-terrier_2,sociabiliser,0.38639363646507263,0.937879863846557,0.4591440217616295,0.8366666491515581,0.8162573766416977,0.9074501518354761
1,2,chien,fox-terrier,fox-terrier,0.9224516215175542,fox-terrier_2,animal,0.3790936768054962,0.9767884281385896,0.4736500777125435,0.8735062731167287,0.8162573766416977,0.9074501518354761
1,3,chien,animal,animal,1.4139656518378674,animal,,,,,,0.8505270334839695,0.8395567553258125
