num_path,num_step,cue,best_word,temporary_best_word,q-value,current_word,neighbours,similarity,adequacy,originality,likeability,likeability_to_cue,goal_value
1,0,morceau,morceau,morceau,0.0,morceau_0,mélodie,0.8148694038391113,1.0,0.22014032982565293,0.8368854429194849,0.0,0.9808339613045702
1,0,morceau,morceau,morceau,0.0,morceau_0,remixer,0.7731120586395264,0.9727569844328401,0.14461116849152988,0.7866285259209619,0.0,0.9808339613045702
1,0,morceau,morceau,morceau,0.0,morceau_0,remixer,0.7731120586395264,1.0,0.1136111684915299,0.8154759063835003,0.0,0.9808339613045702
1,0,morceau,morceau,morceau,0.0,morceau_0,réarranger,0.7782326936721802,1.0,0.0782768158963308,0.8027960497445885,0.0,0.9808339613045702
1,1,morceau,mélodie,mélodie,0.46401287040372863,mélodie_1,sonorité,0.6620528697967529,0.8873121172638276,0.23555175008780238,0.7452840633819583,0.7618634545281578,0.9808339613045702
1,1,morceau,mélodie,mélodie,0.46401287040372863,mélodie_1,sonorité,0.6620528697967529,0.9863121172638276,0.27655175008780236,0.8384125750883954,0.7618634545281578,0.9808339613045702
1,1,morceau,mélodie,mélodie,0.46401287040372863,mélodie_1,entêtant,0.5991955399513245,0.8990908257847958,0.20951491940705486,0.7566072938305928,0.7618634545281578,0.9808339613045702
1,1,morceau,mélodie,mélodie,0.46401287040372863,mélodie_1,sample,0.5967130661010742,0.9097568237919681,0.34710473584466733,0.7950952679463044,0.7618634545281578,0.9808339613045702
1,2,morceau,sonorité,sonorité,0.928407523849685,sonorité_2,mélodique,0.5903582572937012,0.8499211141520779,0.2551804598159121,0.7254317863122409,0.7743182395818984,0.9074501518354761
1,2,morceau,sonorité,sonorité,0.928407523849685,sonorité_2,glissando,0.4684794843196869,0.9688103680501673,0.3920403923038167,0.8446115717750803,0.7743182395818984,0.9074501518354761
1,2,morceau,sonorité,sonorité,0.928407523849685,sonorité_2,mélodique,0.5903582572937012,0.9849211141520778,0.1931804598159121,0.8216869864044969,0.7743182395818984,0.9074501518354761
1,2,morceau,sonorité,sonorité,0.928407523849685,sonorité_2,entêtant,0.4655427038669586,0.977505176792095,0.3930759568684199,0.8585979762987934,0.7743182395818984,0.9074501518354761
1,3,morceau,entêtant,entêtant,1.4161944799655144,entêtant,,,,,,0.8344249045107593,0.8395567553258125
