num_path,num_step,cue,best_word,temporary_best_word,q-value,current_word,neighbours,similarity,adequacy,originality,likeability,likeability_to_cue,goal_value
1,0,larme,larme,larme,0.0,larme_0,sangloter,0.7827104926109314,1.0,0.14835387361448993,0.8145893680701145,0.0,0.9808339613045702
1,0,larme,larme,larme,0.0,larme_0,tristesse,0.7952442169189453,0.8854078457676111,0.06113434712085039,0.712650092393797,0.0,0.9808339613045702
1,0,larme,larme,larme,0.0,larme_0,sangloter,0.7827104926109314,1.0,0.13835387361448992,0.7981530301613686,0.0,0.9808339613045702
1,0,larme,larme,larme,0.0,larme_0,sangloter,0.7827104926109314,0.9763858881359975,0.16535387361448994,0.7890522265007968,0.0,0.9808339613045702
1,1,larme,sangloter,sangloter,0.4584388516913861,sangloter_1,sourire,0.5634422898292542,0.8456506494674292,0.32455501019807165,0.7351235075875643,0.775306132327884,0.9808339613045702
1,1,larme,sangloter,sangloter,0.4584388516913861,sangloter_1,triste,0.5701032876968384,0.9244237534544021,0.23223663825581126,0.7711023115962006,0.775306132327884,0.9808339613045702
1,1,larme,sangloter,sangloter,0.4584388516913861,sangloter_1,murmurer,0.5804868936538696,0.9336743758085267,0.2415301791115087,0.7833902948850446,0.775306132327884,0.9808339613045702
1,1,larme,sangloter,sangloter,0.4584388516913861,sangloter_1,murmurer,0.5804868936538696,0.9906743758085267,0.1935301791115087,0.8257945071951304,0.775306132327884,0.9808339613045702
1,2,larme,murmurer,murmurer,0.9196789881640262,murmurer_2,pleurant,0.44840118288993835,0.8256752639117895,0.36806350035491614,0.7323699191619283,0.7604081075119636,0.9074501518354761
1,2,larme,murmurer,murmurer,0.9196789881640262,murmurer_2,murmure,0.43787604570388794,0.8564998922095782,0.4105183957245597,0.7657200839836084,0.7604081075119636,0.9074501518354761
1,2,larme,murmurer,murmurer,0.9196789881640262,murmurer_2,pleur,0.5249273180961609,0.827511318750311,0.24582165852333526,0.7079804157494143,0.7604081075119636,0.9074501518354761
1,2,larme,murmurer,murmurer,0.9196789881640262,murmurer_2,sanglot,0.48375245928764343,0.9763700990475207,0.3255352301594921,0.8404642822502639,0.7604081075119636,0.9074501518354761
1,3,larme,sanglot,sanglot,1.402932520767723,sanglot,,,,,,0.7859208446874768,0.8395567553258125
