num_path,num_step,cue,best_word,temporary_best_word,q-value,current_word,neighbours,similarity,adequacy,originality,likeability,likeability_to_cue,goal_value
1,0,appel,appel,appel,0.0,appel_0,candidature,0.7396007776260376,0.9974662326378132,0.1622440437308378,0.8098777999535046,0.0,0.9808339613045702
1,0,appel,appel,appel,0.0,appel_0,procédure,0.7271060943603516,1.0,0.11424093509295448,0.7972988451353,0.0,0.9808339613045702
1,0,appel,appel,appel,0.0,appel_0,décision,0.6954531073570251,0.943505330838443,0.23938629011841203,0.788733044673898,0.0,0.9808339613045702
1,0,appel,appel,appel,0.0,appel_0,décision,0.6954531073570251,0.865505330838443,0.21838629011841204,0.7299066892560895,0.0,0.9808339613045702
1,1,appel,candidature,candidature,0.45726095966223357,candidature_1,présélection,0.5240428447723389,0.8304209622788504,0.2994086452908511,0.7186729948969884,0.8351821117847297,0.9808339613045702
1,1,appel,candidature,candidature,0.45726095966223357,candidature_1,procédure,0.48220765590667725,0.8862140066170232,0.38759179037909525,0.7843347351906292,0.8351821117847297,0.9808339613045702
1,1,appel,candidature,candidature,0.45726095966223357,candidature_1,procédure,0.48220765590667725,0.8722140066170232,0.43659179037909523,0.7833936430977223,0.8351821117847297,0.9808339613045702
1,1,appel,candidature,candidature,0.45726095966223357,candidature_1,consultation,0.5008838772773743,0.9960883885563606,0.30590357780227306,0.8467845534304342,0.8351821117847297,0.9808339613045702
1,2,appel,consultation,consultation,0.9237486076936996,consultation_2,candidat,0.33575117588043213,0.9562578556711884,0.460327901135563,0.8524243408593408,0.7565742255419888,0.9074501518354761
1,2,appel,consultation,consultation,0.9237486076936996,consultation_2,procédure,0.3681854009628296,0.9830701917045899,0.40296377164312797,0.8577545755918046,0.7565742255419888,0.9074501518354761
1,2,appel,consultation,consultation,0.9237486076936996,consultation_2,procédure,0.3681854009628296,0.8800701917045899,0.33996377164312797,0.7650056993208996,0.7565742255419888,0.9074501518354761
1,2,appel,consultation,consultation,0.9237486076936996,consultation_2,notification,0.325869619846344,0.9012511119314953,0.3952582914489733,0.7956140719185515,0.7565742255419888,0.9074501518354761
1,3,appel,candidature,procédure,1.4113247136327818,procédure,,,,,,0.7026440879104177,0.8395567553258125
