num_path,num_step,cue,best_word,temporary_best_word,q-value,current_word,neighbours,similarity,adequacy,originality,likeability,likeability_to_cue,goal_value
1,0,nord,nord,nord,0.0,nord_0,méridional,0.7629371881484985,0.9901078182713463,0.17921218112074966,0.8098640957186953,0.0,0.9808339613045702
1,0,nord,nord,nord,0.0,nord_0,septentrional,0.7982500195503235,0.9326613092844028,0.19315437729006918,0.7681960676742322,0.0,0.9808339613045702
1,0,nord,nord,nord,0.0,nord_0,méridional,0.7629371881484985,1.0,0.23021218112074965,0.828890988348141,0.0,0.9808339613045702
1,0,nord,nord,nord,0.0,nord_0,méridional,0.7629371881484985,0.8781078182713462,0.22821218112074965,0.7357242055277069,0.0,0.9808339613045702
1,1,nord,méridional,méridional,0.4620142567608927,méridional_1,oriental,0.5425989031791687,0.8873526536836216,0.30616075558970113,0.7684060306275171,0.8507983509840734,0.9808339613045702
1,1,nord,méridional,méridional,0.4620142567608927,méridional_1,nord-ouest,0.6590864658355713,0.9747401350578309,0.20443064126638835,0.8145678068765874,0.8507983509840734,0.9808339613045702
1,1,nord,méridional,méridional,0.4620142567608927,méridional_1,septentrional,0.6897686123847961,0.8971776267106576,0.11699223258846789,0.7327651767442475,0.8507983509840734,0.9808339613045702
1,1,nord,méridional,méridional,0.4620142567608927,méridional_1,ouest,0.666511058807373,1.0,0.25372818127573293,0.8392290279311998,0.8507983509840734,0.9808339613045702
1,2,nord,ouest,ouest,0.92661302341755,ouest_2,péninsule,0.39600852131843567,0.9592513471043467,0.4309600987811075,0.8511190726843983,0.7568482905884798,0.9074501518354761
1,2,nord,ouest,ouest,0.92661302341755,ouest_2,septentrional,0.5184677839279175,1.0,0.2601163613070994,0.8367066827756483,0.7568482905884798,0.9074501518354761
1,2,nord,ouest,ouest,0.92661302341755,ouest_2,thalweg,0.38213151693344116,0.8592480984188465,0.5163532430927374,0.7898908652572808,0.7568482905884798,0.9074501518354761
1,2,nord,ouest,ouest,0.92661302341755,ouest_2,atlantique,0.3996351361274719,0.8047503305298165,0.45727005254021535,0.7335402174327018,0.7568482905884798,0.9074501518354761
1,3,nord,péninsule,péninsule,1.4125302536297806,péninsule,,,,,,0.8646917515753645,0.8395567553258125
