num_path,best_word,q-value,cue,step_1,step_2,step_3,step_4,step_5,step_6,step_7,similarity_1,similarity_2,similarity_3,similarity_4,similarity_5,similarity_6,similarity_7,likeability_1,likeability_2,likeability_3,likeability_4,likeability_5,likeability_6,likeability_7
1,table,-1.270774430660278,table,simple,autre,avec,aussi,sur,son,de,-0.06709162393320199,-0.10926269234617393,-0.2694820263918668,-0.22709249767261044,-0.07969888514851839,-0.5315557222400026,-0.24308544306901564,0.291267454624176,0.48057764768600464,0.6005634665489197,0.6456268429756165,0.6805022954940796,0.7093918919563293,0.7097737193107605
2,tabler,-0.9281310077507691,table,tiroir,tabler,roulette,coussin,tapis,rangement,lit,-0.06810583990034164,0.12697043336434363,0.07334176445479387,-0.04114481209715949,0.04707064092160562,0.03468496597699562,0.013131071025916569,0.29078933596611023,0.4329374432563782,0.3721911907196045,0.3281882405281067,0.42619606852531433,0.5553074479103088,0.4214334785938263
3,autre,-1.214781696686453,table,sur,pouvoir,avec,autre,faire,avoir,son,-0.030689022199774416,0.15132449896772104,-0.4729746428692927,0.303971790704445,-0.39942112439303784,-0.45127635235772345,-0.34824036878460274,0.28767627477645874,0.5107358694076538,0.624968409538269,0.713253378868103,0.6847522258758545,0.7084908485412598,0.7549118399620056
