num_path,best_word,q-value,cue,step_1,step_2,step_3,step_4,step_5,step_6,step_7,similarity_1,similarity_2,similarity_3,similarity_4,similarity_5,similarity_6,similarity_7,likeability_1,likeability_2,likeability_3,likeability_4,likeability_5,likeability_6,likeability_7
1,éducateur,-1.05772415816182,jeunesse,populaire,sportif,compétition,éducation,éducateur,education,association,-0.008146509212857582,-0.07279116290746335,-0.16337525418304605,0.03376125329530061,0.06036457184179325,-0.14163721853001313,-0.1701932086128135,0.37029048800468445,0.3768880367279053,0.3847861886024475,0.41237127780914307,0.5078354477882385,0.45197051763534546,0.41973549127578735
2,animation,-1.0802235544691505,jeunesse,éducatif,sport,ludique,activité,socio-,épanouissement,animation,0.0042287830333740395,-0.10980604831575254,-0.15722068442965842,-0.1587774157867289,0.004276246991775368,-0.21296221835418547,0.05574682701542241,0.3410224914550781,0.43401363492012024,0.4030570387840271,0.444480299949646,0.4405664801597595,0.4927738904953003,0.5452964901924133
3,adolescent,-1.0711907996307104,jeunesse,culturel,enfance,ados,épanouissement,adulte,adolescent,psychologique,-0.004236546344298736,-0.260380597359017,-0.09212671840182944,-0.27530213620891436,-0.0405929084207696,0.1311684118358172,0.012119759245458966,0.3441759943962097,0.44120559096336365,0.4332936704158783,0.42979496717453003,0.5007902383804321,0.6767354011535645,0.43517327308654785
