num_path,best_word,q-value,cue,step_1,step_2,step_3,step_4,step_5,step_6,step_7,similarity_1,similarity_2,similarity_3,similarity_4,similarity_5,similarity_6,similarity_7,likeability_1,likeability_2,likeability_3,likeability_4,likeability_5,likeability_6,likeability_7
1,contribuer,-0.9845434119414036,lutte,renforcement,moyens,lutter,priorité,préconiser,contribuer,efficacement,-0.12059881867083916,-0.09196366518081611,0.06833584975226281,0.08209248050780255,-0.2611518472019956,0.209332519292293,0.01783968429427396,0.41090065240859985,0.49271512031555176,0.6522621512413025,0.5799328088760376,0.5366859436035156,0.6121381521224976,0.5721021890640259
2,mobilisation,-1.0675205297231352,lutte,gouvernemental,mobilisation,organisation,lutter,national,renforcer,gouvernement,-0.13275588070810695,0.05200258086042184,-0.09330846987849062,0.03053895586934796,-0.07130805213143146,-0.23096785867473033,-0.06520066145268577,0.4054827392101288,0.5070669054985046,0.49721455574035645,0.5361438393592834,0.49053239822387695,0.5224709510803223,0.5436956286430359
3,réclamer,-1.1526595663651298,lutte,émancipation,revendication,prôner,réclamer,progressiste,ouvertement,autoritaire,-0.14444608277277637,-0.04916374855674077,-0.14243093428320672,0.00827110153428015,-0.15489825667145515,-0.0824049653586576,-0.3716216832170927,0.39595770835876465,0.4651072025299072,0.5015187859535217,0.5207575559616089,0.5342637896537781,0.5595442056655884,0.5641773343086243
