num_path,best_word,q-value,cue,step_1,step_2,step_3,step_4,step_5,step_6,step_7,similarity_1,similarity_2,similarity_3,similarity_4,similarity_5,similarity_6,similarity_7,likeability_1,likeability_2,likeability_3,likeability_4,likeability_5,likeability_6,likeability_7
1,naval,-0.9918273337987219,mer,golfe,marée,navire,flotte,naval,amiral,atlantique,0.03586850534731162,-0.021756648064522877,-0.13418239172786783,-0.10201130547694615,0.09341475379461267,0.029223023925958005,-0.03308934429215534,0.4784408211708069,0.44328945875167847,0.4267524778842926,0.4901447594165802,0.5366224646568298,0.48051249980926514,0.4628125727176666
2,océan,-0.9202807426456774,mer,océan,plage,nautique,voile,baignade,sous-marin,bateau,0.1753925538223876,0.10432055394507928,0.009626035906150465,-0.24746769568815052,0.07302978307751998,0.03401832523299797,0.07627999297562826,0.5272151231765747,0.521480143070221,0.4528180658817291,0.467745304107666,0.5191342830657959,0.44045838713645935,0.6078368425369263
3,océan,-0.9704634435482977,mer,atlantique,balnéaire,océan,tropical,vents,côtier,archipel,-0.08042843803456436,-0.01042070542188897,0.27479281950738366,-0.1632422292750842,-0.045067224803582884,0.12289553027790656,-0.12424370749165864,0.42396360635757446,0.43773916363716125,0.6056676506996155,0.45400741696357727,0.45766687393188477,0.6083585023880005,0.48468077182769775
