num_path,best_word,q-value,cue,step_1,step_2,step_3,step_4,step_5,step_6,step_7,similarity_1,similarity_2,similarity_3,similarity_4,similarity_5,similarity_6,similarity_7,likeability_1,likeability_2,likeability_3,likeability_4,likeability_5,likeability_6,likeability_7
1,vigne,-0.9108355590398587,vin,appellation,vignoble,hectare,vigne,superficie,raisin,déguster,0.016010823935055457,0.27769944687417714,-0.07206494030527857,0.27864779404152257,-0.061655135533349115,-0.03753807445815904,-0.12867444725326227,0.4887421727180481,0.7056168913841248,0.3766217827796936,0.7318345904350281,0.3861318528652191,0.45570775866508484,0.41735491156578064
2,gastronomie,-1.1173794651328801,vin,gastronomique,goûter,vigneron,dessert,gastronomie,cuisine,plat,-0.06197809948970811,-0.2391017779735449,-0.16607126417350068,-0.13144236346693353,0.11954240770663402,-0.2622106740455991,-0.01903229172174787,0.4227142632007599,0.5070366263389587,0.5787878632545471,0.4807169437408447,0.661146342754364,0.4944353699684143,0.5050045251846313
3,arôme,-1.0304631244802447,vin,mets,vigne,aromatique,appellation,fermentation,arôme,fruit,-0.15773270832876746,-0.12538268091847357,-0.08462304674478213,0.12476360623708732,-0.04473421149064154,0.16592471720663945,-0.2039280358622854,0.42959561944007874,0.47753798961639404,0.413619726896286,0.4485526978969574,0.41256868839263916,0.6613799333572388,0.4482070505619049
