num_path,best_word,q-value,cue,step_1,step_2,step_3,step_4,step_5,step_6,step_7,similarity_1,similarity_2,similarity_3,similarity_4,similarity_5,similarity_6,similarity_7,likeability_1,likeability_2,likeability_3,likeability_4,likeability_5,likeability_6,likeability_7
1,certes,-1.11980774340535,preuve,révéler,prétendre,dont,incontestable,certes,assurément,évidemment,-0.07727251184335755,-0.2781853305569564,-0.034088473684052406,0.011643443858897096,0.11658449548299436,-0.36099962991157497,-0.1501174478726999,0.4561745524406433,0.5281921625137329,0.5736746788024902,0.6107594966888428,0.6443929076194763,0.6370617747306824,0.6453165411949158
2,pourtant,-1.1051806496518513,preuve,révéler,malgré,pourtant,affirmer,néanmoins,ailleurs,aussi,-0.003124885866695265,-0.020640427436464458,0.13684432954054612,-0.3625840118996722,0.03220586835066251,-0.2718731817176774,-0.21012767672995572,0.4561745524406433,0.5277143120765686,0.6745671033859253,0.6313844919204712,0.6321601271629333,0.6464351415634155,0.666251540184021
3,invoquer,-1.0440970675726136,preuve,fait,prévaloir,fonder,invoquer,réfugier,fondement,circonstance,0.09734315898877792,-0.19472225097271412,-0.005162842510992721,0.14168060075305347,-0.16164994735576102,-0.30874178220032367,0.03737098793489325,0.6085762977600098,0.5213664770126343,0.5391525030136108,0.6753572225570679,0.5701770186424255,0.5664142966270447,0.6898244023323059
