num_path,best_word,q-value,cue,step_1,step_2,step_3,step_4,step_5,step_6,step_7,similarity_1,similarity_2,similarity_3,similarity_4,similarity_5,similarity_6,similarity_7,likeability_1,likeability_2,likeability_3,likeability_4,likeability_5,likeability_6,likeability_7
1,sombre,-1.0284151368197743,visage,contour,masque,reflet,pâle,sombre,clair,nuance,-0.24304365102265452,0.011290797640179706,-0.0412389064685183,-0.025894368374007118,0.251965492528202,-0.14387635410862806,-0.1246754317934442,0.47200047969818115,0.47297361493110657,0.4300386309623718,0.4876122772693634,0.5586502552032471,0.5114688277244568,0.5292864441871643
2,cosmétique,-1.1148586792379307,visage,beauté,parfum,éclat,cosmétique,ongle,silhouette,gel,-0.3656255332213393,-0.01887894796065448,-0.043496419898364364,0.1065456834129232,-0.03745642848003247,-0.1667561071553778,-0.22202238038680794,0.5390914678573608,0.44304826855659485,0.49380266666412354,0.5014076232910156,0.44493991136550903,0.41060346364974976,0.44130370020866394
3,embrasser,-1.0533032444372865,visage,caresser,larme,sourire,émouvoir,trembler,embrasser,frisson,-0.012471369557011322,-0.3428188116629796,0.01971369231483727,-0.06401837756558636,-0.04948905567769407,0.22704894164379597,-0.21787797918179405,0.44199103116989136,0.5207096934318542,0.6949095726013184,0.5616269111633301,0.552483856678009,0.6376989483833313,0.5638861656188965
