num_path,best_word,q-value,cue,step_1,step_2,step_3,step_4,step_5,step_6,step_7,similarity_1,similarity_2,similarity_3,similarity_4,similarity_5,similarity_6,similarity_7,likeability_1,likeability_2,likeability_3,likeability_4,likeability_5,likeability_6,likeability_7
1,balcon,-1.0480662592687,lit,coucher,chaise,réveiller,douche,coin,terrasse,balcon,-0.0913281551081919,-0.2392169924495644,0.018633474970251515,-0.12239987878171585,-0.05336620837402148,-0.0568138815054581,0.1307636074051996,0.4457046091556549,0.47103118896484375,0.48541051149368286,0.48743391036987305,0.4884849786758423,0.4900329113006592,0.631384551525116
2,wc,-0.9850971659154623,lit,coin,chaise,pers,salle,rez-de-chaussée,balcon,wc,-0.047208383232151624,-0.2107397688680499,-0.021143085444126797,-0.0745790199399953,-0.013503329267200298,0.1209055096883594,0.1473855099858536,0.4836033582687378,0.4507652223110199,0.4749135375022888,0.4589131772518158,0.47045376896858215,0.684076189994812,0.7120649218559265
3,bain,-1.1296106596400821,lit,toilette,pers,étage,coin,m²,salle,bain,-0.2365423473285603,-0.10926783601885456,-0.12749016460772403,-0.17064582576734655,-0.08925020399285094,-0.13705128685595314,0.04879762887087839,0.5200059413909912,0.4666820168495178,0.44120466709136963,0.541667103767395,0.49671849608421326,0.5593838095664978,0.6562322378158569
