num_path,best_word,q-value,cue,step_1,step_2,step_3,step_4,step_5,step_6,step_7,similarity_1,similarity_2,similarity_3,similarity_4,similarity_5,similarity_6,similarity_7,likeability_1,likeability_2,likeability_3,likeability_4,likeability_5,likeability_6,likeability_7
1,fille,-1.049173755359683,garçon,amoureux,baiser,fille,chéri,envie,aimer,sentir,-0.04884062016829055,-0.17800894318547197,0.21033524910885776,-0.1394385484287536,-0.09597773615605712,0.1267275171412755,-0.29406243260997433,0.4558872878551483,0.4865565299987793,0.6905533671379089,0.5434691309928894,0.5380886197090149,0.6931982636451721,0.5943323969841003
2,parent,-1.1363926083721856,garçon,enfant,parent,père,adolescent,gamin,mère,maman,-0.28959073500675114,0.08422542443142889,-0.18696210158515963,-0.3067801035026894,-0.06555470540700557,0.07579705410525003,-0.16649461239600147,0.45338842272758484,0.6763651967048645,0.5272476673126221,0.5422921180725098,0.502562403678894,0.6559796929359436,0.49976539611816406
3,garçon,-1.1248644742617635,garçon,gosse,amuser,moquer,fille,mec,dingue,énerver,-0.02412441850360459,-0.24875573518192753,-0.2604302881588439,-0.05016304206104583,-0.06590966379840361,-0.12373950822239957,-0.024596452882593545,0.4642314910888672,0.4909858703613281,0.5477407574653625,0.6448280215263367,0.5773862600326538,0.6093134880065918,0.6289125084877014
