num_path,best_word,q-value,cue,step_1,step_2,step_3,step_4,step_5,step_6,step_7,similarity_1,similarity_2,similarity_3,similarity_4,similarity_5,similarity_6,similarity_7,likeability_1,likeability_2,likeability_3,likeability_4,likeability_5,likeability_6,likeability_7
1,définir,-0.9778250255291191,principe,indépendamment,distinct,définir,ensemble,lequel,précisément,tel,-0.07482472352289274,-0.10431207875018131,0.25614264749351495,-0.11993470966051539,0.12286292346424493,-0.034895685103163154,-0.10756023906660303,0.4948015809059143,0.5543125867843628,0.6490914225578308,0.597406804561615,0.6459900736808777,0.6262320876121521,0.6402223110198975
2,principe,-1.2291737285995512,principe,est-à-dire,fondement,indépendamment,nécessité,consister,définir,celui-ci,-0.20511433101982632,-0.12648559483864827,-0.26633097507361314,-0.18594778286818076,-0.08164780865237053,-0.22233725775395466,-0.23140163029116229,0.48373186588287354,0.5859059691429138,0.6031153202056885,0.6048350930213928,0.6098558902740479,0.63672935962677,0.6212558746337891
3,toutefois,-1.1681638112339667,principe,indépendamment,déterminer,cas,découler,pouvoir,toutefois,nécessaire,-0.057721927880870744,-0.28373362303745303,-0.18929421664120366,-0.17152768883077466,-0.262766258618295,0.014456252119318558,-0.06362833078055545,0.4948015809059143,0.58549964427948,0.5980479121208191,0.6134037971496582,0.6328306198120117,0.6519519090652466,0.6697505116462708
