num_path,best_word,q-value,cue,step_1,step_2,step_3,step_4,step_5,step_6,step_7,similarity_1,similarity_2,similarity_3,similarity_4,similarity_5,similarity_6,similarity_7,likeability_1,likeability_2,likeability_3,likeability_4,likeability_5,likeability_6,likeability_7
1,esprit,-1.1096868677067573,passion,désir,fantasme,imagination,enthousiasme,joie,intime,esprit,-0.16882666765366228,0.06787834902179696,-0.17730604909045267,-0.12497310308097784,-0.2419192367322674,-0.1975055656084504,0.12082119711022786,0.4481113851070404,0.5259455442428589,0.5080281496047974,0.4997026026248932,0.5230753421783447,0.5350933074951172,0.5966209173202515
2,tendresse,-1.0520267694127,passion,sentiment,intime,amour,tendresse,amant,plaisir,merveilleux,-0.08143783022006978,-0.27890011429342537,0.16531062021270135,0.22097718391274965,-0.16714807715218746,-0.13260287169851198,-0.15972949532475633,0.42289459705352783,0.527543306350708,0.6064329743385315,0.655246913433075,0.5550384521484375,0.5570690631866455,0.5593962073326111
3,sentiment,-1.074564120922966,passion,curiosité,amoureux,amateur,émotion,tendresse,sentiment,ressentir,-0.17153741830392125,0.004836954053101694,-0.32945190409515085,-0.0410584944005765,0.05626476495622454,0.08082163138110701,-0.14609287570561408,0.41001468896865845,0.48743993043899536,0.5026515126228333,0.4985952079296112,0.5118627548217773,0.5672124028205872,0.5763281583786011
