num_path,best_word,q-value,cue,step_1,step_2,step_3,step_4,step_5,step_6,step_7,similarity_1,similarity_2,similarity_3,similarity_4,similarity_5,similarity_6,similarity_7,likeability_1,likeability_2,likeability_3,likeability_4,likeability_5,likeability_6,likeability_7
1,michel,-0.9853424709726374,pierre,daniel,jean-pierre,jean-yves,andré,jean,michel,jean-paul,0.016341793963807305,-0.05369839700114039,-0.09225442249193203,-0.046601923976884396,0.16176910929741084,0.24504847190579382,-0.3307137240602418,0.3593698740005493,0.4312840402126312,0.48005571961402893,0.5253947973251343,0.6484479308128357,0.7010018229484558,0.5220797061920166
2,roger,-1.1376025632012952,pierre,robert,jean,roger,dubois,georges,marc,claude,-0.17064698041386994,0.04274820808418396,0.04539534768155687,-0.0392812123962131,-0.2449650842460871,-0.17840360790881554,-0.3162562243072308,0.35698792338371277,0.5690634250640869,0.4875105321407318,0.46636950969696045,0.5033578872680664,0.48164182901382446,0.5628546476364136
3,lucien,-0.9631043281042365,pierre,bernard,bruno,alain,yves,jean,lucien,gilbert,-0.0851712821809027,-0.05955460865842983,-0.10565869302347422,0.0966309726102146,0.022147144396015783,0.14601652522753145,-0.0033284363921379234,0.3643522560596466,0.4347406029701233,0.4770734906196594,0.5404700636863708,0.6129117608070374,0.5221501588821411,0.5155942440032959
