num_path,best_word,q-value,cue,step_1,step_2,step_3,step_4,step_5,step_6,step_7,similarity_1,similarity_2,similarity_3,similarity_4,similarity_5,similarity_6,similarity_7,likeability_1,likeability_2,likeability_3,likeability_4,likeability_5,likeability_6,likeability_7
1,bovin,-1.0124524885943404,vache,bovin,chèvre,fermier,ferme,maigre,âne,bête,0.30975695471370857,0.029022932810592345,-0.29939130644605594,-0.021075785508036064,-0.10250905258612726,-0.16827892907854775,0.016816005622763697,0.6565274000167847,0.49306610226631165,0.47574108839035034,0.4751330018043518,0.43326839804649353,0.439367413520813,0.4728667736053467
2,chèvre,-1.0525128122230138,vache,boeuf,porc,chèvre,élevage,maigre,poulet,cochon,-0.1405918797359914,0.06772654543261486,0.13384500697242913,-0.17437962936797025,-0.1541766815105992,0.06112170825801955,-0.2295058686635711,0.41432827711105347,0.6750118136405945,0.6486117839813232,0.4804617166519165,0.4703630208969116,0.5912684798240662,0.48952919244766235
3,moutons,-0.9595541979877955,vache,cochon,moutons,agneau,troupeau,mouton,herbe,poulet,-0.08220359913269859,0.20137627102189093,-0.2376752750989583,0.10575234713306306,0.05362069740295729,-0.01924017734009953,0.0072020085748678644,0.4009948670864105,0.625703752040863,0.4488987326622009,0.6912260055541992,0.6766039729118347,0.4472055733203888,0.437826007604599
