num_path,best_word,q-value,cue,step_1,step_2,step_3,step_4,step_5,step_6,step_7,similarity_1,similarity_2,similarity_3,similarity_4,similarity_5,similarity_6,similarity_7,likeability_1,likeability_2,likeability_3,likeability_4,likeability_5,likeability_6,likeability_7
1,abriter,-1.0116051199601932,toit,charpente,édifice,imposant,vestige,abriter,autrefois,architectural,0.02662341095151062,0.015584054929643681,-0.09954020806151945,-0.15613759782030068,0.09592230562721171,-0.11738746420289504,0.003513161275382981,0.4683036804199219,0.44474759697914124,0.4745230972766876,0.5363791584968567,0.6542473435401917,0.5271286964416504,0.5468747019767761
2,étage,-1.04388441659479,toit,étage,charpente,clocher,édifier,escalier,comble,terrasse,0.08992102193001972,-0.16855153340576098,-0.07345544363740122,-0.07139400537004836,-0.04738598213498271,-0.05662288607359958,-0.06532999178217722,0.43061912059783936,0.4465969204902649,0.46624377369880676,0.49453672766685486,0.5917633175849915,0.5274139642715454,0.5059670805931091
3,cheminée,-1.0873981113164937,toit,cabane,terrasse,maison,verdure,cheminée,grange,charmant,-0.2135322106552104,-0.0818055978533746,-0.028743995053059912,-0.037219554411341296,0.04999677692818011,-0.13978361180180318,-0.15929910123585952,0.3988022208213806,0.42184263467788696,0.4643859565258026,0.49952903389930725,0.561144232749939,0.5330654382705688,0.5020641684532166
