num_path,best_word,q-value,cue,step_1,step_2,step_3,step_4,step_5,step_6,step_7,similarity_1,similarity_2,similarity_3,similarity_4,similarity_5,similarity_6,similarity_7,likeability_1,likeability_2,likeability_3,likeability_4,likeability_5,likeability_6,likeability_7
1,résulter,-1.044226811988967,cause,impossibilité,incapacité,raison,constater,absence,entraîner,résulter,-0.07056108605339376,-0.20656793160569684,-0.12574983624620062,0.14014176186153124,-0.14025428467570916,-0.15560890394384283,0.16406948321847606,0.4480399489402771,0.5132858753204346,0.49271130561828613,0.5812325477600098,0.5754895210266113,0.5946210026741028,0.6515241265296936
2,surtout,-1.0206438965488658,cause,mauvais,manque,évident,certainement,toujours,forcément,surtout,-0.039449705412521685,0.024725939555427373,-0.2999409416497172,0.03278770047143728,-0.26329975437163633,0.06201933312164687,0.20654120804103468,0.4563315510749817,0.5272583961486816,0.5629808306694031,0.6447961330413818,0.6854984164237976,0.6959061622619629,0.7856068015098572
3,conséquence,-1.019189819972223,cause,certain,entraîner,empêcher,conséquence,risquer,ne,pouvoir,0.03700815725413911,-0.273817220093849,-0.19065675925546877,0.09955821845950844,-0.09931124613520467,0.06755182402147808,0.09032118838828157,0.4344843327999115,0.5933356881141663,0.595600426197052,0.6762102842330933,0.6174856424331665,0.6769985556602478,0.7346493601799011
