num_path,best_word,q-value,cue,step_1,step_2,step_3,step_4,step_5,step_6,step_7,similarity_1,similarity_2,similarity_3,similarity_4,similarity_5,similarity_6,similarity_7,likeability_1,likeability_2,likeability_3,likeability_4,likeability_5,likeability_6,likeability_7
1,-t-il,-0.8828916315487241,question,-t-elle,-ils,quoi,ne,-elles,-il,-t-il,-0.19100384792738725,0.1602299709674855,0.023038379029082595,0.05035813926823948,0.07482461425285303,0.05567373340127852,0.23902411576482752,0.49004846811294556,0.6610575318336487,0.5407242774963379,0.6114518046379089,0.669849157333374,0.8273709416389465,0.8017727136611938
2,réponse,-1.0986324472163698,question,réponse,pourquoi,-il,-elles,combien,pas,réellement,0.1955700259835525,0.07754202071564817,0.008717303494623803,0.07773575716496005,-0.4206074577182465,-0.2955688719121248,-0.30994775131026225,0.6596455574035645,0.5256713628768921,0.6850582361221313,0.6218003034591675,0.6012757420539856,0.6058570146560669,0.642652153968811
3,-il,-0.914544150801895,question,poser,-il,pas,ce,-t-il,-ce,falloir,0.12009529546814363,0.23111140509720993,-0.050383380264991146,-0.11385386659785868,0.03653379139335422,0.0877062481276975,-0.05732698473303112,0.7356948852539062,0.5777767300605774,0.5727959275245667,0.6554255485534668,0.6841692924499512,0.7323727011680603,0.6822208762168884
