num_path,best_word,q-value,cue,step_1,step_2,step_3,step_4,step_5,step_6,step_7,similarity_1,similarity_2,similarity_3,similarity_4,similarity_5,similarity_6,similarity_7,likeability_1,likeability_2,likeability_3,likeability_4,likeability_5,likeability_6,likeability_7
1,aîné,-0.9478073439755236,mari,fille,grand-père,épouser,aîné,amant,soeur,femme,0.03614858336645918,-0.007960843100075138,0.14564844263257276,0.17795681233380184,-0.32283412914553933,0.08541993175109058,-0.0268122552159277,0.6344544887542725,0.525397539138794,0.6411057114601135,0.6436232924461365,0.5607813596725464,0.7059011459350586,0.5409204959869385
2,amie,-1.0966440367296477,mari,soeur,épouser,marier,fils,amie,garçon,grand-père,-0.2312366314670895,-0.303205795430049,-0.05976226429643,0.03834261488178947,0.10759361988224381,-0.3023972777736468,0.09404881305494264,0.6016715168952942,0.6308663487434387,0.6590670347213745,0.5887511372566223,0.5950594544410706,0.5568406581878662,0.5927691459655762
3,oncle,-0.9867209362014193,mari,grand-père,grand-mère,épouser,marier,oncle,naître,décéder,-0.010162648939937166,0.11913340827416605,0.06875181452095337,-0.2990078459278904,0.17118470858699858,-0.07010690057547675,-0.0867939544459103,0.48916253447532654,0.7584004998207092,0.5706400871276855,0.590212881565094,0.6322901844978333,0.49964988231658936,0.5181370377540588
