num_path,best_word,q-value,cue,step_1,step_2,step_3,step_4,step_5,step_6,step_7,similarity_1,similarity_2,similarity_3,similarity_4,similarity_5,similarity_6,similarity_7,likeability_1,likeability_2,likeability_3,likeability_4,likeability_5,likeability_6,likeability_7
1,cuire,-1.179347202493419,morceau,égoutter,cocotte,ébullition,poêle,remuer,-les,cuire,0.016308733286144086,-0.256991749055366,-0.4060590764547273,-0.41716063627211003,-0.06419079886924922,-0.16137977320888158,0.21934055060709556,0.4554152190685272,0.6456333994865417,0.6875941157341003,0.6720170974731445,0.6804677248001099,0.6871405243873596,0.8438459038734436
2,casserole,-1.0741365722047216,morceau,fendre,égoutter,casserole,cocotte,bouillon,gousse,bouillir,0.00673002142857404,-0.004531240959461946,0.13458993842645375,-0.42673983088596096,-0.0841391799005636,-0.10983902604359405,-0.060150280589054916,0.4637890160083771,0.5251902937889099,0.7051767110824585,0.6703423857688904,0.6764805912971497,0.6884300708770752,0.7749999761581421
3,peler,-1.0313210077341795,morceau,émincer,rondelle,courgette,finement,poivre,poivron,peler,-0.03743757106698917,-0.14739320528784028,-0.164967411846407,-0.2437282357310406,-0.07213244705371977,0.12395848890742583,0.21169860590767234,0.45397713780403137,0.709124743938446,0.6599066853523254,0.701694905757904,0.7157221436500549,0.7940743565559387,0.8532994985580444
