num_path,best_word,q-value,cue,step_1,step_2,step_3,step_4,step_5,step_6,step_7,similarity_1,similarity_2,similarity_3,similarity_4,similarity_5,similarity_6,similarity_7,likeability_1,likeability_2,likeability_3,likeability_4,likeability_5,likeability_6,likeability_7
1,peau,-1.164049455013786,peau,protecteur,cheveux,coloration,éclatant,abîmer,cutané,ride,-0.12690487888054328,-0.2040689458983267,-0.023757497502094965,-0.1609293795924254,-0.142432202093999,-0.2171884878752321,-0.11836262072630974,0.4132603406906128,0.43034628033638,0.4311157464981079,0.45097583532333374,0.4957495629787445,0.4694899320602417,0.4650431275367737
2,nerf,-0.8926879002849702,peau,cou,cutané,douloureux,lésion,musculaire,nerf,muscle,0.13872083838770555,0.10792165869339769,-0.014662792328253377,0.10864368045254921,-0.20126332075893288,0.15011646911450613,0.07368722751417658,0.4396219253540039,0.5705982446670532,0.42653733491897583,0.5402248501777649,0.46334338188171387,0.5166096091270447,0.6536234617233276
3,yeux,-0.9850495980061669,peau,lisser,contour,éclat,brillant,pinceau,yeux,reflet,0.13646960770683947,-0.14549466412082113,0.04473136997382539,-0.006155967147814384,-0.001205423592472929,0.14054998875363936,-0.2675396391040308,0.5456403493881226,0.45398107171058655,0.4684586822986603,0.4796973764896393,0.48419275879859924,0.546241819858551,0.5302460789680481
