num_path,best_word,q-value,cue,step_1,step_2,step_3,step_4,step_5,step_6,step_7,similarity_1,similarity_2,similarity_3,similarity_4,similarity_5,similarity_6,similarity_7,likeability_1,likeability_2,likeability_3,likeability_4,likeability_5,likeability_6,likeability_7
1,vacciner,-1.062450369358097,chien,maitre,race,lof,dispo,gentil,trés,vacciner,-0.09666827950182957,-0.06942032367061737,-0.030259307894946907,-0.07759334615300625,-0.30794169771667845,-0.12692754705483844,0.22316191770143246,0.41089072823524475,0.37478014826774597,0.4487314820289612,0.4418817162513733,0.5081579685211182,0.47654619812965393,0.6217530369758606
2,chiens,-0.9940447332813049,chien,animal,rat,promener,chiens,cage,race,cochon,-0.21202187767839645,-0.043656278976378526,-0.030575478139479195,0.1645295427630716,-0.10631827126187726,-0.05841573720521462,0.1428376965917497,0.42552489042282104,0.4286935031414032,0.3973298668861389,0.6802849769592285,0.4269816279411316,0.4181652069091797,0.4702457785606384
3,chat,-1.0549988397538468,chien,patte,bête,chat,petit,tête,habituer,adorable,-0.1823253756956497,-0.0518479585486977,0.09341943727190034,-0.15802695943968742,-0.002110172963421364,-0.014998053822247143,-0.1325018530714316,0.4174463450908661,0.4266073703765869,0.5611203908920288,0.4335961639881134,0.46259355545043945,0.4940558075904846,0.5223623514175415
