num_path,best_word,q-value,cue,step_1,step_2,step_3,step_4,step_5,step_6,step_7,similarity_1,similarity_2,similarity_3,similarity_4,similarity_5,similarity_6,similarity_7,likeability_1,likeability_2,likeability_3,likeability_4,likeability_5,likeability_6,likeability_7
1,fantasme,-1.0901839264033961,désir,séduction,émotion,instinct,fantasme,fasciner,frustration,peur,-0.11333433750807054,-0.09587181677803991,-0.0513868213918567,0.2323978937688133,-0.059075437670957465,-0.1823860869419684,-0.3546597629949011,0.46387290954589844,0.4529061019420624,0.5040507316589355,0.6055474281311035,0.5114723443984985,0.5177404284477234,0.5354592800140381
2,âme,-1.065464800709051,désir,jouissance,esprit,âme,intime,spirituel,éprouver,joie,-0.29980446340033173,-0.049468721066224644,0.1926262763060226,0.04395495123987744,0.1264758796594378,-0.15091408959565827,-0.363590574188379,0.48137223720550537,0.4287584722042084,0.6011295318603516,0.5188087224960327,0.5967247486114502,0.5323784947395325,0.5400011539459229
3,pulsion,-1.0941508109347178,désir,affectif,subjectif,émotionnel,éprouver,individu,instinct,pulsion,-0.07901729209613406,0.033396121514845695,0.02135005284062986,-0.2519296616896448,-0.24690567450608075,-0.2656363218717531,0.14459198363454798,0.4735819101333618,0.4953489303588867,0.6060108542442322,0.5398697853088379,0.5195225477218628,0.5269548296928406,0.6350671648979187
