num_path,best_word,q-value,cue,step_1,step_2,step_3,step_4,step_5,step_6,step_7,similarity_1,similarity_2,similarity_3,similarity_4,similarity_5,similarity_6,similarity_7,likeability_1,likeability_2,likeability_3,likeability_4,likeability_5,likeability_6,likeability_7
1,décoration,-0.9554519229672113,objet,décoration,mural,fresque,déco,orner,mobilier,décorer,0.08228425290287472,0.015333295477850534,0.001588688934580279,0.08198906795747313,-0.21826096902450226,0.014104871177109596,0.0723044402385572,0.42310646176338196,0.4057418704032898,0.41457849740982056,0.5875701308250427,0.40539148449897766,0.4764046370983124,0.6108608245849609
2,décoration,-1.0526486676374698,objet,décoration,fantaisie,mobilier,bricolage,collection,bienvenue,vitrine,0.042007276853639586,-0.15607817273003677,-0.11296208597993773,-0.06192156594721708,-0.029663210418890057,0.03560526716047713,-0.1536275846253837,0.42310646176338196,0.4184618592262268,0.41664841771125793,0.4150736629962921,0.38527539372444153,0.49134331941604614,0.39438095688819885
3,se,-1.196122823350671,objet,sorte,même,aussi,encore,seul,se,toujours,-0.03766828309806058,-0.12261840353588187,-0.39483191134545076,-0.3981572870731036,-0.1527731673404651,0.0650955721571237,-0.11305737401751786,0.3986678421497345,0.5441601276397705,0.642285168170929,0.6978512406349182,0.7295072078704834,0.7331675887107849,0.7607432007789612
