num_path,best_word,q-value,cue,step_1,step_2,step_3,step_4,step_5,step_6,step_7,similarity_1,similarity_2,similarity_3,similarity_4,similarity_5,similarity_6,similarity_7,likeability_1,likeability_2,likeability_3,likeability_4,likeability_5,likeability_6,likeability_7
1,distance,-0.9196467118824699,rayon,distance,trajectoire,repère,observer,vitesse,figure,sphère,0.167950476766857,-0.038771694961934736,0.10869455653107807,-0.09243928828780079,0.15934026878693805,-0.007171337713343967,-0.06923327803414359,0.3694322109222412,0.3735291361808777,0.43085381388664246,0.417316734790802,0.495136022567749,0.44159308075904846,0.46876099705696106
2,perpendiculaire,-1.062503480847381,rayon,faisceau,intersection,figure,axe,rayons,horizontal,perpendiculaire,-0.13350067366783286,0.0044038920144247595,-0.0536924986479714,-0.21717460884517148,-0.10652160412655118,-0.10143633905886382,0.12200769059506111,0.3436518907546997,0.4033687710762024,0.437505304813385,0.45862284302711487,0.4862101972103119,0.49115189909935,0.7035033106803894
3,triangle,-1.1328923615472986,rayon,segment,point,aligner,horizontal,symétrique,alignement,triangle,-0.006952981480778241,-0.15352461981196314,-0.1502048167658783,-0.07750211414624647,-0.13132682248846791,-0.3550679425145938,0.03672075197143493,0.3380618691444397,0.4304479658603668,0.43915364146232605,0.45899805426597595,0.4921877086162567,0.5014856457710266,0.5199006199836731
