num_path,best_word,q-value,cue,step_1,step_2,step_3,step_4,step_5,step_6,step_7,similarity_1,similarity_2,similarity_3,similarity_4,similarity_5,similarity_6,similarity_7,likeability_1,likeability_2,likeability_3,likeability_4,likeability_5,likeability_6,likeability_7
1,ail,-1.2200203956388735,herbe,salade,jambon,carotte,assaisonner,ail,olive,thym,-0.13911030894127183,-0.13582391750601533,-0.4124407055420085,-0.15955194198141423,0.053094801771038036,-0.28967914461960337,-0.18998749887509253,0.4369221329689026,0.5487363934516907,0.5918484926223755,0.6416828632354736,0.6876709461212158,0.7007777094841003,0.7155318260192871
2,boiser,-1.040567750562825,herbe,prairie,boiser,parsemer,coteau,vallon,village,abriter,0.09959878497114265,0.1333026975489901,-0.25913504612816807,-0.18727474379139586,-0.006777583140170851,0.037368295732155526,-0.19331789550667813,0.5289990305900574,0.48553675413131714,0.4577435851097107,0.4460868239402771,0.4825993776321411,0.47821447253227234,0.5034019947052002
3,thym,-1.2581920711572654,herbe,tomate,haricot,pois,cuire,moutarde,gousse,thym,-0.1197241942012386,-0.27323440776864827,-0.31664885902547873,-0.3781928636012857,-0.39848069242061457,-0.01962443098018317,0.04154835471112189,0.44466283917427063,0.6001269817352295,0.6371836066246033,0.5977578163146973,0.6449182629585266,0.6663694977760315,0.6868312954902649
