num_path,best_word,q-value,cue,step_1,step_2,step_3,step_4,step_5,step_6,step_7,similarity_1,similarity_2,similarity_3,similarity_4,similarity_5,similarity_6,similarity_7,likeability_1,likeability_2,likeability_3,likeability_4,likeability_5,likeability_6,likeability_7
1,botanique,-1.0079777482321601,jardin,botanique,fleur,agrémenter,promenade,charme,planter,beau,0.21806549404853148,-0.03359370101529385,-0.12627372907956913,-0.21503872425021864,-0.024094432667587387,-0.005088677869265229,-0.0272617078273987,0.5188611745834351,0.4372853934764862,0.4304170608520508,0.4570122957229614,0.46597546339035034,0.49845942854881287,0.5067729353904724
2,naturel,-1.0596418387190922,jardin,paysager,espace,préservation,naturel,remarquable,flore,diversité,-0.16881256657970495,-0.06553417994889674,-0.12304834331080547,0.15209061862937984,-0.09694607670648982,-0.04957320612531753,-0.11978217705362691,0.4481638967990875,0.4542962312698364,0.4402446150779724,0.5265194773674011,0.47567468881607056,0.48011675477027893,0.4782746136188507
3,terrasse,-0.8804025481267627,jardin,terrasse,rez-de-chaussée,sous-sol,cheminée,privatif,étage,barbecue,0.2342703537057868,0.00558112169056979,-0.04306406775789681,0.1790029908949366,0.054393023691533454,0.1201223871400256,-0.1257152874987693,0.6179271936416626,0.4898114800453186,0.5026540160179138,0.5665233731269836,0.5391030311584473,0.7484326362609863,0.5297884345054626
