num_path,best_word,q-value,cue,step_1,step_2,step_3,step_4,step_5,step_6,step_7,similarity_1,similarity_2,similarity_3,similarity_4,similarity_5,similarity_6,similarity_7,likeability_1,likeability_2,likeability_3,likeability_4,likeability_5,likeability_6,likeability_7
1,encore,-1.0458616602775805,passage,arriver,encore,maintenant,quand,même,toujours,dire,-0.04609784182520886,0.24005611558310885,-0.20407365390748214,-0.21384171575994942,-0.3455559863112557,0.1932351529860949,-0.026427109653210205,0.4521826207637787,0.6341201663017273,0.6768206357955933,0.7274592518806458,0.737801194190979,0.7953808307647705,0.7534054517745972
2,quatre,-1.0817394159541278,passage,deux,après,quatre,passer,huit,de,dix,-0.13830974402711144,-0.07442708991750077,0.272523660695863,-0.041757961817984274,-0.21136122302089672,-0.27782248016030175,-0.11093897902270732,0.46083390712738037,0.5957852602005005,0.6391235589981079,0.6409351825714111,0.6374229192733765,0.620911180973053,0.6688905358314514
3,si,-1.237497706599382,passage,noter,remarquer,pas,si,faire,il,un,0.01260622265078229,-0.36754579494072115,-0.15366166986660112,0.06446176442210569,-0.11176915153742562,-0.442497468091787,-0.36247917313326256,0.4504412114620209,0.5352928042411804,0.5968716144561768,0.6723188757896423,0.7175983190536499,0.7746540307998657,0.7444711327552795
