num_path,best_word,q-value,cue,step_1,step_2,step_3,step_4,step_5,step_6,step_7,similarity_1,similarity_2,similarity_3,similarity_4,similarity_5,similarity_6,similarity_7,likeability_1,likeability_2,likeability_3,likeability_4,likeability_5,likeability_6,likeability_7
1,vouloir,-1.0585480453290856,enfant,garçon,gamin,quand,ailler,vouloir,penser,je,-0.17454698162623572,0.04352348702816686,-0.049506368503418274,-0.2763112633637486,0.0519753551434641,-0.11148959600703479,0.05021840318337799,0.45338839292526245,0.5215622782707214,0.49119827151298523,0.5567761659622192,0.6221259832382202,0.6778439879417419,0.7511889934539795
2,adolescent,-1.0835495377881377,enfant,parental,paternité,adulte,adolescent,conjugal,sexuel,naissance,-0.1510596178127312,-0.08816319698572367,-0.05873971149175361,0.0621968688199043,-0.1583343525759294,-0.05297232684629721,-0.1440720895481582,0.4747990369796753,0.4612197279930115,0.3933531641960144,0.5321059823036194,0.4273972809314728,0.4164169132709503,0.4422333538532257
3,an,-1.053779399709338,enfant,ados,âge,scolariser,scolarisation,garçon,jeune,an,-0.09136939872525661,-0.2344094683195372,-0.05348114145588759,-0.1748640875602594,-0.22777464630441824,0.09787137773782026,0.24173362858084846,0.4440969228744507,0.44620153307914734,0.42463669180870056,0.4582809805870056,0.49252796173095703,0.5817367434501648,0.5352330803871155
