num_path,best_word,q-value,cue,step_1,step_2,step_3,step_4,step_5,step_6,step_7,similarity_1,similarity_2,similarity_3,similarity_4,similarity_5,similarity_6,similarity_7,likeability_1,likeability_2,likeability_3,likeability_4,likeability_5,likeability_6,likeability_7
1,autorité,-1.0411688703421385,acte,émaner,juger,autorité,égard,examiner,subordonner,établir,-0.0795485665861066,-0.022307116552495426,0.13198485557507356,0.07388522351204152,-0.19579482168661483,-0.3507602056611337,0.06329954218854279,0.3648923635482788,0.43480509519577026,0.5310998558998108,0.6003057956695557,0.54414963722229,0.5579588413238525,0.6404542922973633
2,notaire,-0.9463989777838011,acte,notaire,consentement,ayant,époux,succession,mariage,héritier,0.17699760370547557,-0.052461637797627164,-0.022793760292825108,0.1625985875845654,-0.08250998785781617,-0.26064685912290586,0.17342442736212724,0.47022902965545654,0.3705593943595886,0.3712467551231384,0.5052257776260376,0.43938374519348145,0.43145525455474854,0.5948888063430786
3,filiation,-0.9176687009599365,acte,naissance,filiation,mariage,parenté,conjugal,marier,épouser,0.019431958716623746,0.17825936815266133,0.051862235127148826,0.117756238419192,-0.014554853218206612,0.054263460758116236,-0.16875865025521852,0.3742872476577759,0.5934780240058899,0.4735671877861023,0.5187298059463501,0.39391303062438965,0.5372408628463745,0.4420021176338196
