num_path,best_word,q-value,cue,step_1,step_2,step_3,step_4,step_5,step_6,step_7,similarity_1,similarity_2,similarity_3,similarity_4,similarity_5,similarity_6,similarity_7,likeability_1,likeability_2,likeability_3,likeability_4,likeability_5,likeability_6,likeability_7
1,institut,-1.0003573063747273,direction,sociales,recherches,ressources,science,documentation,institut,directeur,0.0158333136699034,-0.12783473240948934,-0.006182615970435151,-0.035149901535776656,-0.2478957864697214,0.18292021555802335,0.04312623778385899,0.4017810523509979,0.37803635001182556,0.3902979791164398,0.4072885513305664,0.4410151243209839,0.556807816028595,0.47100117802619934
2,charger,-1.0082573485359332,direction,mission,charger,coordonner,comité,suivi,coordonnateur,service,-0.08338465805592599,0.15741402978537955,0.0641213568666184,-0.1471181389320452,-0.023470084960271975,0.1288348556012841,-0.31108084048470497,0.42404842376708984,0.5846738815307617,0.5759038329124451,0.4993319511413574,0.5331581830978394,0.5621970295906067,0.529633641242981
3,assurer,-1.1060199376032156,direction,responsable,confier,superviser,coordination,responsabilité,incomber,assurer,-0.039543382958055456,-0.26077344735289715,-0.12455850738491132,-0.17124611179362745,-0.17880791701685853,-0.10028075675427865,0.17171369774455053,0.39895567297935486,0.4415276050567627,0.5054231882095337,0.493340402841568,0.5194002389907837,0.5086672902107239,0.658487856388092
