num_path,best_word,q-value,cue,step_1,step_2,step_3,step_4,step_5,step_6,step_7,similarity_1,similarity_2,similarity_3,similarity_4,similarity_5,similarity_6,similarity_7,likeability_1,likeability_2,likeability_3,likeability_4,likeability_5,likeability_6,likeability_7
1,splendeur,-1.0683626875844212,lune,coucher,contempler,céleste,nuit,splendeur,merveilleux,instant,-0.10608623836844927,-0.1139306305261031,0.0403515750903977,-0.04869319116523694,0.127130712220492,-0.100445109851866,-0.31353729282134013,0.383940190076828,0.4340956211090088,0.5552027225494385,0.4934718906879425,0.5387722849845886,0.5117332339286804,0.5296180844306946
2,soleil,-1.1084171262014622,lune,nasa,étoile,lointain,lueur,sombre,soleil,soudain,-0.2247719122167948,-0.1847744301874879,-0.07869765749055058,-0.043852924831007445,-0.2682146191413557,0.07479753286524672,0.010031642494639198,0.3558359742164612,0.42624351382255554,0.4227682948112488,0.43511271476745605,0.5144471526145935,0.5981339812278748,0.4921592175960541
3,vénus,-0.9826089732647745,lune,vénus,soleil,aurore,mercure,solaire,astronomie,lointain,0.1936820383685903,0.08811875333904692,0.03175782198409981,-0.07386347121826227,-0.186103414354229,-0.0577360749532308,-0.08229725698988774,0.52436763048172,0.5733576416969299,0.42100989818573,0.4167383313179016,0.405595064163208,0.39849987626075745,0.40429070591926575
