num_path,best_word,q-value,cue,step_1,step_2,step_3,step_4,step_5,step_6,step_7,similarity_1,similarity_2,similarity_3,similarity_4,similarity_5,similarity_6,similarity_7,likeability_1,likeability_2,likeability_3,likeability_4,likeability_5,likeability_6,likeability_7
1,sociologue,-1.09572271366769,science,psychologie,psychologue,médecine,universitaire,sociologie,sociologue,chercheur,-0.10024807825486001,-0.1139834770241557,-0.1936640914670367,-0.05049498323260918,-0.15241602401195076,0.04325966764091052,-0.0844633194887486,0.4526180922985077,0.44180575013160706,0.4148668050765991,0.4595645070075989,0.5010281801223755,0.4885648787021637,0.48896223306655884
2,histoire,-1.1451475381706702,science,géographie,svt,philosophie,ethnologie,professeur,histoire,philosophique,-0.25939629986756796,-0.011700663646796323,-0.002239845546005814,-0.27731041949469354,-0.25632008455787664,0.2035703151527504,-0.29573743039316014,0.44988706707954407,0.49599865078926086,0.4483901560306549,0.45490652322769165,0.5158840417861938,0.5405170917510986,0.4883050322532654
3,sciences,-0.9419658045502255,science,sciences,sociales,spécialité,interdisciplinaire,ethnologie,scientifique,enseignement,0.1775917236400253,0.04745019629394978,-0.06364118875042916,-0.09623926194831237,0.02068120599650322,0.10074808843373506,-0.06981652391659962,0.6975315809249878,0.5465355515480042,0.43298307061195374,0.45433589816093445,0.4839966893196106,0.5630567073822021,0.4879521429538727
