num_path,best_word,q-value,cue,step_1,step_2,step_3,step_4,step_5,step_6,step_7,similarity_1,similarity_2,similarity_3,similarity_4,similarity_5,similarity_6,similarity_7,likeability_1,likeability_2,likeability_3,likeability_4,likeability_5,likeability_6,likeability_7
1,prochain,-1.0385564292741052,fil,lire,lecture,actualité,news,prochainement,sur,prochain,-0.04040217991788969,-0.011490296905085226,-0.09845088626130014,-0.09504121070549154,-0.032050850847209794,-0.16418230052720217,0.07543884129365219,0.3275395333766937,0.40096017718315125,0.41176900267601013,0.4259214997291565,0.45441877841949463,0.47812631726264954,0.5494552254676819
2,aucun,-1.032049848156698,fil,lire,publier,aucun,lecture,lundi,jeudi,janvier,-0.12892249687018326,-0.11244926479100784,0.1531051184065345,-0.2133460579268675,0.09726849587419376,0.11898214519021802,-0.24828391816637724,0.3275395333766937,0.3980273902416229,0.4794452488422394,0.46015098690986633,0.49984365701675415,0.6701022982597351,0.49910929799079895
3,radio,-0.9504104776602849,fil,antonin,lire,antenne,inter,radio,écouter,baptiste,0.07376932159033237,-0.0134414567081294,0.04283357571901889,-0.02295495063710798,0.13062314383280577,-0.0392027226785948,-0.09707603691974906,0.5538086295127869,0.3439611792564392,0.40093645453453064,0.3895300030708313,0.7620712518692017,0.3616773188114166,0.3792324662208557
