num_path,best_word,q-value,cue,step_1,step_2,step_3,step_4,step_5,step_6,step_7,similarity_1,similarity_2,similarity_3,similarity_4,similarity_5,similarity_6,similarity_7,likeability_1,likeability_2,likeability_3,likeability_4,likeability_5,likeability_6,likeability_7
1,connaissance,-1.1137420425627444,rôle,contexte,différent,évidence,aborder,approfondir,connaissance,impliquer,-0.003948155573247417,-0.2720297027517802,-0.013794914201486846,-0.07513481528187882,-0.19036986217574137,0.002777439818925212,-0.1896069401485142,0.452422559261322,0.5394265651702881,0.594070315361023,0.6005411744117737,0.6046697497367859,0.609277606010437,0.6300670504570007
2,évidence,-1.1634414195248144,rôle,évidence,analyser,notion,agir,montrer,déterminant,abord,0.006215572977465639,-0.26047869091320797,-0.12370310613327076,-0.13983348760849468,-0.1754380329951165,-0.044707081222944145,-0.25265900922850376,0.42641347646713257,0.5381103754043579,0.5586181879043579,0.6045913100242615,0.6384968757629395,0.6304587125778198,0.6103017330169678
3,agir,-1.0233523777487539,rôle,implication,concret,évidence,aborder,insister,précisément,agir,0.0508387612847939,-0.017659462750958393,-0.20408594583779824,-0.15493934172783924,0.0092308908154589,-0.07832097195912392,0.10477744393169752,0.5232897400856018,0.500028669834137,0.562886655330658,0.5824728608131409,0.6084054112434387,0.5970553159713745,0.6768758893013
