num_path,best_word,q-value,cue,step_1,step_2,step_3,step_4,step_5,step_6,step_7,similarity_1,similarity_2,similarity_3,similarity_4,similarity_5,similarity_6,similarity_7,likeability_1,likeability_2,likeability_3,likeability_4,likeability_5,likeability_6,likeability_7
1,droite,-1.0185312491346274,gauche,clivage,ségolène,droite,militant,ump,militer,socialiste,0.040826434774205,-0.07221498887297303,0.060657710777102636,-0.10349798287766114,-0.10534667526846853,-0.11738575920278793,0.030908277497446207,0.470751017332077,0.445516437292099,0.6590007543563843,0.47974133491516113,0.5241981148719788,0.521196186542511,0.723625659942627
2,communisme,-1.184368170246327,gauche,communiste,partisan,lcr,communisme,révolutionnaire,révolution,militant,-0.15873167930358675,-0.13672951198103975,-0.12127011898990774,0.013544871943588416,-0.363507689562177,-0.2408988526708887,-0.08764460816762203,0.44097959995269775,0.48122143745422363,0.5424134135246277,0.5296562910079956,0.6100875735282898,0.5386454463005066,0.6014941334724426
3,gauche,-1.1537371797423002,gauche,marie-george,bové,militant,droite,bayrou,pcf,centriste,-0.03271697032547076,-0.28095674445753044,-0.06471379262514348,-0.08249919026520001,-0.18813989523737235,-0.19892691564047896,-0.09412912766030518,0.43857309222221375,0.45588216185569763,0.47939983010292053,0.5119482278823853,0.4971740245819092,0.5287684798240662,0.5753628611564636
