num_path,best_word,q-value,cue,step_1,step_2,step_3,step_4,step_5,step_6,step_7,similarity_1,similarity_2,similarity_3,similarity_4,similarity_5,similarity_6,similarity_7,likeability_1,likeability_2,likeability_3,likeability_4,likeability_5,likeability_6,likeability_7
1,maintenance,-0.5306183872631816,machine,automatisation,automatisme,automatiser,outil,supervision,maintenance,optimisation,0.21882868055756594,0.28532507078098845,0.35925087716942694,0.280207797945377,0.32529723957140955,0.3727248505210248,0.3318768096382996,0.3799212872982025,0.4789087176322937,0.5826904773712158,0.4714932441711426,0.5357732772827148,0.6009792685508728,0.5449607372283936
2,utilisateur,-0.5199008042395361,machine,automatique,automatiser,outil,fonctionnalité,interface,donnée,utilisateur,0.2102960616463479,0.2965721541033417,0.276592809584284,0.33627421793353274,0.3689534299532234,0.3352536121018155,0.40315695597977386,0.3667808473110199,0.49509620666503906,0.4662354290485382,0.5510749816894531,0.5958784222602844,0.5496577620506287,0.6416354775428772
3,assemblage,-0.5536629841639988,machine,usinage,mécanique,assemblage,assembler,prototype,fabriquer,concevoir,0.25669006377709297,0.298777514346243,0.3425309155810232,0.30666311873292496,0.2595215407984319,0.3055989379488899,0.28850625049539946,0.4369944632053375,0.4982527196407318,0.55973881483078,0.5094929933547974,0.4411852955818176,0.5079802870750427,0.483502596616745
