num_path,best_word,q-value,cue,step_1,step_2,step_3,step_4,step_5,step_6,step_7,similarity_1,similarity_2,similarity_3,similarity_4,similarity_5,similarity_6,similarity_7,likeability_1,likeability_2,likeability_3,likeability_4,likeability_5,likeability_6,likeability_7
1,ciel,-0.9540903925777007,horizon,surgir,brume,nuage,ombre,lumière,soleil,ciel,-0.0012214343602073713,-0.02796892535326967,-0.2573935983055294,0.07711814433499098,0.028657556178151244,0.08051036992269858,0.15644918719466167,0.36247149109840393,0.47701606154441833,0.529525637626648,0.586456835269928,0.5345204472541809,0.5768497586250305,0.7070693969726562
2,mais,-1.0969253611174246,horizon,loin,encore,passer,mais,on,alors,aller,0.03065644881149951,0.09934040866386781,-0.2980168612626851,0.2816685738098982,-0.21332678664134702,-0.4902551962760376,-0.06809013019231752,0.40963900089263916,0.5700125098228455,0.6246337294578552,0.7232335209846497,0.7237365245819092,0.7469780445098877,0.7606656551361084
3,horizon,-1.2465687335874092,horizon,aujourd'hui,nous,sembler,comme,puisque,évidemment,surtout,-0.10433446703837407,-0.04220815050432114,-0.07225496445499432,-0.3992636844571012,-0.19486400706804347,-0.22540109647771528,-0.3679140354364969,0.36049529910087585,0.5241055488586426,0.5845986604690552,0.6504005789756775,0.6905219554901123,0.7299467921257019,0.735918402671814
