num_path,best_word,q-value,cue,step_1,step_2,step_3,step_4,step_5,step_6,step_7,similarity_1,similarity_2,similarity_3,similarity_4,similarity_5,similarity_6,similarity_7,likeability_1,likeability_2,likeability_3,likeability_4,likeability_5,likeability_6,likeability_7
1,baiser,-1.1121562288501903,lèvre,larme,tendresse,frisson,doucement,doux,amour,baiser,-0.19695201761170472,-0.22597753012022442,-0.1195649775315685,-0.3240982948647641,-0.06328030316665448,0.01671624781411793,0.17897899372984688,0.41818204522132874,0.5159527063369751,0.5356043577194214,0.5340439081192017,0.5468178391456604,0.5628662705421448,0.6871398687362671
2,peau,-0.9322985435258657,lèvre,nez,pâle,visage,cheveux,reflet,ongle,peau,0.1683567576198716,-0.1920101748544486,0.17549163565556603,0.1178770394740103,-0.026102801807936366,-0.3036193999065365,0.22511748869014453,0.5130112171173096,0.46098583936691284,0.5667101740837097,0.5967073440551758,0.4860697388648987,0.4995284676551819,0.5695862770080566
3,lèvre,-1.1095086057188814,lèvre,larme,couler,crier,doucement,rire,jamais,embrasser,-0.0400616453690568,-0.18994752680776844,-0.18192868070336443,-0.12312039561233162,-0.0038311681614038905,-0.17569600528164736,-0.0063543441588350125,0.41818204522132874,0.5007236003875732,0.494282066822052,0.5632715821266174,0.5360662341117859,0.5517862439155579,0.5790780782699585
