num_path,best_word,q-value,cue,step_1,step_2,step_3,step_4,step_5,step_6,step_7,similarity_1,similarity_2,similarity_3,similarity_4,similarity_5,similarity_6,similarity_7,likeability_1,likeability_2,likeability_3,likeability_4,likeability_5,likeability_6,likeability_7
1,yeux,-0.9986694795747277,jambe,cou,serrer,caresser,yeux,soudain,main,allonger,-0.08704914032211244,0.056488561460623976,-0.019311918273535483,0.09982804508472216,0.0029025641291050043,-0.01230585683034588,-0.20729639062209645,0.565509557723999,0.541199266910553,0.5560160279273987,0.5988641977310181,0.5942235589027405,0.607814610004425,0.5761126279830933
2,allonger,-1.0997556442738745,jambe,debout,cou,tordre,doigt,allonger,patte,main,-0.03829325178836765,-0.2785749709889214,-0.010817118208557103,-0.13827855561551153,0.1717801134043655,-0.007422846113027903,-0.3705683295593527,0.4942375719547272,0.509615957736969,0.5094751119613647,0.5745057463645935,0.5763190388679504,0.5419654846191406,0.5940942764282227
3,jambe,-1.1251637342332153,jambe,tête,tordre,derrière,soudain,trembler,approcher,redresser,-0.06335327119267661,-0.11055453602109981,-0.0818109794290845,-0.0010006883561920754,-0.23402227207781576,-0.19307258104839892,-0.11540108054080869,0.5080479383468628,0.5380169749259949,0.5413929224014282,0.5720734596252441,0.5790471434593201,0.5792813301086426,0.5882468819618225
