num_path,best_word,q-value,cue,step_1,step_2,step_3,step_4,step_5,step_6,step_7,similarity_1,similarity_2,similarity_3,similarity_4,similarity_5,similarity_6,similarity_7,likeability_1,likeability_2,likeability_3,likeability_4,likeability_5,likeability_6,likeability_7
1,étage,-1.2031288869705856,chambre,privatif,aménager,placard,parking,rénover,maison,étage,-0.19442158398359782,-0.18745447710363444,-0.29103017269210996,-0.3145543763167311,-0.13863719169290362,-0.12438161323487497,0.061438242670923945,0.4225786030292511,0.49869924783706665,0.497015118598938,0.5258240103721619,0.5350140929222107,0.5315396785736084,0.6525557637214661
2,wc,-0.9774327370504471,chambre,appartement,maison,wc,villa,privatif,équiper,louer,-0.15840828164951665,0.19971224732031656,0.21167377805978022,-0.14115883960735365,-0.27696051460525967,-0.03857902759790313,0.14316021532770096,0.41274043917655945,0.5262606739997864,0.5557031035423279,0.5888996720314026,0.544781506061554,0.5435968637466431,0.6132219433784485
3,cheminée,-1.0626122351289873,chambre,étage,aménager,sous-sol,rez-de-chaussée,cheminée,maison,parking,-0.040753003864145265,-0.07532853084191296,-0.12765017875270226,0.11178300046559042,0.11788491176802537,-0.16046057471527772,-0.3119335372045144,0.41878649592399597,0.5063212513923645,0.5097206830978394,0.748832643032074,0.579784095287323,0.5335767269134521,0.5500931143760681
