num_path,best_word,q-value,cue,step_1,step_2,step_3,step_4,step_5,step_6,step_7,similarity_1,similarity_2,similarity_3,similarity_4,similarity_5,similarity_6,similarity_7,likeability_1,likeability_2,likeability_3,likeability_4,likeability_5,likeability_6,likeability_7
1,tante,-0.9181018951725755,soeur,grand-mère,garçon,frère,tante,papa,grandir,père,-0.26497011049042124,-0.057607292733650506,0.14979679817961639,0.2529402836383876,0.009129227580296245,-0.04455839471584773,0.1913632751787417,0.5418244004249573,0.5601597428321838,0.6609992980957031,0.7236495614051819,0.5317602753639221,0.5344411134719849,0.7391315698623657
2,il,-1.1506712801004852,soeur,elle,il,seul,faire,enfin,car,jamais,0.020938962986512988,0.21586095346538628,-0.05379419624129214,-0.4124495584367909,-0.22033946642289703,-0.19491733939971934,-0.2820524939536265,0.46319636702537537,0.5433560609817505,0.633596658706665,0.6924774050712585,0.7143698334693909,0.7268821597099304,0.7494416236877441
3,grand-mère,-1.0882799609748322,soeur,grand-père,naître,garçon,père,papa,mourir,grand-mère,-0.135538922793856,-0.22335713903306287,-0.06097820283494659,0.0930562741652213,-0.12337508289333737,-0.30809723849073445,0.14349376950655524,0.4962676763534546,0.49422112107276917,0.5230376720428467,0.7472196817398071,0.5405814051628113,0.5410457849502563,0.6854778528213501
