num_path,best_word,q-value,cue,step_1,step_2,step_3,step_4,step_5,step_6,step_7,similarity_1,similarity_2,similarity_3,similarity_4,similarity_5,similarity_6,similarity_7,likeability_1,likeability_2,likeability_3,likeability_4,likeability_5,likeability_6,likeability_7
1,feuillage,-1.1125089736160092,rose,fleur,bleu,floral,parfum,floraison,épanouir,feuillage,0.09366392241915722,-0.20720216884304485,-0.29151193276785925,-0.19025898938384533,-0.1975046049575978,-0.04705629721805332,0.10392846517119772,0.6110442876815796,0.43278688192367554,0.5306195020675659,0.4553438127040863,0.4560926854610443,0.46255531907081604,0.6621083617210388
2,pâle,-0.9771082303080364,rose,pâle,feuillage,parfumer,blanc,floraison,oranger,foncer,0.15561208567142093,-0.27429321207973273,0.0003476204263346272,0.01988043894655886,-0.11461301117456815,0.09342023776782024,0.06070795140198379,0.5109511017799377,0.49973025918006897,0.47670063376426697,0.5101122260093689,0.508631706237793,0.6773721575737,0.5809374451637268
3,oranger,-1.1441081818264291,rose,oranger,teinte,noir,sombre,teinter,clair,brun,0.1455596742265416,0.022529224803980258,-0.2527777893530812,-0.23883121831446075,-0.22925506982307386,-0.05573980495904131,-0.28542266321300974,0.5082343220710754,0.4809209108352661,0.48743364214897156,0.528276264667511,0.5056017637252808,0.5124574899673462,0.6332435011863708
