num_path,best_word,q-value,cue,step_1,step_2,step_3,step_4,step_5,step_6,step_7,similarity_1,similarity_2,similarity_3,similarity_4,similarity_5,similarity_6,similarity_7,likeability_1,likeability_2,likeability_3,likeability_4,likeability_5,likeability_6,likeability_7
1,mardi,-1.1013385420642858,page,février,jeudi,dimanche,samedi,soir,mars,mardi,-0.2033316779410425,-0.21534833267232623,-0.18416647003813832,0.06290751376634786,-0.1263010276273845,-0.23731704604009426,0.2234675927312083,0.33240020275115967,0.4081471860408783,0.6080804467201233,0.7926124930381775,0.4942127466201782,0.5970495343208313,0.8152246475219727
2,novembre,-1.0732603681020505,page,navigation,novembre,déc,semain,à,rapide,le,0.040520742614232726,0.051922165488142234,0.013160441528703465,-0.16805079709247767,-0.3154887809296957,-0.03783563253808678,-0.12392671708107196,0.5064696669578552,0.392255574464798,0.3766973912715912,0.42360156774520874,0.5308992266654968,0.3917083144187927,0.4024997055530548
3,août,-1.004600823719959,page,juin,archives,rapide,avril,semain,août,janv,-0.0741916104052673,-0.11198271777563641,-0.031416341522596286,0.028117297961311558,0.008675661973813364,0.07887922431723265,-0.09448237064865364,0.3170905113220215,0.39044293761253357,0.38226819038391113,0.5913102030754089,0.42674657702445984,0.7800663709640503,0.4227410852909088
