num_path,best_word,q-value,cue,step_1,step_2,step_3,step_4,step_5,step_6,step_7,similarity_1,similarity_2,similarity_3,similarity_4,similarity_5,similarity_6,similarity_7,likeability_1,likeability_2,likeability_3,likeability_4,likeability_5,likeability_6,likeability_7
1,mourir,-1.04718285409684,faim,ventre,mourir,jamais,mort,sentir,mais,horrible,-0.011767201646557507,0.0511742548687508,-0.01663823361206504,-0.0904916604491503,0.03350749246803331,-0.32967707471424446,-0.04541858489896694,0.323770135641098,0.4633510410785675,0.466678649187088,0.5575242638587952,0.5792070031166077,0.5876857042312622,0.642757773399353
2,manger,-1.0607899190820078,faim,manger,goûter,goût,soif,gourmand,avaler,appétit,0.15921567668505326,-0.1883354485165821,-0.06175995561636158,-0.34166962897104947,-0.04151585002362679,-0.060025526056760564,0.056744399589288314,0.523762583732605,0.45451846718788147,0.4802153408527374,0.573728084564209,0.5025049448013306,0.509659469127655,0.6611028909683228
3,soif,-1.076457043744126,faim,ventre,soif,réveiller,mourir,avaler,jamais,dormir,-0.036029389682252326,0.016359062119458256,-0.21757539802650883,0.016262149333235332,-0.15789946227730256,-0.08955277742247647,-0.08724614026478439,0.323770135641098,0.5808879733085632,0.42649805545806885,0.5162383913993835,0.5352990031242371,0.5254862904548645,0.5956627130508423
