num_path,best_word,q-value,cue,step_1,step_2,step_3,step_4,step_5,step_6,step_7,similarity_1,similarity_2,similarity_3,similarity_4,similarity_5,similarity_6,similarity_7,likeability_1,likeability_2,likeability_3,likeability_4,likeability_5,likeability_6,likeability_7
1,commencer,-0.9796515895277584,début,déjà,commencer,qui,même,maintenant,ce,toujours,-0.032981673967761374,0.20243788866738227,-0.026398898796577697,-0.16535488840272594,-0.12585651579880017,0.08647588528587052,-0.00997648212617988,0.5094360113143921,0.7091102004051208,0.6396744847297668,0.7033573389053345,0.7320466041564941,0.794376790523529,0.7465711236000061
2,commencer,-1.0624706508179016,début,quelque,commencer,premier,être,dès,qui,fin,-0.13066093013506824,0.121137919413575,-0.05689038995781149,-0.10038318922813433,-0.3839196736929231,0.08690045003916266,-0.021934178028308465,0.48121878504753113,0.7049598693847656,0.6156294941902161,0.6636708974838257,0.6736024022102356,0.7128313183784485,0.7083091139793396
3,dernier,-0.8838900683881888,début,mois,le,dernier,après,durant,débuter,deux,0.010551641070781631,-0.13394880274437576,0.32094555642336126,0.057607697043541434,0.09970090733884052,-0.018423506903364525,0.07071942833027164,0.5059798955917358,0.5204187035560608,0.7087692022323608,0.752017080783844,0.6865410208702087,0.6378873586654663,0.6418573260307312
