num_path,best_word,q-value,cue,step_1,step_2,step_3,step_4,step_5,step_6,step_7,similarity_1,similarity_2,similarity_3,similarity_4,similarity_5,similarity_6,similarity_7,likeability_1,likeability_2,likeability_3,likeability_4,likeability_5,likeability_6,likeability_7
1,conséquence,-1.025483850375897,masse,concentration,conséquent,résulter,constater,conséquence,nécessairement,celui-ci,-0.07963038979879657,-0.08741861087378014,-0.189519489702013,-0.10726579240828797,0.24687936327337076,0.01669433663442202,-0.10055540650439901,0.37012770771980286,0.41565701365470886,0.494705468416214,0.5557448267936707,0.652347981929779,0.583719789981842,0.613266110420227
2,masse,-1.1205028554241336,masse,concentration,équilibre,égal,diminuer,correspondre,total,maximal,-0.060252429045285466,-0.2228375564706975,-0.02906327481109909,-0.213148619393372,-0.045242511754426284,-0.15854306465686113,-0.04682355848892714,0.37012770771980286,0.4187115728855133,0.4456545412540436,0.4762939512729645,0.5297574996948242,0.5472750663757324,0.5433349609375
3,forme,-1.0920046893693092,masse,caractériser,forme,un,sorte,se,manière,autre,-0.016674629087878097,0.07343173095263844,0.0036778575628372973,-0.22601618966739603,-0.18249647777520617,-0.2568395428463671,-0.028502933485173826,0.37162792682647705,0.5377853512763977,0.5352659821510315,0.5942205786705017,0.6344596743583679,0.6658578515052795,0.6742129921913147
