num_path,best_word,q-value,cue,step_1,step_2,step_3,step_4,step_5,step_6,step_7,similarity_1,similarity_2,similarity_3,similarity_4,similarity_5,similarity_6,similarity_7,likeability_1,likeability_2,likeability_3,likeability_4,likeability_5,likeability_6,likeability_7
1,mais,-1.1023561203254828,habitude,mais,aussi,chose,surtout,rien,vrai,là,0.11261930760832256,-0.04175970665353737,-0.22505573880598018,0.08108672433317457,-0.4344741234836563,-0.012905845753706319,-0.1646879563720305,0.5867007374763489,0.7141027450561523,0.7327263355255127,0.811180055141449,0.7618470191955566,0.7651838064193726,0.7943268418312073
2,car,-1.2447065279556766,habitude,car,faire,donc,penser,dire,lui,jamais,0.020576069931825203,-0.02954338569557379,-0.1889632176745385,-0.23456425144414475,-0.28342641148059616,-0.34113702583962846,-0.3398711550757265,0.529110312461853,0.6871682405471802,0.7387980818748474,0.7500017285346985,0.7611676454544067,0.7679903507232666,0.788423478603363
3,pas,-1.267686003469278,habitude,forcément,peut-être,rien,justement,plutôt,évidemment,pas,-0.20375995253557513,-0.08283240810247702,-0.4275994562714988,-0.36919355241823204,-0.3974844708483405,-0.2670404134774426,0.2360834988071761,0.5387632250785828,0.6495239734649658,0.730160653591156,0.7442688345909119,0.7455992102622986,0.7575716972351074,0.8169440031051636
