num_path,best_word,q-value,cue,step_1,step_2,step_3,step_4,step_5,step_6,step_7,similarity_1,similarity_2,similarity_3,similarity_4,similarity_5,similarity_6,similarity_7,likeability_1,likeability_2,likeability_3,likeability_4,likeability_5,likeability_6,likeability_7
1,insister,-0.4758535789726097,rapport,conclusion,préconiser,aboutir,nécessité,clairement,examiner,insister,0.318092020705808,0.2863568705165564,0.3389071903362748,0.3557417153689244,0.3564558412831076,0.3758073584180721,0.41597437100820756,0.5256576538085938,0.48040005564689636,0.5547260046005249,0.577897310256958,0.5788737535476685,0.6051379442214966,0.6584998965263367
2,commission,-0.44864577968089897,rapport,rapporteur,sénat,amendement,adopter,examiner,commission,proposition,0.2621833161763909,0.3248709106693475,0.4049079097050374,0.42374944362702816,0.3306654622329752,0.4314735881504135,0.40552373353431226,0.44511550664901733,0.5351763367652893,0.6439481377601624,0.668657660484314,0.5432727932929993,0.6786959171295166,0.6447608470916748
3,proposition,-0.46355419065558545,rapport,commission,consultatif,conseil,examiner,présider,proposition,siéger,0.3044649853651322,0.3171350208916721,0.36655190061811704,0.3755890567693114,0.37200469303935507,0.412774448059259,0.36031220447922574,0.5063669681549072,0.5243097543716431,0.5926229953765869,0.6048437356948853,0.6000063419342041,0.6543036103248596,0.5841376781463623
