num_path,best_word,q-value,cue,step_1,step_2,step_3,step_4,step_5,step_6,step_7,similarity_1,similarity_2,similarity_3,similarity_4,similarity_5,similarity_6,similarity_7,likeability_1,likeability_2,likeability_3,likeability_4,likeability_5,likeability_6,likeability_7
1,conscience,-1.194479547905387,sens,conscience,appréhension,perception,signification,conceptuel,compréhension,concept,0.011678662681655613,-0.06089736980390237,-0.2350246922810303,-0.30434541109329855,-0.13346459118252893,-0.3014977126153886,-0.12224336273244052,0.4884238541126251,0.5290003418922424,0.5744332075119019,0.5307130217552185,0.5442469716072083,0.5703426599502563,0.5783742070198059
2,sens,-1.3594485197068953,sens,sorte,supposer,agir,autre,façon,aussi,lequel,-0.13039414252922615,-0.3529637954188736,-0.17651823926885135,-0.2654688125115217,-0.07328452561201454,-0.3749061924482292,-0.5971036282457597,0.4894730746746063,0.622480571269989,0.6751663088798523,0.666441023349762,0.7099579572677612,0.7120832204818726,0.7272108793258667
3,abstraction,-1.1291810829428557,sens,notion,analogie,abstraction,singularité,formel,supposer,évidence,-0.08345113392200998,-0.13362190954288347,0.05267185863028087,-0.15275922699954458,-0.12836844386609428,-0.36179827457774666,-0.011975021936279216,0.4918088912963867,0.5540820956230164,0.5690535306930542,0.5605396628379822,0.6153430938720703,0.6157635450363159,0.6241066455841064
