num_path,best_word,q-value,cue,step_1,step_2,step_3,step_4,step_5,step_6,step_7,similarity_1,similarity_2,similarity_3,similarity_4,similarity_5,similarity_6,similarity_7,likeability_1,likeability_2,likeability_3,likeability_4,likeability_5,likeability_6,likeability_7
1,cela,-1.083726464329514,genre,vraiment,cela,pareil,penser,sinon,me,mal,0.003777763172961173,0.23613537755147204,-0.46519060275952556,0.21819242705048775,-0.3947686917723424,-0.13785599039218904,-0.052319341998433966,0.5477221012115479,0.7426860928535461,0.7292571663856506,0.7893064618110657,0.790536105632782,0.7445692420005798,0.7517707347869873
2,on,-1.0722900720241877,genre,sinon,quoi,alors,pas,là,toujours,on,-0.14763881214651,-0.27906257106658094,-0.45590224827489845,0.11553647418067006,-0.012974876390212303,-0.033110797168443756,0.27830573324503793,0.5110874772071838,0.670810878276825,0.7001886367797852,0.8248798251152039,0.7866221070289612,0.7647982835769653,0.8051303625106812
3,assez,-1.1530862268712503,genre,carrément,pas,plutôt,assez,franchement,certainement,peut-être,-0.1571685147262446,-0.03929944506923409,-0.51568963280086,0.27710042285136516,0.0813201365985558,-0.3313196438611432,-0.2537711948486905,0.5226333737373352,0.5999549031257629,0.7083389163017273,0.7714380025863647,0.7252742052078247,0.7213330864906311,0.7296047806739807
