num_path,best_word,q-value,cue,step_1,step_2,step_3,step_4,step_5,step_6,step_7,similarity_1,similarity_2,similarity_3,similarity_4,similarity_5,similarity_6,similarity_7,likeability_1,likeability_2,likeability_3,likeability_4,likeability_5,likeability_6,likeability_7
1,éclairage,-0.9498545532373834,flamme,feux,extinction,lumière,projecteur,éclairage,led,lampe,-0.04857280834245797,-0.17262416284838822,0.10947124709221792,-0.023472646066523745,0.15118571468736366,0.023068949985484366,0.03827420180538729,0.4628482460975647,0.3947688937187195,0.38614052534103394,0.41637542843818665,0.5670840740203857,0.47771552205085754,0.6096150279045105
2,brûler,-1.0548442833298173,flamme,fumée,brûler,souffler,lentement,lueur,obscurité,apercevoir,-0.1788433045263302,0.07152631659033382,-0.1451251655408296,-0.007047014615130239,0.03384559329311573,-0.05237964172849241,-0.16959493762175337,0.5089382529258728,0.6605232954025269,0.4293234348297119,0.4598805904388428,0.5699319243431091,0.510404109954834,0.5175771713256836
3,jaillir,-0.9881635178556871,flamme,âme,jaillir,résonner,cri,lueur,crier,obscurité,0.054774913742742154,0.1609735843782825,-0.18501915736974126,-0.024183098836965074,0.11568587945339204,-0.19788936763642073,-0.038557080509725006,0.38804081082344055,0.5760505795478821,0.5217705368995667,0.5252376794815063,0.6526511311531067,0.56309574842453,0.5729745626449585
