num_path,best_word,q-value,cue,step_1,step_2,step_3,step_4,step_5,step_6,step_7,similarity_1,similarity_2,similarity_3,similarity_4,similarity_5,similarity_6,similarity_7,likeability_1,likeability_2,likeability_3,likeability_4,likeability_5,likeability_6,likeability_7
1,frère,-1.0144554799772083,oncle,assassiner,soeur,amie,aîné,jaloux,frère,venger,0.003506772558619059,-0.14488516532574297,0.0005526104447714231,-0.16981526383812276,-0.041374671679564184,0.22596555961126202,-0.11962397915726466,0.3970288932323456,0.5021036267280579,0.5166285634040833,0.5674386620521545,0.5156456828117371,0.7646739482879639,0.5925189256668091
2,grand-père,-1.0456835575962462,oncle,surnommer,assassiner,fils,exiler,grand-père,natal,célèbre,-0.10497438597278298,-0.05023117578861297,6.770889747206854e-05,-0.1048195514493919,0.0920958774951563,-0.05697318413009139,-0.17697981453298056,0.3801766037940979,0.47733455896377563,0.5723559260368347,0.5388569235801697,0.6578749418258667,0.5488378405570984,0.521262526512146
3,mari,-1.060751733807198,oncle,enfuir,épouse,amant,assassiner,fille,mari,garçon,-0.008309334437455379,-0.21872811844901674,-0.09238001856939912,-0.32473980161936294,0.04471776587778464,0.1607161581023991,-0.03843205744093914,0.3765116035938263,0.5343381762504578,0.5474742650985718,0.5663377642631531,0.5611376166343689,0.7548204064369202,0.5527624487876892
