num_path,best_word,q-value,cue,step_1,step_2,step_3,step_4,step_5,step_6,step_7,similarity_1,similarity_2,similarity_3,similarity_4,similarity_5,similarity_6,similarity_7,likeability_1,likeability_2,likeability_3,likeability_4,likeability_5,likeability_6,likeability_7
1,capitale,-0.977401803634365,nord,province,district,habitant,nord-ouest,territoire,capitale,ouest,-0.011964096536507679,-0.03263722449797726,-0.1776783481729754,0.03165683115457943,-0.030020571415302955,0.14581466396036497,0.014422989835993667,0.4036300480365753,0.4136635363101959,0.4848320484161377,0.6203233003616333,0.4635631740093231,0.5898457765579224,0.6673318147659302
2,nord,-1.1440812409563759,nord,traverser,relier,prolongement,étendre,tracer,entre,emprunter,-0.25234086929831057,-0.11709424288194245,-0.1257668491803107,-0.21618645534320677,-0.14026338010405234,-0.00026385519106611466,-0.0418872902829906,0.4271966218948364,0.47897425293922424,0.4945225417613983,0.49546024203300476,0.50236976146698,0.5096720457077026,0.5277565717697144
3,sud-est,-0.9733357803030167,nord,province,sud-est,localité,pays,méridional,frontière,péninsule,-0.03369222843865097,0.06986176504594735,-0.13654947993199004,-0.007780072497662625,0.052641351524531727,-0.02217749088361834,0.03762051616635982,0.4036300480365753,0.5817917585372925,0.43327632546424866,0.4456634819507599,0.5498002767562866,0.4574294090270996,0.507371723651886
