num_path,best_word,q-value,cue,step_1,step_2,step_3,step_4,step_5,step_6,step_7,similarity_1,similarity_2,similarity_3,similarity_4,similarity_5,similarity_6,similarity_7,likeability_1,likeability_2,likeability_3,likeability_4,likeability_5,likeability_6,likeability_7
1,admirer,-1.0824246428089963,colline,mont,grandiose,longer,environnant,plain,admirer,entourer,-0.16610225295948094,-0.07689133636674263,-0.037599306301967755,-0.31416631743910317,-0.05303850327002982,0.08278760252009257,-0.02050983772774994,0.4763936400413513,0.4687495827674866,0.5395879745483398,0.5351831912994385,0.5902387499809265,0.5602202415466309,0.5658882856369019
2,flanc,-0.9172926132205135,colline,ruine,longer,flanc,fortifier,vestige,vallée,château,-0.03844809834940639,-0.0028534984744269243,0.22046626256805524,0.006093514897885198,0.15587468931021983,-0.13353468984152184,0.03254201628662756,0.49221071600914,0.5533825755119324,0.6204148530960083,0.5550111532211304,0.6716505885124207,0.5703114867210388,0.5726869106292725
3,village,-1.0343133415326373,colline,paisible,baigner,ruelle,village,magnifique,admirer,somptueux,0.029615638871535538,-0.1432982781775773,-0.05839674173711486,0.12767860196309028,-0.026134303318081614,0.08649598527627214,-0.3609243480413105,0.5073326230049133,0.5139831900596619,0.5390976667404175,0.6223599314689636,0.5356997847557068,0.651284396648407,0.5682095885276794
