num_path,best_word,q-value,cue,step_1,step_2,step_3,step_4,step_5,step_6,step_7,similarity_1,similarity_2,similarity_3,similarity_4,similarity_5,similarity_6,similarity_7,likeability_1,likeability_2,likeability_3,likeability_4,likeability_5,likeability_6,likeability_7
1,un,-1.1871153693548926,appel,retenir,un,dont,se,autre,celui-ci,plusieurs,0.04058753989309801,0.08956227716084217,0.03422041941285649,-0.15259215312836882,-0.34656059649821425,-0.39332676983775244,-0.3808643012769241,0.3784009516239166,0.456462025642395,0.6095252633094788,0.6395180225372314,0.6853556036949158,0.7070989608764648,0.6972665190696716
2,référé,-1.176324060180126,appel,décision,commission,contentieux,cour,notifier,référé,grief,-0.0013502015948373275,-0.29207847978168044,-0.1422431405578179,-0.1440555280579405,-0.2535599622765399,0.00840876326059245,-0.23013848939240564,0.35584598779678345,0.46854978799819946,0.4741436243057251,0.5129000544548035,0.5184115767478943,0.570077657699585,0.54615318775177
3,procès,-0.9671719386640661,appel,jugement,condamner,contester,instance,tribunal,procès,juger,-0.09436862664945993,0.04654476952074241,-0.12321698196670994,-0.06750070991387991,0.023037479230484315,0.16138578017879987,0.044861858779692294,0.3616175651550293,0.45114579796791077,0.5074527859687805,0.5293920636177063,0.7512636184692383,0.5784282088279724,0.6797208189964294
