num_path,best_word,q-value,cue,step_1,step_2,step_3,step_4,step_5,step_6,step_7,similarity_1,similarity_2,similarity_3,similarity_4,similarity_5,similarity_6,similarity_7,likeability_1,likeability_2,likeability_3,likeability_4,likeability_5,likeability_6,likeability_7
1,ne,-0.9692900603889153,position,clairement,donc,ne,puisque,on,encore,toujours,-0.13852219167318905,-0.10426780201081372,0.15599079727353737,0.07727286378552266,-0.022829721757663235,-0.0918818073639876,0.10439082230201652,0.37840989232063293,0.49526843428611755,0.6695802807807922,0.7610722184181213,0.6955878138542175,0.7182527780532837,0.7546645402908325
2,position,-1.1580306167419536,position,deux,qui,donc,faire,pouvoir,pour,mais,-0.1987739890892734,-0.08632288152935264,-0.16370996982617098,-0.003389802196439501,-0.16236729145601037,-0.05289240717125521,-0.29609347994126667,0.35725221037864685,0.522693932056427,0.6405349969863892,0.6924151182174683,0.7409970164299011,0.7355643510818481,0.755330502986908
3,puisque,-1.1018588167044694,position,point,clairement,puisque,précisément,évident,néanmoins,celui,-0.05520963546596286,-0.18238142404159466,0.08828352836741538,-0.1548009985812246,-0.16118046024590507,-0.03423303649199019,-0.1831687945630851,0.37611645460128784,0.437191903591156,0.5611651539802551,0.6050918698310852,0.645257294178009,0.6484742164611816,0.6853642463684082
