num_path,best_word,q-value,cue,step_1,step_2,step_3,step_4,step_5,step_6,step_7,similarity_1,similarity_2,similarity_3,similarity_4,similarity_5,similarity_6,similarity_7,likeability_1,likeability_2,likeability_3,likeability_4,likeability_5,likeability_6,likeability_7
1,scolaire,-1.1216157028611948,école,scolariser,enseignant,scolaire,maternel,rentrée,instituteur,enseigner,-0.0026920803281893085,-0.23329691537050157,0.03103501632703802,-0.26355879192765097,-0.09897754089576541,-0.013523352417219775,-0.20046158719368526,0.5038209557533264,0.5394860506057739,0.7653170824050903,0.5446668267250061,0.5474681854248047,0.5520981550216675,0.5081838965415955
2,parent,-1.1218351456698685,école,rentrée,instituteur,scolarisation,enfant,parent,collégien,enfance,-0.20288890418001698,-0.06039927795529605,-0.25504859747731684,0.012082155463283117,0.08057809725850895,-0.23669529268059386,-0.12020064627791141,0.4772006571292877,0.46575927734375,0.4711747169494629,0.48212435841560364,0.6338760256767273,0.4591410756111145,0.48759138584136963
3,école,-1.1350697342563745,école,polytechnique,scolaire,classe,préparatoire,terminale,collégien,professeur,-0.08770326393568084,-0.25372558592640393,-0.10882042686994789,-0.031286124433700976,-0.0798676630119612,-0.10011090953381974,-0.18723143507035828,0.45885592699050903,0.43800216913223267,0.4713473916053772,0.5272912383079529,0.48229044675827026,0.487933486700058,0.5197921395301819
