num_path,best_word,q-value,cue,step_1,step_2,step_3,step_4,step_5,step_6,step_7,similarity_1,similarity_2,similarity_3,similarity_4,similarity_5,similarity_6,similarity_7,likeability_1,likeability_2,likeability_3,likeability_4,likeability_5,likeability_6,likeability_7
1,plante,-1.1501802735757531,arbre,tige,haie,plante,potager,pelouse,graine,planter,-0.17797681733825427,-0.14633326825853976,0.13077962483372052,-0.23676120874706494,-0.26398372504050027,-0.3397289033457075,0.10970619251758101,0.43356403708457947,0.5142218470573425,0.5700721740722656,0.5372940897941589,0.49037429690361023,0.49052515625953674,0.7378951907157898
2,planter,-1.0972843862200072,arbre,branche,racine,tailler,buisson,pousser,planter,arroser,-0.1918271822510223,-0.041117984167976435,-0.24015673853529096,0.003690191136623236,0.011457690055541314,0.03656069522707697,-0.23842534006498797,0.40376266837120056,0.3822759687900543,0.38369783759117126,0.40939441323280334,0.44427183270454407,0.6510185599327087,0.4522162079811096
3,planter,-0.9661057950577793,arbre,arbuste,plant,planter,fleur,buisson,arroser,graine,0.046336266016034966,-0.01224857030810983,0.25005803642400576,-0.0645887646001714,-0.03996656309061428,0.010014989567809843,-0.19353110679785165,0.6716367602348328,0.4916988015174866,0.7746850848197937,0.45782479643821716,0.47885042428970337,0.46986547112464905,0.47257038950920105
