num_path,best_word,q-value,cue,step_1,step_2,step_3,step_4,step_5,step_6,step_7,similarity_1,similarity_2,similarity_3,similarity_4,similarity_5,similarity_6,similarity_7,likeability_1,likeability_2,likeability_3,likeability_4,likeability_5,likeability_6,likeability_7
1,âme,-0.9982529461767444,larme,amour,bonté,gloire,âme,tendresse,émouvoir,amant,-0.015799822280589747,0.02296013706686048,-0.346200142473234,0.22804926212569987,0.059780833064479566,-0.051498197320215655,-0.06195353856672284,0.5143542885780334,0.5213381052017212,0.5641818642616272,0.6959771513938904,0.66596519947052,0.5750246047973633,0.599625825881958
2,pleurer,-1.1233602449016171,larme,hurler,chagrin,affreux,triste,sentir,ennui,pleurer,-0.15775315102101092,-0.1641228611643487,-0.009671279622006278,-0.22333118934882784,-0.16703133221456573,-0.2977387260010304,0.22945057736370375,0.5014756321907043,0.5605579614639282,0.5672863125801086,0.5854284763336182,0.6119034290313721,0.6049216389656067,0.7872423529624939
3,amour,-1.007466711037187,larme,amour,bonté,éternel,désespérer,âme,tendresse,cruel,0.11756785153647953,-0.12474672065011624,-0.19256931754862994,-0.12214175477135351,0.08508055990935684,0.08937956557998616,-0.06330047674165835,0.5143542885780334,0.5213381052017212,0.5892794728279114,0.5655441284179688,0.7400368452072144,0.6713183522224426,0.5687342286109924
